[{"label":"date","field_type":"date","required":true,"field_options":{"description":""},"control":"Basic","id":1048,"cid":"c19"},{"label":"time","field_type":"time","required":true,"field_options":{"description":""},"control":"Basic","id":1052,"cid":"c23"},{"label":"number","field_type":"number","required":true,"field_options":{"description":""},"control":"Basic","id":1050,"cid":"c27"},{"label":"email","field_type":"email","required":true,"field_options":{"description":""},"control":"Basic","id":1049,"cid":"c31"},{"label":"price","field_type":"price","required":true,"field_options":{"description":""},"control":"Basic","id":1051,"cid":"c35"},{"label":"address","field_type":"address","required":true,"field_options":{"description":""},"control":"Basic","id":1047,"cid":"c39"},{"label":"emp","field_type":"employee dropdown","required":true,"field_options":{"options":[{"label":"","checked":false},{"label":"","checked":false}],"description":"","costcentre":["4"],"skillset":["46"]},"className":"fb-background","control":"Custom","id":8,"cid":"c43"},{"label":"emp manager","field_type":"employee's manager dropdown","required":true,"field_options":{"options":[{"label":"","checked":false},{"label":"","checked":false}],"description":"","costcentre":["4"],"skillset":["46"]},"control":"Custom","id":10,"cid":"c47"},{"label":"global parent child","field_type":"sad/qwrt [1034/1035]","required":true,"field_options":{"options":[{"label":"","checked":false},{"label":"","checked":false}],"description":"","costcentre":["4"],"skillset":["46"]},"control":"Global","id":"1034/1035","cid":"c55"},{"label":"global parent","field_type":"ere [19]","required":true,"field_options":{"options":[{"label":"","checked":false},{"label":"","checked":false}],"description":"","costcentre":["4"],"skillset":["46"]},"control":"Global","id":"19","cid":"c59"}]