[{"label":"sad qwrt glob","field_type":"sad/qwrt [1034/1035]","required":true,"field_options":{"options":[{"label":"","checked":false},{"label":"","checked":false}],"description":"","costcentre":["4"],"skillset":["46"]},"control":"Global","id":"1042","cid":"c2"},{"label":"sdd tar glob","field_type":"sdd/tar [1044/1045]","required":true,"field_options":{"options":[{"label":"","checked":false},{"label":"","checked":false}],"description":""},"control":"Global","id":"1044/1045","cid":"c14"},{"label":"emp manager","field_type":"employee's manager dropdown","required":true,"field_options":{"options":[{"label":"","checked":false},{"label":"","checked":false}],"description":"","costcentre":["4"],"skillset":["46","483"]},"control":"Custom","id":10,"cid":"c14","hidden":true},{"label":"txt","field_type":"text","required":true,"field_options":{"size":"small","description":""},"control":"Basic","id":1,"cid":"c21","hidden":true}]