[{"label":"txt","field_type":"text","required":true,"field_options":{"size":"small","description":"","prewrap":"abc","postwrap":"xyz"},"control":"Basic","id":1,"cid":"c12","hidden":true},{"label":"rbt","field_type":"radio","required":true,"field_options":{"options":[{"label":"a","checked":false},{"label":"b","checked":false},{"label":"c","checked":false}],"description":""},"control":"Basic","id":3,"cid":"c10"},{"label":"chk","field_type":"checkboxes","required":true,"field_options":{"options":[{"label":"x","checked":false},{"label":"y","checked":false},{"label":"z","checked":false}],"description":""},"control":"Basic","id":4,"cid":"c8"},{"label":"area","field_type":"textarea","required":true,"field_options":{"size":"small","description":""},"control":"Basic","id":1046,"cid":"c20","hidden":true},{"label":"ddl","field_type":"dropdown","required":true,"field_options":{"options":[{"label":"mm","checked":false},{"label":"nn","checked":false},{"label":"pp","checked":false}],"description":"","prewrap":"nm","postwrap":"pq"},"control":"Basic","id":2,"cid":"c18","hidden":true}]