[{"label":"glob","field_type":"sad/qwrt [1034/1035]","required":true,"field_options":{"options":[{"label":"","checked":false},{"label":"","checked":false}],"description":"","costcentre":["4"],"skillset":["46"]},"control":"Global","id":"1042","cid":"c2"},{"label":"rbt","field_type":"radio","required":true,"field_options":{"options":[{"label":"a","checked":false},{"label":"b","checked":false}],"description":""},"control":"Basic","id":3,"cid":"c10"},{"label":"Untitled","field_type":"checkboxes","required":true,"field_options":{"options":[{"label":"","checked":false},{"label":"","checked":false}],"description":""},"control":"Basic","id":4,"cid":"c8"}]