[{"label":"txt","field_type":"text","required":true,"field_options":{"size":"small","description":""},"control":"Basic","id":1,"cid":"c12","hidden":true},{"label":"glob","field_type":"sad/qwrt [1034/1035]","required":true,"field_options":{"options":[{"label":"","checked":false},{"label":"","checked":false}],"description":"","costcentre":["4"],"skillset":["46"]},"control":"Global","id":"1042","cid":"c2"},{"label":"rbt","field_type":"radio","required":true,"field_options":{"options":[{"label":"a","checked":false},{"label":"b","checked":false}],"description":""},"control":"Basic","id":3,"cid":"c10"},{"label":"emp","field_type":"employee's manager dropdown","required":true,"field_options":{"options":[{"label":"","checked":false},{"label":"","checked":false}],"description":"","costcentre":["4"],"skillset":["46","483"]},"control":"Custom","id":10,"cid":"c18"},{"label":"ddl","field_type":"dropdown","required":true,"field_options":{"options":[{"label":"aa","checked":false},{"label":"bb","checked":false}],"description":""},"control":"Basic","id":2,"cid":"c23"}]