[{"label":"comment","field_type":"textarea","required":true,"field_options":{"size":"small","description":""},"control":"Basic","id":1046,"cid":"c2"},{"label":"list","field_type":"dropdown","required":true,"field_options":{"options":[{"label":"aa","checked":false},{"label":"bb","checked":false},{"label":"cc","checked":false}],"description":""},"control":"Basic","id":2,"cid":"c6"},{"label":"photo","field_type":"image","required":true,"field_options":{"description":""},"control":"Basic","id":1058,"cid":"c8"},{"label":"files","field_type":"file","required":true,"field_options":{"description":""},"control":"Basic","id":1057,"cid":"c11"}]