[{"label":"comment","field_type":"textarea","required":true,"field_options":{"size":"small","description":""},"control":"Basic","id":1046,"cid":"c2"},{"label":"chk","field_type":"checkboxes","required":false,"field_options":{"options":[{"label":"gg","checked":false},{"label":"hh","checked":false},{"label":"kk","checked":false}],"description":""},"control":"Basic","id":4,"cid":"c16"},{"label":"photo","field_type":"image","required":true,"field_options":{"description":""},"control":"Basic","id":1058,"cid":"c8"},{"label":"files","field_type":"file","required":true,"field_options":{"description":""},"control":"Basic","id":1057,"cid":"c11"}]