[{"label":"area","field_type":"textarea","required":true,"field_options":{"size":"small","description":""},"control":"Basic","id":1046,"cid":"c2","hidden":true},{"label":"list","field_type":"listbox","required":true,"field_options":{"options":[{"label":"a","checked":false},{"label":"b","checked":false}],"include_blank_option":false,"description":""},"control":"Basic","id":5,"cid":"c6"},{"label":"emp","field_type":"employee dropdown","required":true,"field_options":{"options":[{"label":"","checked":false},{"label":"","checked":false}],"description":"","costcentre":["4"],"skillset":["46"]},"className":"fb-background","control":"Custom","id":8,"cid":"c8"}]