[{"label":"area","field_type":"textarea","required":true,"field_options":{"size":"small","description":"","prewrap":"aaa","postwrap":"xxx"},"control":"Basic","id":1046,"cid":"c2","hidden":true},{"label":"list","field_type":"listbox","required":true,"field_options":{"options":[{"label":"a","checked":false},{"label":"b","checked":false}],"include_blank_option":false,"description":""},"control":"Basic","id":5,"cid":"c6","hidden":true},{"label":"rbt","field_type":"radio","required":true,"field_options":{"options":[{"label":"aa","checked":false},{"label":"bb","checked":false}],"description":""},"control":"Basic","id":3,"cid":"c11"},{"label":"chk","field_type":"checkboxes","required":true,"field_options":{"options":[{"label":"x","checked":false},{"label":"y","checked":false},{"label":"z","checked":false}],"description":""},"control":"Basic","id":4,"cid":"c20"},{"label":"emp","field_type":"employee dropdown","required":true,"field_options":{"options":[{"label":"","checked":false},{"label":"","checked":false}],"description":"","costcentre":["4"],"skillset":["46"]},"className":"fb-background","control":"Custom","id":8,"cid":"c8"},{"label":"global","field_type":"sad/qwrt [1034/1035]","required":true,"field_options":{"options":[{"label":"","checked":false},{"label":"","checked":false}],"description":"","costcentre":["4"],"skillset":["46"]},"control":"Global","id":"1034/1035","cid":"c25"}]