[{"label":"Untitled","field_type":"textarea","required":true,"field_options":{"size":"small","description":""},"control":"Basic","id":0,"cid":"c2"},{"label":"Untitled","field_type":"dropdown","required":true,"field_options":{"options":[{"label":"","checked":false},{"label":"","checked":false}],"include_blank_option":false,"description":""},"control":"Basic","id":2,"cid":"c5"},{"label":"Untitled","field_type":"radio","required":true,"field_options":{"options":[{"label":"","checked":false},{"label":"","checked":false}],"description":""},"control":"Basic","id":3,"cid":"c14"}]