[{"label":"txt","field_type":"text","required":true,"field_options":{"size":"small","description":""},"control":"Basic","id":1,"cid":"c2","hidden":true},{"label":"ddl","field_type":"dropdown","required":true,"field_options":{"options":[{"label":"a","checked":false},{"label":"b","checked":false},{"label":"c","checked":false}],"description":""},"control":"Basic","id":2,"cid":"c6"},{"label":"upload files","field_type":"file","required":true,"field_options":{"description":""},"control":"Basic","id":1057,"cid":"c10"}]