[{"label":"Date","field_type":"date","required":true,"field_options":{"description":""},"control":"Basic","id":1048,"cid":"c34"},{"label":"Time","field_type":"time","required":true,"field_options":{"description":""},"control":"Basic","id":1052,"cid":"c38"},{"label":"Number","field_type":"number","required":true,"field_options":{"description":""},"control":"Basic","id":1050,"cid":"c42"},{"label":"Address","field_type":"address","required":true,"field_options":{"description":""},"control":"Basic","id":1047,"cid":"c46"},{"label":"Address Copy","field_type":"address","required":true,"field_options":{"description":""},"control":"Basic","cid":"c84"},{"label":"Email","field_type":"email","required":true,"field_options":{"description":""},"control":"Basic","id":1049,"cid":"c50"},{"label":"Files","field_type":"file","required":true,"field_options":{"description":""},"control":"Basic","id":1057,"cid":"c57"},{"label":"Image","field_type":"image","required":true,"field_options":{"description":""},"control":"Basic","id":1058,"cid":"c61"},{"label":"Image Copy","field_type":"image","required":true,"field_options":{"description":""},"control":"Basic","cid":"c65"},{"label":"Untitled","field_type":"text","required":true,"field_options":{"size":"small","description":""},"control":"Basic","id":1,"cid":"c70"},{"label":"Employee","field_type":"employee dropdown","required":true,"field_options":{"options":[{"label":"","checked":false},{"label":"","checked":false}],"description":"","costcentre":["4"],"skillset":["46"]},"className":"fb-background","control":"Custom","id":8,"cid":"c74"}]