[{"label":"ddl","field_type":"dropdown","required":true,"field_options":{"options":[{"label":"bcv","checked":false},{"label":"bvc","checked":false},{"label":"jg","checked":false}],"description":""},"control":"Basic","id":2,"cid":"c6"},{"label":"img","field_type":"image","required":true,"field_options":{"description":""},"control":"Basic","id":1058,"cid":"c14"},{"label":"file","field_type":"file","required":true,"field_options":{"description":""},"control":"Basic","id":1057,"cid":"c10"},{"label":"email","field_type":"email","required":false,"field_options":{"description":""},"control":"Basic","id":1049,"cid":"c36"},{"label":"number","field_type":"number","required":true,"field_options":{"description":""},"control":"Basic","id":1050,"cid":"c44"},{"label":"price","field_type":"price","required":true,"field_options":{"description":"","currency":"$"},"control":"Basic","id":1051,"cid":"c48"},{"label":"time","field_type":"time","required":true,"field_options":{"description":"","time":"24hour"},"control":"Basic","id":1052,"cid":"c53"},{"label":"Date","field_type":"date","required":true,"field_options":{"description":""},"control":"Basic","id":1048,"cid":"c61"}]