[{"label":"ddl","field_type":"dropdown","required":true,"field_options":{"options":[{"label":"a","checked":false},{"label":"b","checked":false}],"include_blank_option":false,"description":""},"control":"Basic","id":2,"cid":"c6"},{"label":"emp man","field_type":"employee's manager dropdown","required":true,"field_options":{"options":[{"label":"","checked":false},{"label":"","checked":false}],"description":"","costcentre":["4"],"skillset":["46"]},"control":"Custom","id":10,"cid":"c10"},{"label":"glob","field_type":"sad/qwrt [1034/1035]","required":true,"field_options":{"options":[{"label":"","checked":false},{"label":"","checked":false}],"description":"","costcentre":["4"],"skillset":["46"]},"control":"Global","id":"1042","cid":"c14"}]