[{"label":"txt","field_type":"text","required":true,"field_options":{"size":"small","description":""},"control":"Basic","id":1,"cid":"c2"},{"label":"emp man","field_type":"employee's manager dropdown","required":true,"field_options":{"options":[{"label":"","checked":false},{"label":"","checked":false}],"description":"","costcentre":["4"],"skillset":["46"]},"control":"Custom","id":10,"cid":"c6"},{"label":"goal","field_type":"qwert/trewq [1037/1038]","required":true,"field_options":{"options":[{"label":"","checked":false},{"label":"","checked":false}],"description":"","costcentre":["4"],"skillset":["46"]},"control":"Global","id":"1042","cid":"c10"}]