<?xml version="1.0" encoding="UTF-8"?><?xml-stylesheet type='text/xsl' href='_UpgradeReport_Files/UpgradeReport.xslt'?><UpgradeLog>
<Properties><Property Name="Solution" Value="Evo">
</Property><Property Name="Solution File" Value="X:\EVO\CODE\Development\Evo\Evo.sln">
</Property><Property Name="Date" Value="16 February 2011">
</Property><Property Name="Time" Value="14:15">
</Property><Property Name="Log Number" Value="3">
</Property></Properties><Event ErrorLevel="2" Project="" Source="Evo.sln" Description="Solution file 'X:\EVO\CODE\Development\Evo\Evo.sln' cannot be converted because it is read-only on disk. To convert the solution, change the permissions on the solution file to allow modification and re-open it.">
</Event><Event ErrorLevel="3" Project="" Source="Evo.sln" Description="Not Converted">
</Event></UpgradeLog>