<?xml version="1.0" encoding="UTF-8"?><?xml-stylesheet type='text/xsl' href='_UpgradeReport_Files/UpgradeReport.xslt'?><UpgradeLog>
<Properties><Property Name="Solution" Value="Evo">
</Property><Property Name="Solution File" Value="Z:\Evo\CODE\Development\EVO\Evo.sln">
</Property><Property Name="Date" Value="Thursday, December 20, 2012">
</Property><Property Name="Time" Value="18:31 PM">
</Property><Property Name="Log Number" Value="2">
</Property></Properties><Event ErrorLevel="0" Project="" Source="Evo.sln" Description="Solution converted successfully">
</Event><Event ErrorLevel="3" Project="" Source="Evo.sln" Description="Converted">
</Event></UpgradeLog>