<?xml version="1.0" encoding="UTF-8"?><?xml-stylesheet type='text/xsl' href='_UpgradeReport_Files/UpgradeReport.xslt'?><UpgradeLog>
<Properties><Property Name="Solution" Value="Evo">
</Property><Property Name="Solution File" Value="X:\Evo\Code\Development\Evo\Evo.sln">
</Property><Property Name="User Options File" Value="X:\Evo\Code\Development\Evo\Evo.suo">
</Property><Property Name="Date" Value="Thursday, September 24, 2009">
</Property><Property Name="Time" Value="16:41 PM">
</Property></Properties><Event ErrorLevel="0" Project="" Source="Evo.sln" Description="File successfully backed up as X:\Evo\Code\Development\Evo\Backup\Evo.sln">
</Event><Event ErrorLevel="0" Project="" Source="Evo.suo" Description="File successfully backed up as X:\Evo\Code\Development\Evo\Backup\Evo.suo">
</Event><Event ErrorLevel="1" Project="Evo" Source="..\Evo" Description="Warning: The project file is being backed up to a relative path that differs from the original solution relative path.  The difference in folder hierarchy may create problems in opening or building the backed up solution and project.">
</Event><Event ErrorLevel="0" Project="" Source="Evo.sln" Description="Solution converted successfully">
</Event><Event ErrorLevel="3" Project="" Source="Evo.sln" Description="Converted">
</Event></UpgradeLog>