<?xml version="1.0" encoding="UTF-8"?><?xml-stylesheet type='text/xsl' href='_UpgradeReport_Files/UpgradeReport.xslt'?><UpgradeLog>
<Properties><Property Name="Solution" Value="Evo">
</Property><Property Name="Solution File" Value="X:\EVO\CODE\Development\Evo\Evo.sln">
</Property><Property Name="Date" Value="16 February 2011">
</Property><Property Name="Time" Value="14:16">
</Property><Property Name="Log Number" Value="4">
</Property></Properties><Event ErrorLevel="0" Project="" Source="Evo.sln" Description="Solution converted successfully">
</Event><Event ErrorLevel="3" Project="" Source="Evo.sln" Description="Converted">
</Event></UpgradeLog>