﻿<?xml version="1.0" encoding="utf-8"?>
<FORMS xmlns:xsi="http://www.w3.org/2001/XMLSchema-instance" FormID="241" VersionName="1.0">
  <CC3EmployeesDropDown>
    <Label>
      <Text>test</Text>
    </Label>
    <ControlID>10</ControlID>
    <ControlType>Custom</ControlType>
    <FieldID>cc_0DropDown</FieldID>
    <Title>test</Title>
    <X-Pos>10</X-Pos>
    <Y-Pos>10</Y-Pos>
    <Width>200</Width>
    <IsRequired>False</IsRequired>
    <IsManageable>False</IsManageable>
    <IsOnClickedChanged>
    </IsOnClickedChanged>
    <IsPostBack>False</IsPostBack>
    <IsWrap>False</IsWrap>
    <PreWrap>
    </PreWrap>
    <PostWrap>
    </PostWrap>
    <DataSource>DB</DataSource>
    <SkillSets>
      <SkillSet Id="362">Brand and Communications - IRL</SkillSet>
      <SkillSet Id="398">IRL 2nd Line</SkillSet>
      <SkillSet Id="399">IRL 3rd Line</SkillSet>
      <SkillSet Id="141">IRL Back Office</SkillSet>
      <SkillSet Id="132">IRL Billing</SkillSet>
      <SkillSet Id="558">IRL Blue Collections</SkillSet>
      <SkillSet Id="555">IRL Blue Collections Outbound</SkillSet>
      <SkillSet Id="549">IRL Business Back Office</SkillSet>
      <SkillSet Id="109">IRL Business Market</SkillSet>
      <SkillSet Id="195">IRL CC FandS</SkillSet>
      <SkillSet Id="412">IRL CC FandS - BA</SkillSet>
      <SkillSet Id="413">IRL CC FandS - BU</SkillSet>
      <SkillSet Id="414">IRL CC FandS - CALLING</SkillSet>
      <SkillSet Id="416">IRL CC FandS - FMS</SkillSet>
      <SkillSet Id="561">IRL CC FandS - Hybrid</SkillSet>
      <SkillSet Id="415">IRL CC FandS - RA</SkillSet>
      <SkillSet Id="149">IRL Change</SkillSet>
      <SkillSet Id="103">IRL Collection</SkillSet>
      <SkillSet Id="190">IRL Collections Exclusion</SkillSet>
      <SkillSet Id="602">IRL Collections Inbound</SkillSet>
      <SkillSet Id="402">IRL Collections Outbound</SkillSet>
      <SkillSet Id="403">IRL Collections Outbound Business</SkillSet>
      <SkillSet Id="394">IRL CS Multi Skilled Advisors</SkillSet>
      <SkillSet Id="102">IRL Dealer Support</SkillSet>
      <SkillSet Id="156">IRL Ecare</SkillSet>
      <SkillSet Id="189">IRL Employee Development</SkillSet>
      <SkillSet Id="191">IRL Executive Office</SkillSet>
      <SkillSet Id="418">IRL First Line Support</SkillSet>
      <SkillSet Id="188">IRL Improvements and Projects</SkillSet>
      <SkillSet Id="171">IRL Internal Audit</SkillSet>
      <SkillSet Id="193">IRL Management</SkillSet>
      <SkillSet Id="196">IRL NBS Customer Service</SkillSet>
      <SkillSet Id="192">IRL NBS Sales</SkillSet>
      <SkillSet Id="559">IRL OJT Blue Collections</SkillSet>
      <SkillSet Id="560">IRL OJT Blue Collections 1</SkillSet>
      <SkillSet Id="556">IRL OJT Blue Collections Outbound</SkillSet>
      <SkillSet Id="557">IRL OJT Blue Collections Outbound 1</SkillSet>
      <SkillSet Id="550">IRL OJT Business Back Office</SkillSet>
      <SkillSet Id="551">IRL OJT Business Back Office 1</SkillSet>
      <SkillSet Id="411">IRL OJT CC FandS</SkillSet>
      <SkillSet Id="400">IRL OJT Collections</SkillSet>
      <SkillSet Id="401">IRL OJT Collections 2</SkillSet>
      <SkillSet Id="392">IRL OJT Customer Service</SkillSet>
      <SkillSet Id="393">IRL OJT Customer Service 2</SkillSet>
      <SkillSet Id="395">IRL OJT ECare</SkillSet>
      <SkillSet Id="420">IRL OJT First Line Support</SkillSet>
      <SkillSet Id="562">IRL OJT Hybrid</SkillSet>
      <SkillSet Id="563">IRL OJT Hybrid 1</SkillSet>
      <SkillSet Id="417">IRL OJT Internal Audit</SkillSet>
      <SkillSet Id="404">IRL OJT NBS Customer Service</SkillSet>
      <SkillSet Id="410">IRL OJT Retail Support</SkillSet>
      <SkillSet Id="407">IRL OJT Sales</SkillSet>
      <SkillSet Id="421">IRL OJT Second Line Support</SkillSet>
      <SkillSet Id="553">IRL OJT Service Chat</SkillSet>
      <SkillSet Id="554">IRL OJT Service Chat 1</SkillSet>
      <SkillSet Id="396">IRL OJT Technical Support</SkillSet>
      <SkillSet Id="478">IRL OJT Web Chat</SkillSet>
      <SkillSet Id="194">IRL Operations Planning</SkillSet>
      <SkillSet Id="82">IRL Post Pay</SkillSet>
      <SkillSet Id="99">IRL Prepay</SkillSet>
      <SkillSet Id="197">IRL Quality</SkillSet>
      <SkillSet Id="157">IRL Referrals</SkillSet>
      <SkillSet Id="155">IRL Sales</SkillSet>
      <SkillSet Id="405">IRL Sales Inbound</SkillSet>
      <SkillSet Id="406">IRL Sales Outbound</SkillSet>
      <SkillSet Id="408">IRL Sales Support</SkillSet>
      <SkillSet Id="409">IRL Sales Web Support</SkillSet>
      <SkillSet Id="419">IRL Second Line Support</SkillSet>
      <SkillSet Id="552">IRL Service Chat</SkillSet>
      <SkillSet Id="376">IRL Service Recovery</SkillSet>
      <SkillSet Id="101">IRL Technical Support</SkillSet>
      <SkillSet Id="397">IRL TS Back Office</SkillSet>
      <SkillSet Id="98">IRL VADD</SkillSet>
      <SkillSet Id="477">IRL Web Chat</SkillSet>
      <SkillSet Id="479">IRLNPS</SkillSet>
      <SkillSet Id="180">LINE HR - IRL</SkillSet>
      <SkillSet Id="175">Training - IRL</SkillSet>
    </SkillSets>
    <CostCentres>
      <CostCentre Id="2">ROI-India</CostCentre>
    </CostCentres>
    <IsQueryPattern>Contains</IsQueryPattern>
    <Tabindex>1</Tabindex>
    <IsHide>False</IsHide>
  </CC3EmployeesDropDown>
  <TextBox>
    <Label>
      <Text>test Manager</Text>
    </Label>
    <ControlID>1</ControlID>
    <ControlType>Basic</ControlType>
    <FieldID>cctxt_0TextBox</FieldID>
    <Title>test Manager</Title>
    <X-Pos>210</X-Pos>
    <Y-Pos>10</Y-Pos>
    <Width>200</Width>
    <IsRequired>False</IsRequired>
    <IsPostBack>False</IsPostBack>
    <IsWrap>False</IsWrap>
    <PreWrap>
    </PreWrap>
    <PostWrap>
    </PostWrap>
    <TextMode>SingleLine</TextMode>
    <IsType>undefined</IsType>
    <MaxLength>100</MaxLength>
    <Dependency>
    </Dependency>
    <PrevRef>
    </PrevRef>
    <DependentID>
    </DependentID>
    <Tabindex>1</Tabindex>
    <Height>50</Height>
    <IsHide>False</IsHide>
  </TextBox>
  <DataScript>
    <IsUpdated>False</IsUpdated>
    <Array>
    </Array>
  </DataScript>
</FORMS>