﻿<?xml version="1.0" encoding="utf-8"?>
<FORMS xmlns:xsi="http://www.w3.org/2001/XMLSchema-instance" FormID="240" VersionName="1.0">
  <CC3EmployeesDropDown>
    <Label>
      <Text>advisor</Text>
    </Label>
    <ControlID>10</ControlID>
    <ControlType>Custom</ControlType>
    <FieldID>cc_0DropDown</FieldID>
    <Title>advisor</Title>
    <X-Pos>10</X-Pos>
    <Y-Pos>10</Y-Pos>
    <Width>200</Width>
    <IsRequired>False</IsRequired>
    <IsManageable>False</IsManageable>
    <IsOnClickedChanged>
    </IsOnClickedChanged>
    <IsPostBack>False</IsPostBack>
    <IsWrap>False</IsWrap>
    <PreWrap>
    </PreWrap>
    <PostWrap>
    </PostWrap>
    <DataSource>DB</DataSource>
    <SkillSets>
      <SkillSet Id="46">Automation and Software Development</SkillSet>
    </SkillSets>
    <CostCentres>
      <CostCentre Id="4">JOINT</CostCentre>
    </CostCentres>
    <IsQueryPattern>Contains</IsQueryPattern>
    <Tabindex>1</Tabindex>
    <IsHide>False</IsHide>
  </CC3EmployeesDropDown>
  <TextBox>
    <Label>
      <Text>advisor Manager</Text>
    </Label>
    <ControlID>1</ControlID>
    <ControlType>Basic</ControlType>
    <FieldID>cctxt_0TextBox</FieldID>
    <Title>advisor Manager</Title>
    <X-Pos>210</X-Pos>
    <Y-Pos>10</Y-Pos>
    <Width>200</Width>
    <IsRequired>False</IsRequired>
    <IsPostBack>False</IsPostBack>
    <IsWrap>False</IsWrap>
    <PreWrap>
    </PreWrap>
    <PostWrap>
    </PostWrap>
    <TextMode>SingleLine</TextMode>
    <IsType>undefined</IsType>
    <MaxLength>100</MaxLength>
    <Dependency>
    </Dependency>
    <PrevRef>
    </PrevRef>
    <DependentID>
    </DependentID>
    <Tabindex>1</Tabindex>
    <Height>50</Height>
    <IsHide>False</IsHide>
  </TextBox>
  <DataScript>
    <IsUpdated>False</IsUpdated>
    <Array>
    </Array>
  </DataScript>
</FORMS>