﻿<?xml version="1.0" encoding="utf-8"?>
<FORMS xmlns:xsi="http://www.w3.org/2001/XMLSchema-instance" FormID="130" VersionName="2.0">
  <TextBox>
    <Label>
      <Text>MSISDN</Text>
    </Label>
    <ControlID>1</ControlID>
    <ControlType>Basic</ControlType>
    <FieldID>txt_1TextBox</FieldID>
    <Title>MSISDN</Title>
    <X-Pos>1</X-Pos>
    <Y-Pos>12</Y-Pos>
    <Width>200</Width>
    <IsRequired>True</IsRequired>
    <IsPostBack>False</IsPostBack>
    <IsWrap>False</IsWrap>
    <PreWrap>
    </PreWrap>
    <PostWrap>
    </PostWrap>
    <TextMode>Singleline</TextMode>
    <IsType>Numeric</IsType>
    <MaxLength>20</MaxLength>
    <Dependency>
    </Dependency>
    <PrevRef>
    </PrevRef>
    <DependentID>
    </DependentID>
  </TextBox>
  <TextBox>
    <Label>
      <Text>Case No</Text>
    </Label>
    <ControlID>1</ControlID>
    <ControlType>Basic</ControlType>
    <FieldID>txt_3TextBox</FieldID>
    <Title>Case No</Title>
    <X-Pos>239</X-Pos>
    <Y-Pos>13</Y-Pos>
    <Width>200</Width>
    <IsRequired>True</IsRequired>
    <IsPostBack>False</IsPostBack>
    <IsWrap>False</IsWrap>
    <PreWrap>
    </PreWrap>
    <PostWrap>
    </PostWrap>
    <TextMode>Singleline</TextMode>
    <IsType>Numeric</IsType>
    <MaxLength>10</MaxLength>
    <Dependency>
    </Dependency>
    <PrevRef>
    </PrevRef>
    <DependentID>
    </DependentID>
  </TextBox>
  <TextBox>
    <Label>
      <Text>PR Number</Text>
    </Label>
    <ControlID>1</ControlID>
    <ControlType>Basic</ControlType>
    <FieldID>txt_4TextBox</FieldID>
    <Title>PR Number</Title>
    <X-Pos>480</X-Pos>
    <Y-Pos>13</Y-Pos>
    <Width>200</Width>
    <IsRequired>False</IsRequired>
    <IsPostBack>False</IsPostBack>
    <IsWrap>False</IsWrap>
    <PreWrap>
    </PreWrap>
    <PostWrap>
    </PostWrap>
    <TextMode>Singleline</TextMode>
    <IsType>AlphaNumeric</IsType>
    <MaxLength>20</MaxLength>
    <Dependency>
    </Dependency>
    <PrevRef>
    </PrevRef>
    <DependentID>
    </DependentID>
  </TextBox>
  <TextBox>
    <Label>
      <Text>Contact No</Text>
    </Label>
    <ControlID>1</ControlID>
    <ControlType>Basic</ControlType>
    <FieldID>txt_5TextBox</FieldID>
    <Title>Contact No</Title>
    <X-Pos>746</X-Pos>
    <Y-Pos>13</Y-Pos>
    <Width>200</Width>
    <IsRequired>True</IsRequired>
    <IsPostBack>False</IsPostBack>
    <IsWrap>False</IsWrap>
    <PreWrap>
    </PreWrap>
    <PostWrap>
    </PostWrap>
    <TextMode>Singleline</TextMode>
    <IsType>Numeric</IsType>
    <MaxLength>15</MaxLength>
    <Dependency>
    </Dependency>
    <PrevRef>
    </PrevRef>
    <DependentID>
    </DependentID>
  </TextBox>
  <ListBox>
    <Label>
      <Text>Call Type 1</Text>
    </Label>
    <ControlID>5</ControlID>
    <ControlType>Basic</ControlType>
    <FieldID>lb_0ListBox</FieldID>
    <Title>Call Type 1</Title>
    <DependentID>lb_1ListBox</DependentID>
    <X-Pos>1</X-Pos>
    <Y-Pos>131</Y-Pos>
    <Width>100</Width>
    <IsRequired>True</IsRequired>
    <IsManageable>True</IsManageable>
    <IsPostBack>False</IsPostBack>
    <Dependency>True</Dependency>
    <IsWrap>False</IsWrap>
    <PreWrap>
    </PreWrap>
    <PostWrap>
    </PostWrap>
    <PrevRef>
    </PrevRef>
    <DataSource>XML</DataSource>
    <LISTITEMS>
      <LISTITEM Id="1" value="" DependentOn="0" PreWrap="Pre Text Browser" PostWrap="PostWrap Text Browser">Browser</LISTITEM>
      <LISTITEM Id="2" value="" DependentOn="0" PreWrap="Pre Text HLR" PostWrap="PostWrap Text HLR">HLR Service provisioning request</LISTITEM>
      <LISTITEM Id="3" value="" DependentOn="0" PreWrap="Pre Text Mobile" PostWrap="PostWrap Text Mobile">Mobile Broadband</LISTITEM>
    </LISTITEMS>
  </ListBox>
  <ListBox>
    <Label>
      <Text>Call Type 2</Text>
    </Label>
    <ControlID>5</ControlID>
    <ControlType>Basic</ControlType>
    <FieldID>lb_1ListBox</FieldID>
    <Title>Call Type 2</Title>
    <DependentID>
    </DependentID>
    <X-Pos>278</X-Pos>
    <Y-Pos>130</Y-Pos>
    <Width>100</Width>
    <IsRequired>True</IsRequired>
    <IsManageable>True</IsManageable>
    <IsPostBack>False</IsPostBack>
    <Dependency>True</Dependency>
    <IsWrap>False</IsWrap>
    <PreWrap>
    </PreWrap>
    <PostWrap>
    </PostWrap>
    <PrevRef>lb_0ListBox</PrevRef>
    <DataSource>XML</DataSource>
    <LISTITEMS>
      <LISTITEM Id="1" value="" DependentOn="1">Amend Top Shelf PIN Number</LISTITEM>
      <LISTITEM Id="2" value="" DependentOn="1">Any Other Error</LISTITEM>
      <LISTITEM Id="3" value="" DependentOn="1">Browser - Alert / Subscription</LISTITEM>
      <LISTITEM Id="4" value="" DependentOn="1">Cannot Access Planet 3</LISTITEM>
      <LISTITEM Id="5" value="" DependentOn="1">Cannot Access Specific Part of Planet 3</LISTITEM>
      <LISTITEM Id="6" value="" DependentOn="1">Cannot Download - Games</LISTITEM>
      <LISTITEM Id="7" value="" DependentOn="1">Cannot Stream / Mobile TV</LISTITEM>
      <LISTITEM Id="8" value="" DependentOn="1">Content Missing / Not Updated</LISTITEM>
      <LISTITEM Id="9" value="" DependentOn="1">Data Usage</LISTITEM>
      <LISTITEM Id="10" value="" DependentOn="1">Dialtunes</LISTITEM>
      <LISTITEM Id="11" value="" DependentOn="1">Ebay</LISTITEM>
      <LISTITEM Id="12" value="" DependentOn="1">Email issues</LISTITEM>
      <LISTITEM Id="13" value="" DependentOn="1">Email on 3 - Cannot Login</LISTITEM>
      <LISTITEM Id="14" value="" DependentOn="1">Email on 3 - Cannot Send/Receive</LISTITEM>
      <LISTITEM Id="15" value="" DependentOn="1">Email on 3 - Internal Error</LISTITEM>
      <LISTITEM Id="16" value="" DependentOn="1">Email on 3 - Subscription Expired</LISTITEM>
      <LISTITEM Id="17" value="" DependentOn="1">Email on 3 - Timeout/Delayed Email</LISTITEM>
      <LISTITEM Id="18" value="" DependentOn="1">Email on 3 - Unable to Identify Device</LISTITEM>
      <LISTITEM Id="19" value="" DependentOn="1">Fault - Music</LISTITEM>
      <LISTITEM Id="20" value="" DependentOn="1">Fault-Mobile websites</LISTITEM>
      <LISTITEM Id="21" value="" DependentOn="1">Game – Faulty/Distorted/Does Not Play</LISTITEM>
      <LISTITEM Id="22" value="" DependentOn="1">Google Apps</LISTITEM>
      <LISTITEM Id="23" value="" DependentOn="1">Hnadset Customer</LISTITEM>
      <LISTITEM Id="24" value="" DependentOn="1">Int Roaming–Mobile Sites</LISTITEM>
      <LISTITEM Id="25" value="" DependentOn="1">Invalid data allowance message</LISTITEM>
      <LISTITEM Id="26" value="" DependentOn="1">MSN</LISTITEM>
      <LISTITEM Id="27" value="" DependentOn="1">Music/Video Track – Faulty/Distorted/Does Not Play</LISTITEM>
      <LISTITEM Id="28" value="" DependentOn="1">My3 - Handset</LISTITEM>
      <LISTITEM Id="29" value="" DependentOn="1">My3 - PC - Handset</LISTITEM>
      <LISTITEM Id="30" value="" DependentOn="1">No Coverage-Green</LISTITEM>
      <LISTITEM Id="31" value="" DependentOn="1">No Coverage-Orange</LISTITEM>
      <LISTITEM Id="32" value="" DependentOn="1">No Coverage-Yellow</LISTITEM>
      <LISTITEM Id="33" value="" DependentOn="1">No Packet Switch Access</LISTITEM>
      <LISTITEM Id="34" value="" DependentOn="1">Other Product – Faulty/Distorted/Does Not Play</LISTITEM>
      <LISTITEM Id="35" value="" DependentOn="1">Site PR-Handset</LISTITEM>
      <LISTITEM Id="36" value="" DependentOn="1">Skype</LISTITEM>
      <LISTITEM Id="37" value="" DependentOn="1">Skype - Call Quality Issues</LISTITEM>
      <LISTITEM Id="38" value="" DependentOn="1">Skype - Call Set Up Delay</LISTITEM>
      <LISTITEM Id="39" value="" DependentOn="1">Skype - Calls Drop</LISTITEM>
      <LISTITEM Id="40" value="" DependentOn="1">Skype - Cannot Make Call</LISTITEM>
      <LISTITEM Id="41" value="" DependentOn="1">Skype - Chat Issues</LISTITEM>
      <LISTITEM Id="42" value="" DependentOn="1">Skype - Connecting / Timeout</LISTITEM>
      <LISTITEM Id="43" value="" DependentOn="1">Skype - Service currently unavailable</LISTITEM>
      <LISTITEM Id="44" value="" DependentOn="1">Slingbox</LISTITEM>
      <LISTITEM Id="45" value="" DependentOn="1">Spotify–No Code</LISTITEM>
      <LISTITEM Id="46" value="" DependentOn="1">Top Shelf</LISTITEM>
      <LISTITEM Id="47" value="" DependentOn="1">WLM - Chatting / Conversations</LISTITEM>
      <LISTITEM Id="48" value="" DependentOn="1">WLM - Contacts Problem</LISTITEM>
      <LISTITEM Id="49" value="" DependentOn="1">WLM - Disconnecting / Timeout</LISTITEM>
      <LISTITEM Id="50" value="" DependentOn="1">WLM - Technical Difficulties</LISTITEM>
      <LISTITEM Id="51" value="" DependentOn="1">WLM - Unable to Login</LISTITEM>
      <LISTITEM Id="52" value="" DependentOn="1">Yahoo Go!</LISTITEM>
      <LISTITEM Id="53" value="" DependentOn="2">HLR Service Provisioning Request</LISTITEM>
      <LISTITEM Id="54" value="" DependentOn="3">3G coverage - modem</LISTITEM>
      <LISTITEM Id="55" value="" DependentOn="3">BSK Credit</LISTITEM>
      <LISTITEM Id="56" value="" DependentOn="3">Connect Button Grayed out</LISTITEM>
      <LISTITEM Id="57" value="" DependentOn="3">Connected - unable to browse</LISTITEM>
      <LISTITEM Id="58" value="" DependentOn="3">Data modem invalid</LISTITEM>
      <LISTITEM Id="59" value="" DependentOn="3">Early Retire (No ETF) - MBB</LISTITEM>
      <LISTITEM Id="60" value="" DependentOn="3">Email Client issues</LISTITEM>
      <LISTITEM Id="61" value="" DependentOn="3">Error while connecting</LISTITEM>
      <LISTITEM Id="62" value="" DependentOn="3">Error while connecting 2</LISTITEM>
      <LISTITEM Id="63" value="" DependentOn="3">Exec Office Request</LISTITEM>
      <LISTITEM Id="64" value="" DependentOn="3">Frequent Disconnections</LISTITEM>
      <LISTITEM Id="65" value="" DependentOn="3">Installation error</LISTITEM>
      <LISTITEM Id="66" value="" DependentOn="3">MBB Customer</LISTITEM>
      <LISTITEM Id="67" value="" DependentOn="3">Mobile Broadband coverage</LISTITEM>
      <LISTITEM Id="68" value="" DependentOn="3">Modem</LISTITEM>
      <LISTITEM Id="69" value="" DependentOn="3">Modem Customer</LISTITEM>
      <LISTITEM Id="70" value="" DependentOn="3">My3 - PC - MBB</LISTITEM>
      <LISTITEM Id="71" value="" DependentOn="3">No Coverage-Purple</LISTITEM>
      <LISTITEM Id="72" value="" DependentOn="3">Other voucher issues</LISTITEM>
      <LISTITEM Id="73" value="" DependentOn="3">PAYG voucher related</LISTITEM>
      <LISTITEM Id="74" value="" DependentOn="3">Receiving multiple data usage alerts</LISTITEM>
      <LISTITEM Id="75" value="" DependentOn="3">Site PR</LISTITEM>
      <LISTITEM Id="76" value="" DependentOn="3">Slow speed</LISTITEM>
      <LISTITEM Id="77" value="" DependentOn="3">Slow Speed-P2P</LISTITEM>
      <LISTITEM Id="78" value="" DependentOn="3">Unable to access specific websites</LISTITEM>
      <LISTITEM Id="79" value="" DependentOn="3">Weak Fluctuating Signal-Green</LISTITEM>
    </LISTITEMS>
  </ListBox>
  <ListBox>
    <Label>
      <Text>Call Type 3</Text>
    </Label>
    <ControlID>5</ControlID>
    <ControlType>Basic</ControlType>
    <FieldID>lb_2ListBox</FieldID>
    <Title>Call Type 3</Title>
    <DependentID>
    </DependentID>
    <X-Pos>572</X-Pos>
    <Y-Pos>129</Y-Pos>
    <Width>100</Width>
    <IsRequired>True</IsRequired>
    <IsManageable>True</IsManageable>
    <IsPostBack>False</IsPostBack>
    <Dependency>False</Dependency>
    <IsWrap>False</IsWrap>
    <PreWrap>
    </PreWrap>
    <PostWrap>
    </PostWrap>
    <PrevRef>
    </PrevRef>
    <DataSource>XML</DataSource>
    <LISTITEMS>
      <LISTITEM Id="1" value="" DependentOn="0">Auto resolve</LISTITEM>
      <LISTITEM Id="2" value="" DependentOn="0">PR Raised</LISTITEM>
      <LISTITEM Id="3" value="" DependentOn="0">Issue Resolved on Call</LISTITEM>
      <LISTITEM Id="4" value="" DependentOn="0">Handset / Modem Booked</LISTITEM>
      <LISTITEM Id="5" value="" DependentOn="0">Advised to Rule out modem/ Handset fault</LISTITEM>
      <LISTITEM Id="6" value="" DependentOn="0">Service Limitation</LISTITEM>
      <LISTITEM Id="7" value="" DependentOn="0">Offer Cancellation</LISTITEM>
      <LISTITEM Id="8" value="" DependentOn="0">Cancellation PR SLA not accepted</LISTITEM>
      <LISTITEM Id="9" value="" DependentOn="0">Cancellation PR SLA not met</LISTITEM>
      <LISTITEM Id="10" value="" DependentOn="0">Cancellation Future Dated Resolution</LISTITEM>
      <LISTITEM Id="11" value="" DependentOn="0">Follow Up Riased Case Closed</LISTITEM>
      <LISTITEM Id="12" value="" DependentOn="0">Incorrect Case Raised</LISTITEM>
      <LISTITEM Id="13" value="" DependentOn="0">Customer not reachable</LISTITEM>
      <LISTITEM Id="14" value="" DependentOn="0">Future Fix Date</LISTITEM>
      <LISTITEM Id="15" value="" DependentOn="0">Issue Persist</LISTITEM>
      <LISTITEM Id="16" value="" DependentOn="0">Testing Services</LISTITEM>
      <LISTITEM Id="17" value="" DependentOn="0">Closed</LISTITEM>
    </LISTITEMS>
  </ListBox>
  <DropDownList>
    <Label>
      <Text>Action</Text>
    </Label>
    <ControlID>2</ControlID>
    <ControlType>Basic</ControlType>
    <FieldID>ddl_0DropDown</FieldID>
    <Title>Action</Title>
    <DependentID>ddl_1DropDown</DependentID>
    <X-Pos>1</X-Pos>
    <Y-Pos>67</Y-Pos>
    <Width>200</Width>
    <IsRequired>True</IsRequired>
    <IsManageable>True</IsManageable>
    <IsPostBack>False</IsPostBack>
    <Dependency>True</Dependency>
    <IsWrap>False</IsWrap>
    <PreWrap>
    </PreWrap>
    <PostWrap>
    </PostWrap>
    <PrevRef>
    </PrevRef>
    <DataSource>XML</DataSource>
    <LISTITEMS>
      <LISTITEM Id="1" value="" DependentOn="0">Case</LISTITEM>
      <LISTITEM Id="2" value="" DependentOn="0">PR</LISTITEM>
      <LISTITEM Id="3" value="" DependentOn="0">Follow-up</LISTITEM>
      <LISTITEM Id="4" value="" DependentOn="0">Site PR</LISTITEM>
    </LISTITEMS>
  </DropDownList>
  <DropDownList>
    <Label>
      <Text>SOD Status</Text>
    </Label>
    <ControlID>2</ControlID>
    <ControlType>Basic</ControlType>
    <FieldID>ddl_1DropDown</FieldID>
    <Title>SOD Status</Title>
    <DependentID>ddl_2DropDown</DependentID>
    <X-Pos>275</X-Pos>
    <Y-Pos>67</Y-Pos>
    <Width>200</Width>
    <IsRequired>True</IsRequired>
    <IsManageable>True</IsManageable>
    <IsPostBack>False</IsPostBack>
    <Dependency>True</Dependency>
    <IsWrap>False</IsWrap>
    <PreWrap>
    </PreWrap>
    <PostWrap>
    </PostWrap>
    <PrevRef>ddl_0DropDown</PrevRef>
    <DataSource>XML</DataSource>
    <LISTITEMS>
      <LISTITEM Id="1" value="" DependentOn="2">Assigned</LISTITEM>
      <LISTITEM Id="2" value="" DependentOn="0">In Charge</LISTITEM>
      <LISTITEM Id="3" value="" DependentOn="2">In Charge</LISTITEM>
      <LISTITEM Id="4" value="" DependentOn="2">Resolve</LISTITEM>
      <LISTITEM Id="5" value="" DependentOn="2">Suspended</LISTITEM>
      <LISTITEM Id="6" value="" DependentOn="1">Open</LISTITEM>
      <LISTITEM Id="7" value="" DependentOn="1">UA</LISTITEM>
      <LISTITEM Id="8" value="" DependentOn="3">Follow-up</LISTITEM>
      <LISTITEM Id="9" value="" DependentOn="2">Master</LISTITEM>
      <LISTITEM Id="10" value="" DependentOn="2">Batch PR</LISTITEM>
      <LISTITEM Id="11" value="" DependentOn="4">Site PR</LISTITEM>
    </LISTITEMS>
  </DropDownList>
  <DropDownList>
    <Label>
      <Text>EOD Status</Text>
    </Label>
    <ControlID>2</ControlID>
    <ControlType>Basic</ControlType>
    <FieldID>ddl_2DropDown</FieldID>
    <Title>EOD Status</Title>
    <DependentID>
    </DependentID>
    <X-Pos>524</X-Pos>
    <Y-Pos>67</Y-Pos>
    <Width>200</Width>
    <IsRequired>True</IsRequired>
    <IsManageable>True</IsManageable>
    <IsPostBack>False</IsPostBack>
    <Dependency>True</Dependency>
    <IsWrap>False</IsWrap>
    <PreWrap>
    </PreWrap>
    <PostWrap>
    </PostWrap>
    <PrevRef>ddl_1DropDown</PrevRef>
    <DataSource>XML</DataSource>
    <LISTITEMS>
      <LISTITEM Id="1" value="" DependentOn="6">UA</LISTITEM>
      <LISTITEM Id="2" value="" DependentOn="6">Closed</LISTITEM>
      <LISTITEM Id="3" value="" DependentOn="6">PR Raised</LISTITEM>
      <LISTITEM Id="4" value="" DependentOn="6">Assigned To TL</LISTITEM>
      <LISTITEM Id="5" value="" DependentOn="6">Follow Up</LISTITEM>
      <LISTITEM Id="6" value="" DependentOn="7">UA</LISTITEM>
      <LISTITEM Id="7" value="" DependentOn="7">Closed</LISTITEM>
      <LISTITEM Id="8" value="" DependentOn="7">Closed on 3rd attempt</LISTITEM>
      <LISTITEM Id="9" value="" DependentOn="7">PR Raised</LISTITEM>
      <LISTITEM Id="10" value="" DependentOn="7">Follow Up</LISTITEM>
      <LISTITEM Id="11" value="" DependentOn="1">Incharge</LISTITEM>
      <LISTITEM Id="12" value="" DependentOn="1">Re-Assigned</LISTITEM>
      <LISTITEM Id="13" value="" DependentOn="1">Closed</LISTITEM>
      <LISTITEM Id="14" value="" DependentOn="1">Suspended</LISTITEM>
      <LISTITEM Id="15" value="" DependentOn="3">Reassigned</LISTITEM>
      <LISTITEM Id="16" value="" DependentOn="3">Closed</LISTITEM>
      <LISTITEM Id="17" value="" DependentOn="3">Suspended</LISTITEM>
      <LISTITEM Id="18" value="" DependentOn="4">Close</LISTITEM>
      <LISTITEM Id="19" value="" DependentOn="4">Reassigned</LISTITEM>
      <LISTITEM Id="20" value="" DependentOn="4">Suspended</LISTITEM>
      <LISTITEM Id="21" value="" DependentOn="5">Incharge</LISTITEM>
      <LISTITEM Id="22" value="" DependentOn="5">Closed</LISTITEM>
      <LISTITEM Id="23" value="" DependentOn="5">Suspended</LISTITEM>
      <LISTITEM Id="24" value="" DependentOn="5">Reassigned</LISTITEM>
      <LISTITEM Id="25" value="" DependentOn="3">In Charge</LISTITEM>
      <LISTITEM Id="26" value="" DependentOn="4">Resolve</LISTITEM>
      <LISTITEM Id="27" value="" DependentOn="8">Closed</LISTITEM>
      <LISTITEM Id="28" value="" DependentOn="8">Closed on 3rd attempt</LISTITEM>
      <LISTITEM Id="29" value="" DependentOn="8">Follow-up</LISTITEM>
      <LISTITEM Id="30" value="" DependentOn="8">PR Raised</LISTITEM>
      <LISTITEM Id="31" value="" DependentOn="6">Closed on 3rd attempt</LISTITEM>
      <LISTITEM Id="32" value="" DependentOn="9">Closed</LISTITEM>
      <LISTITEM Id="33" value="" DependentOn="9">In Charge</LISTITEM>
      <LISTITEM Id="34" value="" DependentOn="9">Reassgined</LISTITEM>
      <LISTITEM Id="35" value="" DependentOn="9">Resolved</LISTITEM>
      <LISTITEM Id="36" value="" DependentOn="9">Suspended</LISTITEM>
      <LISTITEM Id="37" value="" DependentOn="10">Closed</LISTITEM>
      <LISTITEM Id="38" value="" DependentOn="10">In Charge</LISTITEM>
      <LISTITEM Id="39" value="" DependentOn="10">Reassgined</LISTITEM>
      <LISTITEM Id="40" value="" DependentOn="10">Resolved</LISTITEM>
      <LISTITEM Id="41" value="" DependentOn="10">Suspended</LISTITEM>
      <LISTITEM Id="42" value="" DependentOn="11">Site PR</LISTITEM>
    </LISTITEMS>
  </DropDownList>
  <TextBox>
    <Label>
      <Text>Future Fix Date</Text>
    </Label>
    <ControlID>1</ControlID>
    <ControlType>Basic</ControlType>
    <FieldID>txt_6TextBox</FieldID>
    <Title>Future Fix Date</Title>
    <X-Pos>344</X-Pos>
    <Y-Pos>299</Y-Pos>
    <Width>200</Width>
    <IsRequired>False</IsRequired>
    <IsPostBack>False</IsPostBack>
    <IsWrap>False</IsWrap>
    <PreWrap>
    </PreWrap>
    <PostWrap>
    </PostWrap>
    <TextMode>Singleline</TextMode>
    <IsType>Date</IsType>
    <MaxLength>20</MaxLength>
    <Dependency>
    </Dependency>
    <PrevRef>
    </PrevRef>
    <DependentID>
    </DependentID>
  </TextBox>
  <DropDownList>
    <Label>
      <Text>Attempts</Text>
    </Label>
    <ControlID>2</ControlID>
    <ControlType>Basic</ControlType>
    <FieldID>ddl_3DropDown</FieldID>
    <Title>Attempts</Title>
    <DependentID>
    </DependentID>
    <X-Pos>2</X-Pos>
    <Y-Pos>296</Y-Pos>
    <Width>200</Width>
    <IsRequired>True</IsRequired>
    <IsManageable>True</IsManageable>
    <IsPostBack>False</IsPostBack>
    <Dependency>False</Dependency>
    <IsWrap>False</IsWrap>
    <PreWrap>
    </PreWrap>
    <PostWrap>
    </PostWrap>
    <PrevRef>
    </PrevRef>
    <DataSource>XML</DataSource>
    <LISTITEMS>
      <LISTITEM Id="1" value="" DependentOn="0">1st Attempt</LISTITEM>
      <LISTITEM Id="2" value="" DependentOn="0">2nd Attempt</LISTITEM>
      <LISTITEM Id="3" value="" DependentOn="0">3rd Attempt</LISTITEM>
      <LISTITEM Id="4" value="" DependentOn="0">More Then 3 attempts</LISTITEM>
    </LISTITEMS>
  </DropDownList>
  <DataScript>
    <IsUpdated>False</IsUpdated>
    <Array>var Arrayddl_0DropDown = new Array( 2 );
if (Arrayddl_0DropDown[0] ==null) Arrayddl_0DropDown[0] = new Array();
Arrayddl_0DropDown[0][1]= new Array('Case');
if (Arrayddl_0DropDown[0] ==null) Arrayddl_0DropDown[0] = new Array();
Arrayddl_0DropDown[0][2]= new Array('PR');
var Arrayddl_1DropDown = new Array( 7 );
if (Arrayddl_1DropDown[2] ==null) Arrayddl_1DropDown[2] = new Array();
Arrayddl_1DropDown[2][1]= new Array('Assigned');
if (Arrayddl_1DropDown[0] ==null) Arrayddl_1DropDown[0] = new Array();
Arrayddl_1DropDown[0][2]= new Array('In Charge');
if (Arrayddl_1DropDown[2] ==null) Arrayddl_1DropDown[2] = new Array();
Arrayddl_1DropDown[2][3]= new Array('In Charge');
if (Arrayddl_1DropDown[2] ==null) Arrayddl_1DropDown[2] = new Array();
Arrayddl_1DropDown[2][4]= new Array('Resolve');
if (Arrayddl_1DropDown[2] ==null) Arrayddl_1DropDown[2] = new Array();
Arrayddl_1DropDown[2][5]= new Array('Suspended');
if (Arrayddl_1DropDown[1] ==null) Arrayddl_1DropDown[1] = new Array();
Arrayddl_1DropDown[1][6]= new Array('Open');
if (Arrayddl_1DropDown[1] ==null) Arrayddl_1DropDown[1] = new Array();
Arrayddl_1DropDown[1][7]= new Array('UA');
var Arrayddl_2DropDown = new Array( 26 );
if (Arrayddl_2DropDown[6] ==null) Arrayddl_2DropDown[6] = new Array();
Arrayddl_2DropDown[6][1]= new Array('UA');
if (Arrayddl_2DropDown[6] ==null) Arrayddl_2DropDown[6] = new Array();
Arrayddl_2DropDown[6][2]= new Array('Closed');
if (Arrayddl_2DropDown[6] ==null) Arrayddl_2DropDown[6] = new Array();
Arrayddl_2DropDown[6][3]= new Array('PR Raised');
if (Arrayddl_2DropDown[6] ==null) Arrayddl_2DropDown[6] = new Array();
Arrayddl_2DropDown[6][4]= new Array('Assigned To TL');
if (Arrayddl_2DropDown[6] ==null) Arrayddl_2DropDown[6] = new Array();
Arrayddl_2DropDown[6][5]= new Array('Follow Up');
if (Arrayddl_2DropDown[7] ==null) Arrayddl_2DropDown[7] = new Array();
Arrayddl_2DropDown[7][6]= new Array('UA');
if (Arrayddl_2DropDown[7] ==null) Arrayddl_2DropDown[7] = new Array();
Arrayddl_2DropDown[7][7]= new Array('Closed');
if (Arrayddl_2DropDown[7] ==null) Arrayddl_2DropDown[7] = new Array();
Arrayddl_2DropDown[7][8]= new Array('Closed on 3rd attempt');
if (Arrayddl_2DropDown[7] ==null) Arrayddl_2DropDown[7] = new Array();
Arrayddl_2DropDown[7][9]= new Array('PR Raised');
if (Arrayddl_2DropDown[7] ==null) Arrayddl_2DropDown[7] = new Array();
Arrayddl_2DropDown[7][10]= new Array('Follow Up');
if (Arrayddl_2DropDown[1] ==null) Arrayddl_2DropDown[1] = new Array();
Arrayddl_2DropDown[1][11]= new Array('Incharge');
if (Arrayddl_2DropDown[1] ==null) Arrayddl_2DropDown[1] = new Array();
Arrayddl_2DropDown[1][12]= new Array('Re-Assigned');
if (Arrayddl_2DropDown[1] ==null) Arrayddl_2DropDown[1] = new Array();
Arrayddl_2DropDown[1][13]= new Array('Closed');
if (Arrayddl_2DropDown[1] ==null) Arrayddl_2DropDown[1] = new Array();
Arrayddl_2DropDown[1][14]= new Array('Suspended');
if (Arrayddl_2DropDown[3] ==null) Arrayddl_2DropDown[3] = new Array();
Arrayddl_2DropDown[3][15]= new Array('Reassigned');
if (Arrayddl_2DropDown[3] ==null) Arrayddl_2DropDown[3] = new Array();
Arrayddl_2DropDown[3][16]= new Array('Closed');
if (Arrayddl_2DropDown[3] ==null) Arrayddl_2DropDown[3] = new Array();
Arrayddl_2DropDown[3][17]= new Array('Suspended');
if (Arrayddl_2DropDown[4] ==null) Arrayddl_2DropDown[4] = new Array();
Arrayddl_2DropDown[4][18]= new Array('Close');
if (Arrayddl_2DropDown[4] ==null) Arrayddl_2DropDown[4] = new Array();
Arrayddl_2DropDown[4][19]= new Array('Reassigned');
if (Arrayddl_2DropDown[4] ==null) Arrayddl_2DropDown[4] = new Array();
Arrayddl_2DropDown[4][20]= new Array('Suspended');
if (Arrayddl_2DropDown[5] ==null) Arrayddl_2DropDown[5] = new Array();
Arrayddl_2DropDown[5][21]= new Array('Incharge');
if (Arrayddl_2DropDown[5] ==null) Arrayddl_2DropDown[5] = new Array();
Arrayddl_2DropDown[5][22]= new Array('Closed');
if (Arrayddl_2DropDown[5] ==null) Arrayddl_2DropDown[5] = new Array();
Arrayddl_2DropDown[5][23]= new Array('Suspended');
if (Arrayddl_2DropDown[5] ==null) Arrayddl_2DropDown[5] = new Array();
Arrayddl_2DropDown[5][24]= new Array('Reassigned');
if (Arrayddl_2DropDown[3] ==null) Arrayddl_2DropDown[3] = new Array();
Arrayddl_2DropDown[3][25]= new Array('In Charge');
if (Arrayddl_2DropDown[4] ==null) Arrayddl_2DropDown[4] = new Array();
Arrayddl_2DropDown[4][26]= new Array('Resolve');
var Arrayddl_3DropDown = new Array( 4 );
if (Arrayddl_3DropDown[0] ==null) Arrayddl_3DropDown[0] = new Array();
Arrayddl_3DropDown[0][1]= new Array('1st Attempt');
if (Arrayddl_3DropDown[0] ==null) Arrayddl_3DropDown[0] = new Array();
Arrayddl_3DropDown[0][2]= new Array('2nd Attempt');
if (Arrayddl_3DropDown[0] ==null) Arrayddl_3DropDown[0] = new Array();
Arrayddl_3DropDown[0][3]= new Array('3rd Attempt');
if (Arrayddl_3DropDown[0] ==null) Arrayddl_3DropDown[0] = new Array();
Arrayddl_3DropDown[0][4]= new Array('More Then 3 attempts');
var Arraylb_0ListBox = new Array( 3 );
if (Arraylb_0ListBox[0] ==null) Arraylb_0ListBox[0] = new Array();
Arraylb_0ListBox[0][1]= new Array('Browser');
if (Arraylb_0ListBox[0] ==null) Arraylb_0ListBox[0] = new Array();
Arraylb_0ListBox[0][2]= new Array('HLR Service provisioning request');
if (Arraylb_0ListBox[0] ==null) Arraylb_0ListBox[0] = new Array();
Arraylb_0ListBox[0][3]= new Array('Mobile Broadband');
var Arraylb_1ListBox = new Array( 79 );
if (Arraylb_1ListBox[1] ==null) Arraylb_1ListBox[1] = new Array();
Arraylb_1ListBox[1][1]= new Array('Amend Top Shelf PIN Number');
if (Arraylb_1ListBox[1] ==null) Arraylb_1ListBox[1] = new Array();
Arraylb_1ListBox[1][2]= new Array('Any Other Error');
if (Arraylb_1ListBox[1] ==null) Arraylb_1ListBox[1] = new Array();
Arraylb_1ListBox[1][3]= new Array('Browser - Alert / Subscription');
if (Arraylb_1ListBox[1] ==null) Arraylb_1ListBox[1] = new Array();
Arraylb_1ListBox[1][4]= new Array('Cannot Access Planet 3');
if (Arraylb_1ListBox[1] ==null) Arraylb_1ListBox[1] = new Array();
Arraylb_1ListBox[1][5]= new Array('Cannot Access Specific Part of Planet 3');
if (Arraylb_1ListBox[1] ==null) Arraylb_1ListBox[1] = new Array();
Arraylb_1ListBox[1][6]= new Array('Cannot Download - Games');
if (Arraylb_1ListBox[1] ==null) Arraylb_1ListBox[1] = new Array();
Arraylb_1ListBox[1][7]= new Array('Cannot Stream / Mobile TV');
if (Arraylb_1ListBox[1] ==null) Arraylb_1ListBox[1] = new Array();
Arraylb_1ListBox[1][8]= new Array('Content Missing / Not Updated');
if (Arraylb_1ListBox[1] ==null) Arraylb_1ListBox[1] = new Array();
Arraylb_1ListBox[1][9]= new Array('Data Usage');
if (Arraylb_1ListBox[1] ==null) Arraylb_1ListBox[1] = new Array();
Arraylb_1ListBox[1][10]= new Array('Dialtunes');
if (Arraylb_1ListBox[1] ==null) Arraylb_1ListBox[1] = new Array();
Arraylb_1ListBox[1][11]= new Array('Ebay');
if (Arraylb_1ListBox[1] ==null) Arraylb_1ListBox[1] = new Array();
Arraylb_1ListBox[1][12]= new Array('Email issues');
if (Arraylb_1ListBox[1] ==null) Arraylb_1ListBox[1] = new Array();
Arraylb_1ListBox[1][13]= new Array('Email on 3 - Cannot Login');
if (Arraylb_1ListBox[1] ==null) Arraylb_1ListBox[1] = new Array();
Arraylb_1ListBox[1][14]= new Array('Email on 3 - Cannot Send/Receive');
if (Arraylb_1ListBox[1] ==null) Arraylb_1ListBox[1] = new Array();
Arraylb_1ListBox[1][15]= new Array('Email on 3 - Internal Error');
if (Arraylb_1ListBox[1] ==null) Arraylb_1ListBox[1] = new Array();
Arraylb_1ListBox[1][16]= new Array('Email on 3 - Subscription Expired');
if (Arraylb_1ListBox[1] ==null) Arraylb_1ListBox[1] = new Array();
Arraylb_1ListBox[1][17]= new Array('Email on 3 - Timeout/Delayed Email');
if (Arraylb_1ListBox[1] ==null) Arraylb_1ListBox[1] = new Array();
Arraylb_1ListBox[1][18]= new Array('Email on 3 - Unable to Identify Device');
if (Arraylb_1ListBox[1] ==null) Arraylb_1ListBox[1] = new Array();
Arraylb_1ListBox[1][19]= new Array('Fault - Music');
if (Arraylb_1ListBox[1] ==null) Arraylb_1ListBox[1] = new Array();
Arraylb_1ListBox[1][20]= new Array('Fault-Mobile websites');
if (Arraylb_1ListBox[1] ==null) Arraylb_1ListBox[1] = new Array();
Arraylb_1ListBox[1][21]= new Array('Game – Faulty/Distorted/Does Not Play');
if (Arraylb_1ListBox[1] ==null) Arraylb_1ListBox[1] = new Array();
Arraylb_1ListBox[1][22]= new Array('Google Apps');
if (Arraylb_1ListBox[1] ==null) Arraylb_1ListBox[1] = new Array();
Arraylb_1ListBox[1][23]= new Array('Hnadset Customer');
if (Arraylb_1ListBox[1] ==null) Arraylb_1ListBox[1] = new Array();
Arraylb_1ListBox[1][24]= new Array('Int Roaming–Mobile Sites');
if (Arraylb_1ListBox[1] ==null) Arraylb_1ListBox[1] = new Array();
Arraylb_1ListBox[1][25]= new Array('Invalid data allowance message');
if (Arraylb_1ListBox[1] ==null) Arraylb_1ListBox[1] = new Array();
Arraylb_1ListBox[1][26]= new Array('MSN');
if (Arraylb_1ListBox[1] ==null) Arraylb_1ListBox[1] = new Array();
Arraylb_1ListBox[1][27]= new Array('Music/Video Track – Faulty/Distorted/Does Not Play');
if (Arraylb_1ListBox[1] ==null) Arraylb_1ListBox[1] = new Array();
Arraylb_1ListBox[1][28]= new Array('My3 - Handset');
if (Arraylb_1ListBox[1] ==null) Arraylb_1ListBox[1] = new Array();
Arraylb_1ListBox[1][29]= new Array('My3 - PC - Handset');
if (Arraylb_1ListBox[1] ==null) Arraylb_1ListBox[1] = new Array();
Arraylb_1ListBox[1][30]= new Array('No Coverage-Green');
if (Arraylb_1ListBox[1] ==null) Arraylb_1ListBox[1] = new Array();
Arraylb_1ListBox[1][31]= new Array('No Coverage-Orange');
if (Arraylb_1ListBox[1] ==null) Arraylb_1ListBox[1] = new Array();
Arraylb_1ListBox[1][32]= new Array('No Coverage-Yellow');
if (Arraylb_1ListBox[1] ==null) Arraylb_1ListBox[1] = new Array();
Arraylb_1ListBox[1][33]= new Array('No Packet Switch Access');
if (Arraylb_1ListBox[1] ==null) Arraylb_1ListBox[1] = new Array();
Arraylb_1ListBox[1][34]= new Array('Other Product – Faulty/Distorted/Does Not Play');
if (Arraylb_1ListBox[1] ==null) Arraylb_1ListBox[1] = new Array();
Arraylb_1ListBox[1][35]= new Array('Site PR-Handset');
if (Arraylb_1ListBox[1] ==null) Arraylb_1ListBox[1] = new Array();
Arraylb_1ListBox[1][36]= new Array('Skype');
if (Arraylb_1ListBox[1] ==null) Arraylb_1ListBox[1] = new Array();
Arraylb_1ListBox[1][37]= new Array('Skype - Call Quality Issues');
if (Arraylb_1ListBox[1] ==null) Arraylb_1ListBox[1] = new Array();
Arraylb_1ListBox[1][38]= new Array('Skype - Call Set Up Delay');
if (Arraylb_1ListBox[1] ==null) Arraylb_1ListBox[1] = new Array();
Arraylb_1ListBox[1][39]= new Array('Skype - Calls Drop');
if (Arraylb_1ListBox[1] ==null) Arraylb_1ListBox[1] = new Array();
Arraylb_1ListBox[1][40]= new Array('Skype - Cannot Make Call');
if (Arraylb_1ListBox[1] ==null) Arraylb_1ListBox[1] = new Array();
Arraylb_1ListBox[1][41]= new Array('Skype - Chat Issues');
if (Arraylb_1ListBox[1] ==null) Arraylb_1ListBox[1] = new Array();
Arraylb_1ListBox[1][42]= new Array('Skype - Connecting / Timeout');
if (Arraylb_1ListBox[1] ==null) Arraylb_1ListBox[1] = new Array();
Arraylb_1ListBox[1][43]= new Array('Skype - Service currently unavailable');
if (Arraylb_1ListBox[1] ==null) Arraylb_1ListBox[1] = new Array();
Arraylb_1ListBox[1][44]= new Array('Slingbox');
if (Arraylb_1ListBox[1] ==null) Arraylb_1ListBox[1] = new Array();
Arraylb_1ListBox[1][45]= new Array('Spotify–No Code');
if (Arraylb_1ListBox[1] ==null) Arraylb_1ListBox[1] = new Array();
Arraylb_1ListBox[1][46]= new Array('Top Shelf');
if (Arraylb_1ListBox[1] ==null) Arraylb_1ListBox[1] = new Array();
Arraylb_1ListBox[1][47]= new Array('WLM - Chatting / Conversations');
if (Arraylb_1ListBox[1] ==null) Arraylb_1ListBox[1] = new Array();
Arraylb_1ListBox[1][48]= new Array('WLM - Contacts Problem');
if (Arraylb_1ListBox[1] ==null) Arraylb_1ListBox[1] = new Array();
Arraylb_1ListBox[1][49]= new Array('WLM - Disconnecting / Timeout');
if (Arraylb_1ListBox[1] ==null) Arraylb_1ListBox[1] = new Array();
Arraylb_1ListBox[1][50]= new Array('WLM - Technical Difficulties');
if (Arraylb_1ListBox[1] ==null) Arraylb_1ListBox[1] = new Array();
Arraylb_1ListBox[1][51]= new Array('WLM - Unable to Login');
if (Arraylb_1ListBox[1] ==null) Arraylb_1ListBox[1] = new Array();
Arraylb_1ListBox[1][52]= new Array('Yahoo Go!');
if (Arraylb_1ListBox[2] ==null) Arraylb_1ListBox[2] = new Array();
Arraylb_1ListBox[2][53]= new Array('HLR Service Provisioning Request');
if (Arraylb_1ListBox[3] ==null) Arraylb_1ListBox[3] = new Array();
Arraylb_1ListBox[3][54]= new Array('3G coverage - modem');
if (Arraylb_1ListBox[3] ==null) Arraylb_1ListBox[3] = new Array();
Arraylb_1ListBox[3][55]= new Array('BSK Credit');
if (Arraylb_1ListBox[3] ==null) Arraylb_1ListBox[3] = new Array();
Arraylb_1ListBox[3][56]= new Array('Connect Button Grayed out');
if (Arraylb_1ListBox[3] ==null) Arraylb_1ListBox[3] = new Array();
Arraylb_1ListBox[3][57]= new Array('Connected - unable to browse');
if (Arraylb_1ListBox[3] ==null) Arraylb_1ListBox[3] = new Array();
Arraylb_1ListBox[3][58]= new Array('Data modem invalid');
if (Arraylb_1ListBox[3] ==null) Arraylb_1ListBox[3] = new Array();
Arraylb_1ListBox[3][59]= new Array('Early Retire (No ETF) - MBB');
if (Arraylb_1ListBox[3] ==null) Arraylb_1ListBox[3] = new Array();
Arraylb_1ListBox[3][60]= new Array('Email Client issues');
if (Arraylb_1ListBox[3] ==null) Arraylb_1ListBox[3] = new Array();
Arraylb_1ListBox[3][61]= new Array('Error while connecting');
if (Arraylb_1ListBox[3] ==null) Arraylb_1ListBox[3] = new Array();
Arraylb_1ListBox[3][62]= new Array('Error while connecting 2');
if (Arraylb_1ListBox[3] ==null) Arraylb_1ListBox[3] = new Array();
Arraylb_1ListBox[3][63]= new Array('Exec Office Request');
if (Arraylb_1ListBox[3] ==null) Arraylb_1ListBox[3] = new Array();
Arraylb_1ListBox[3][64]= new Array('Frequent Disconnections');
if (Arraylb_1ListBox[3] ==null) Arraylb_1ListBox[3] = new Array();
Arraylb_1ListBox[3][65]= new Array('Installation error');
if (Arraylb_1ListBox[3] ==null) Arraylb_1ListBox[3] = new Array();
Arraylb_1ListBox[3][66]= new Array('MBB Customer');
if (Arraylb_1ListBox[3] ==null) Arraylb_1ListBox[3] = new Array();
Arraylb_1ListBox[3][67]= new Array('Mobile Broadband coverage');
if (Arraylb_1ListBox[3] ==null) Arraylb_1ListBox[3] = new Array();
Arraylb_1ListBox[3][68]= new Array('Modem');
if (Arraylb_1ListBox[3] ==null) Arraylb_1ListBox[3] = new Array();
Arraylb_1ListBox[3][69]= new Array('Modem Customer');
if (Arraylb_1ListBox[3] ==null) Arraylb_1ListBox[3] = new Array();
Arraylb_1ListBox[3][70]= new Array('My3 - PC - MBB');
if (Arraylb_1ListBox[3] ==null) Arraylb_1ListBox[3] = new Array();
Arraylb_1ListBox[3][71]= new Array('No Coverage-Purple');
if (Arraylb_1ListBox[3] ==null) Arraylb_1ListBox[3] = new Array();
Arraylb_1ListBox[3][72]= new Array('Other voucher issues');
if (Arraylb_1ListBox[3] ==null) Arraylb_1ListBox[3] = new Array();
Arraylb_1ListBox[3][73]= new Array('PAYG voucher related');
if (Arraylb_1ListBox[3] ==null) Arraylb_1ListBox[3] = new Array();
Arraylb_1ListBox[3][74]= new Array('Receiving multiple data usage alerts');
if (Arraylb_1ListBox[3] ==null) Arraylb_1ListBox[3] = new Array();
Arraylb_1ListBox[3][75]= new Array('Site PR');
if (Arraylb_1ListBox[3] ==null) Arraylb_1ListBox[3] = new Array();
Arraylb_1ListBox[3][76]= new Array('Slow speed');
if (Arraylb_1ListBox[3] ==null) Arraylb_1ListBox[3] = new Array();
Arraylb_1ListBox[3][77]= new Array('Slow Speed-P2P');
if (Arraylb_1ListBox[3] ==null) Arraylb_1ListBox[3] = new Array();
Arraylb_1ListBox[3][78]= new Array('Unable to access specific websites');
if (Arraylb_1ListBox[3] ==null) Arraylb_1ListBox[3] = new Array();
Arraylb_1ListBox[3][79]= new Array('Weak Fluctuating Signal-Green');
var Arraylb_2ListBox = new Array( 17 );
if (Arraylb_2ListBox[0] ==null) Arraylb_2ListBox[0] = new Array();
Arraylb_2ListBox[0][1]= new Array('Auto resolve');
if (Arraylb_2ListBox[0] ==null) Arraylb_2ListBox[0] = new Array();
Arraylb_2ListBox[0][2]= new Array('PR Raised');
if (Arraylb_2ListBox[0] ==null) Arraylb_2ListBox[0] = new Array();
Arraylb_2ListBox[0][3]= new Array('Issue Resolved on Call');
if (Arraylb_2ListBox[0] ==null) Arraylb_2ListBox[0] = new Array();
Arraylb_2ListBox[0][4]= new Array('Handset / Modem Booked');
if (Arraylb_2ListBox[0] ==null) Arraylb_2ListBox[0] = new Array();
Arraylb_2ListBox[0][5]= new Array('Advised to Rule out modem/ Handset fault');
if (Arraylb_2ListBox[0] ==null) Arraylb_2ListBox[0] = new Array();
Arraylb_2ListBox[0][6]= new Array('Service Limitation');
if (Arraylb_2ListBox[0] ==null) Arraylb_2ListBox[0] = new Array();
Arraylb_2ListBox[0][7]= new Array('Offer Cancellation');
if (Arraylb_2ListBox[0] ==null) Arraylb_2ListBox[0] = new Array();
Arraylb_2ListBox[0][8]= new Array('Cancellation PR SLA not accepted');
if (Arraylb_2ListBox[0] ==null) Arraylb_2ListBox[0] = new Array();
Arraylb_2ListBox[0][9]= new Array('Cancellation PR SLA not met');
if (Arraylb_2ListBox[0] ==null) Arraylb_2ListBox[0] = new Array();
Arraylb_2ListBox[0][10]= new Array('Cancellation Future Dated Resolution');
if (Arraylb_2ListBox[0] ==null) Arraylb_2ListBox[0] = new Array();
Arraylb_2ListBox[0][11]= new Array('Follow Up Riased Case Closed');
if (Arraylb_2ListBox[0] ==null) Arraylb_2ListBox[0] = new Array();
Arraylb_2ListBox[0][12]= new Array('Incorrect Case Raised');
if (Arraylb_2ListBox[0] ==null) Arraylb_2ListBox[0] = new Array();
Arraylb_2ListBox[0][13]= new Array('Customer not reachable');
if (Arraylb_2ListBox[0] ==null) Arraylb_2ListBox[0] = new Array();
Arraylb_2ListBox[0][14]= new Array('Future Fix Date');
if (Arraylb_2ListBox[0] ==null) Arraylb_2ListBox[0] = new Array();
Arraylb_2ListBox[0][15]= new Array('Issue Persist');
if (Arraylb_2ListBox[0] ==null) Arraylb_2ListBox[0] = new Array();
Arraylb_2ListBox[0][16]= new Array('Testing Services');
if (Arraylb_2ListBox[0] ==null) Arraylb_2ListBox[0] = new Array();
Arraylb_2ListBox[0][17]= new Array('Closed');
</Array>
  </DataScript>
</FORMS>