﻿<?xml version="1.0" encoding="utf-8"?>
<FORMS xmlns:xsi="http://www.w3.org/2001/XMLSchema-instance" FormID="216" VersionName="1.2">
  <CC3EmployeesDropDown>
    <Label>
      <Text>vbn</Text>
    </Label>
    <ControlID>10</ControlID>
    <ControlType>Custom</ControlType>
    <FieldID>cc_0DropDown</FieldID>
    <Title>vbn</Title>
    <X-Pos>10</X-Pos>
    <Y-Pos>10</Y-Pos>
    <Width>
    </Width>
    <IsRequired>False</IsRequired>
    <IsManageable>False</IsManageable>
    <IsOnClickedChanged>
    </IsOnClickedChanged>
    <IsPostBack>False</IsPostBack>
    <IsWrap>False</IsWrap>
    <PreWrap>False</PreWrap>
    <PostWrap>False</PostWrap>
    <DataSource>DB</DataSource>
    <SkillSets>
      <SkillSet Id="46">Automation and Software Development</SkillSet>
    </SkillSets>
    <CostCentres>
      <CostCentre Id="4">JOINT</CostCentre>
    </CostCentres>
    <IsQueryPattern>undefined</IsQueryPattern>
    <Tabindex>1</Tabindex>
    <IsHide>1</IsHide>
  </CC3EmployeesDropDown>
  <TextBox1>
    <Label>
      <Text>vbn Manager</Text>
    </Label>
    <ControlID>1</ControlID>
    <ControlType>Basic</ControlType>
    <FieldID>cctxt_0TextBox</FieldID>
    <Title>vbn Manager</Title>
    <X-Pos>210</X-Pos>
    <Y-Pos>10</Y-Pos>
    <Width>
    </Width>
    <IsRequired>False</IsRequired>
    <IsPostBack>False</IsPostBack>
    <IsWrap>False</IsWrap>
    <PreWrap>cc</PreWrap>
    <PostWrap>False</PostWrap>
    <TextMode>SingleLine</TextMode>
    <IsType>undefined</IsType>
    <MaxLength>100</MaxLength>
    <Dependency>
    </Dependency>
    <PrevRef>
    </PrevRef>
    <DependentID>
    </DependentID>
    <Tabindex>1</Tabindex>
    <Height>50</Height>
    <IsHide>1</IsHide>
  </TextBox1>
  <CC3EmployeesDropDown>
    <Label>
      <Text>rty</Text>
    </Label>
    <ControlID>10</ControlID>
    <ControlType>Custom</ControlType>
    <FieldID>cc_1DropDown</FieldID>
    <Title>rty</Title>
    <X-Pos>10</X-Pos>
    <Y-Pos>80</Y-Pos>
    <Width>
    </Width>
    <IsRequired>False</IsRequired>
    <IsManageable>False</IsManageable>
    <IsOnClickedChanged>
    </IsOnClickedChanged>
    <IsPostBack>False</IsPostBack>
    <IsWrap>False</IsWrap>
    <PreWrap>False</PreWrap>
    <PostWrap>
    </PostWrap>
    <DataSource>DB</DataSource>
    <SkillSets>
      <SkillSet Id="24">Branding and Marketing Communication</SkillSet>
    </SkillSets>
    <CostCentres>
      <CostCentre Id="4">JOINT</CostCentre>
    </CostCentres>
    <IsQueryPattern>undefined</IsQueryPattern>
    <Tabindex>3</Tabindex>
    <IsHide>3</IsHide>
  </CC3EmployeesDropDown>
  <TextBox1>
    <Label>
      <Text>rty Manager</Text>
    </Label>
    <ControlID>1</ControlID>
    <ControlType>Basic</ControlType>
    <FieldID>cctxt_1TextBox</FieldID>
    <Title>rty Manager</Title>
    <X-Pos>210</X-Pos>
    <Y-Pos>80</Y-Pos>
    <Width>
    </Width>
    <IsRequired>False</IsRequired>
    <IsPostBack>False</IsPostBack>
    <IsWrap>False</IsWrap>
    <PreWrap>cc</PreWrap>
    <PostWrap>
    </PostWrap>
    <TextMode>SingleLine</TextMode>
    <IsType>undefined</IsType>
    <MaxLength>100</MaxLength>
    <Dependency>
    </Dependency>
    <PrevRef>
    </PrevRef>
    <DependentID>
    </DependentID>
    <Tabindex>3</Tabindex>
    <Height>50</Height>
    <IsHide>3</IsHide>
  </TextBox1>
  <DataScript>
    <IsUpdated>False</IsUpdated>
    <Array>
    </Array>
  </DataScript>
</FORMS>