﻿<?xml version="1.0" encoding="utf-8"?>
<FORMS xmlns:xsi="http://www.w3.org/2001/XMLSchema-instance" FormID="98" VersionName="3.9">
  <TextBox>
    <Label>
      <Text>Msisdn</Text>
    </Label>
    <ControlID>1</ControlID>
    <ControlType>Basic</ControlType>
    <FieldID>txt_0TextBox</FieldID>
    <Title>Msisdn</Title>
    <X-Pos>16</X-Pos>
    <Y-Pos>14</Y-Pos>
    <Width>200</Width>
    <IsRequired>True</IsRequired>
    <IsPostBack>False</IsPostBack>
    <IsWrap>True</IsWrap>
    <PreWrap>Msisdn</PreWrap>
    <PostWrap>
    </PostWrap>
    <TextMode>Singleline</TextMode>
    <IsType>Numeric</IsType>
    <MaxLength>12</MaxLength>
    <Dependency>
    </Dependency>
    <PrevRef>
    </PrevRef>
    <DependentID>
    </DependentID>
  </TextBox>
  <DropDownList>
    <Label>
      <Text>Customer Value</Text>
    </Label>
    <ControlID>2</ControlID>
    <ControlType>Basic</ControlType>
    <FieldID>ddl_0DropDown</FieldID>
    <Title>Customer Value</Title>
    <DependentID>
    </DependentID>
    <X-Pos>562</X-Pos>
    <Y-Pos>15</Y-Pos>
    <Width>200</Width>
    <IsRequired>False</IsRequired>
    <IsManageable>True</IsManageable>
    <IsPostBack>False</IsPostBack>
    <Dependency>False</Dependency>
    <IsWrap>False</IsWrap>
    <PreWrap>
    </PreWrap>
    <PostWrap>
    </PostWrap>
    <PrevRef>
    </PrevRef>
    <DataSource>XML</DataSource>
    <LISTITEMS>
      <LISTITEM Id="1" value="" DependentOn="0">H3</LISTITEM>
      <LISTITEM Id="2" value="" DependentOn="0">H2</LISTITEM>
      <LISTITEM Id="3" value="" DependentOn="0">H1</LISTITEM>
      <LISTITEM Id="4" value="" DependentOn="0">M1</LISTITEM>
      <LISTITEM Id="5" value="" DependentOn="0">M0</LISTITEM>
      <LISTITEM Id="6" value="" DependentOn="0">L1</LISTITEM>
      <LISTITEM Id="7" value="" DependentOn="0">L2</LISTITEM>
      <LISTITEM Id="8" value="" DependentOn="0">L3</LISTITEM>
      <LISTITEM Id="9" value="" DependentOn="0">L4</LISTITEM>
      <LISTITEM Id="10" value="" DependentOn="0">H0</LISTITEM>
    </LISTITEMS>
  </DropDownList>
  <CheckBoxList>
    <Label>
      <Text>Incorrect Transfer</Text>
    </Label>
    <ControlID>4</ControlID>
    <ControlType>Basic</ControlType>
    <FieldID>cbl_0CheckBox</FieldID>
    <Title>Incorrect Transfer</Title>
    <X-Pos>832</X-Pos>
    <Y-Pos>23</Y-Pos>
    <Width>200</Width>
    <IsRequired>True</IsRequired>
    <IsManageable>True</IsManageable>
    <IsPostBack>False</IsPostBack>
    <RepeatColumns>1</RepeatColumns>
    <RepeatDirection>Horizontal</RepeatDirection>
    <IsWrap>True</IsWrap>
    <PreWrap>Incorrect Transfer</PreWrap>
    <PostWrap>
    </PostWrap>
    <Dependency>
    </Dependency>
    <PrevRef>
    </PrevRef>
    <DependentID>
    </DependentID>
    <DataSource>XML</DataSource>
    <LISTITEMS>
      <LISTITEM Id="0" value="" DependentOn="0">Yes</LISTITEM>
      <LISTITEM Id="1" value="" DependentOn="0">No</LISTITEM>
    </LISTITEMS>
  </CheckBoxList>
  <DropDownList>
    <Label>
      <Text>Current Price Plan</Text>
    </Label>
    <ControlID>2</ControlID>
    <ControlType>Basic</ControlType>
    <FieldID>ddl_1DropDown</FieldID>
    <Title>Current Price Plan</Title>
    <DependentID>
    </DependentID>
    <X-Pos>19</X-Pos>
    <Y-Pos>77</Y-Pos>
    <Width>200</Width>
    <IsRequired>True</IsRequired>
    <IsManageable>True</IsManageable>
    <IsPostBack>False</IsPostBack>
    <Dependency>False</Dependency>
    <IsWrap>True</IsWrap>
    <PreWrap>Current Price Plan</PreWrap>
    <PostWrap>
    </PostWrap>
    <PrevRef>
    </PrevRef>
    <DataSource>XML</DataSource>
    <LISTITEMS>
      <LISTITEM Id="1" value="" DependentOn="0">Business 600</LISTITEM>
      <LISTITEM Id="2" value="" DependentOn="0">Business 900</LISTITEM>
      <LISTITEM Id="3" value="" DependentOn="0">Business Flat Rate</LISTITEM>
      <LISTITEM Id="4" value="" DependentOn="0">Buss Flt RT+ Mail</LISTITEM>
      <LISTITEM Id="5" value="" DependentOn="0">BusS Share 1000</LISTITEM>
      <LISTITEM Id="6" value="" DependentOn="0">Buss Share 2000</LISTITEM>
      <LISTITEM Id="7" value="" DependentOn="0">Buss Share 3000</LISTITEM>
      <LISTITEM Id="8" value="" DependentOn="0">Buss Share 4000</LISTITEM>
      <LISTITEM Id="9" value="" DependentOn="0">BusMixMatch100</LISTITEM>
      <LISTITEM Id="10" value="" DependentOn="0">BusMixMatch1100</LISTITEM>
      <LISTITEM Id="11" value="" DependentOn="0">BusMixMatch300</LISTITEM>
      <LISTITEM Id="12" value="" DependentOn="0">BusMixMatch500</LISTITEM>
      <LISTITEM Id="13" value="" DependentOn="0">BusMixMatch700</LISTITEM>
      <LISTITEM Id="14" value="" DependentOn="0">BusMixMatch900</LISTITEM>
      <LISTITEM Id="15" value="" DependentOn="0">Broadband Lite</LISTITEM>
      <LISTITEM Id="16" value="" DependentOn="0">Broadband Plus</LISTITEM>
      <LISTITEM Id="17" value="" DependentOn="0">Broadband Max</LISTITEM>
      <LISTITEM Id="18" value="" DependentOn="0">Broadband 15 GB</LISTITEM>
      <LISTITEM Id="19" value="" DependentOn="0">N/A</LISTITEM>
      <LISTITEM Id="20" value="" DependentOn="0">Broadband 5GB</LISTITEM>
    </LISTITEMS>
  </DropDownList>
  <ListBox>
    <Label>
      <Text>call Type</Text>
    </Label>
    <ControlID>5</ControlID>
    <ControlType>Basic</ControlType>
    <FieldID>lb_0ListBox</FieldID>
    <Title>call Type</Title>
    <DependentID>lb_1ListBox</DependentID>
    <X-Pos>22</X-Pos>
    <Y-Pos>279</Y-Pos>
    <Width>100</Width>
    <IsRequired>True</IsRequired>
    <IsManageable>True</IsManageable>
    <IsPostBack>False</IsPostBack>
    <Dependency>True</Dependency>
    <IsWrap>True</IsWrap>
    <PreWrap>Call Type</PreWrap>
    <PostWrap>
    </PostWrap>
    <PrevRef>
    </PrevRef>
    <DataSource>XML</DataSource>
    <LISTITEMS>
      <LISTITEM Id="1" value="" DependentOn="0">Post Upgrade Query</LISTITEM>
      <LISTITEM Id="2" value="" DependentOn="0">Pre Upgrade Query</LISTITEM>
      <LISTITEM Id="3" value="" DependentOn="0">Upgrade / Cancellation Request</LISTITEM>
      <LISTITEM Id="4" value="" DependentOn="0">Blank Call / Unclear Call</LISTITEM>
      <LISTITEM Id="5" value="" DependentOn="0">Consumer Customer</LISTITEM>
      <LISTITEM Id="6" value="" DependentOn="0">General Query</LISTITEM>
      <LISTITEM Id="7" value="" DependentOn="0">Dealer Calls</LISTITEM>
    </LISTITEMS>
  </ListBox>
  <ListBox>
    <Label>
      <Text>Call Outcome</Text>
    </Label>
    <ControlID>5</ControlID>
    <ControlType>Basic</ControlType>
    <FieldID>lb_1ListBox</FieldID>
    <Title>Call Outcome</Title>
    <DependentID>lb_2ListBox</DependentID>
    <X-Pos>252</X-Pos>
    <Y-Pos>279</Y-Pos>
    <Width>100</Width>
    <IsRequired>True</IsRequired>
    <IsManageable>True</IsManageable>
    <IsPostBack>False</IsPostBack>
    <Dependency>True</Dependency>
    <IsWrap>True</IsWrap>
    <PreWrap>Call Outcome</PreWrap>
    <PostWrap>
    </PostWrap>
    <PrevRef>lb_0ListBox</PrevRef>
    <DataSource>XML</DataSource>
    <LISTITEMS>
      <LISTITEM Id="1" value="" DependentOn="1">Delivery address incorrect</LISTITEM>
      <LISTITEM Id="2" value="" DependentOn="0">Explain my offer</LISTITEM>
      <LISTITEM Id="3" value="" DependentOn="1">Explain my offer</LISTITEM>
      <LISTITEM Id="4" value="" DependentOn="1">Handset not recieved</LISTITEM>
      <LISTITEM Id="5" value="" DependentOn="1">Incorrect handset recieved</LISTITEM>
      <LISTITEM Id="6" value="" DependentOn="1">Incorrect Upgrade Letter recieved</LISTITEM>
      <LISTITEM Id="7" value="" DependentOn="1">Jiffy Bag not recieved</LISTITEM>
      <LISTITEM Id="8" value="" DependentOn="1">MBB Query</LISTITEM>
      <LISTITEM Id="9" value="" DependentOn="1">Promotion not applied</LISTITEM>
      <LISTITEM Id="10" value="" DependentOn="1">When does my new contract start</LISTITEM>
      <LISTITEM Id="11" value="" DependentOn="2">2G SIM in 3G Handset</LISTITEM>
      <LISTITEM Id="12" value="" DependentOn="2">Billing Query</LISTITEM>
      <LISTITEM Id="13" value="" DependentOn="2">Call Dropped / Blank Call</LISTITEM>
      <LISTITEM Id="14" value="" DependentOn="2">Customer Service Issue</LISTITEM>
      <LISTITEM Id="15" value="" DependentOn="2">Downgrade Price Plan</LISTITEM>
      <LISTITEM Id="16" value="" DependentOn="2">Early Upgrade</LISTITEM>
      <LISTITEM Id="17" value="" DependentOn="2">Got a missed call from 3</LISTITEM>
      <LISTITEM Id="18" value="" DependentOn="2">Handset Fault</LISTITEM>
      <LISTITEM Id="19" value="" DependentOn="2">MBB Query</LISTITEM>
      <LISTITEM Id="20" value="" DependentOn="2">Query on new handsets @ 3</LISTITEM>
      <LISTITEM Id="21" value="" DependentOn="2">SMS/MMS recieved</LISTITEM>
      <LISTITEM Id="22" value="" DependentOn="2">Technical issue</LISTITEM>
      <LISTITEM Id="23" value="" DependentOn="2">Upgrade Inquiry</LISTITEM>
      <LISTITEM Id="24" value="" DependentOn="2">When does my contract end</LISTITEM>
      <LISTITEM Id="25" value="" DependentOn="3">Change of Ownership</LISTITEM>
      <LISTITEM Id="26" value="" DependentOn="3">Considering Offer</LISTITEM>
      <LISTITEM Id="27" value="" DependentOn="3">Contract Customer Lost</LISTITEM>
      <LISTITEM Id="28" value="" DependentOn="3">Customer Retained</LISTITEM>
      <LISTITEM Id="29" value="" DependentOn="3">Offer Change request</LISTITEM>
      <LISTITEM Id="30" value="" DependentOn="3">SIM Only cancellation</LISTITEM>
      <LISTITEM Id="31" value="" DependentOn="3">Upgrade</LISTITEM>
      <LISTITEM Id="32" value="" DependentOn="3">Upgrade SIM only to Contract Phone</LISTITEM>
      <LISTITEM Id="33" value="" DependentOn="4">Blank Call</LISTITEM>
      <LISTITEM Id="34" value="" DependentOn="4">Could not hear customer</LISTITEM>
      <LISTITEM Id="35" value="" DependentOn="5">Consumer Customer</LISTITEM>
      <LISTITEM Id="36" value="" DependentOn="6">General Query</LISTITEM>
      <LISTITEM Id="37" value="" DependentOn="3">When does my contract end</LISTITEM>
      <LISTITEM Id="38" value="" DependentOn="1">Dealer Issue</LISTITEM>
      <LISTITEM Id="39" value="" DependentOn="3">Upgrade reversal</LISTITEM>
      <LISTITEM Id="40" value="" DependentOn="1">LSD offer given</LISTITEM>
      <LISTITEM Id="41" value="" DependentOn="1">Want an add on</LISTITEM>
      <LISTITEM Id="42" value="" DependentOn="1">Remove an add on</LISTITEM>
      <LISTITEM Id="43" value="" DependentOn="6">DPA failed</LISTITEM>
      <LISTITEM Id="44" value="" DependentOn="1">14 day handset exchange</LISTITEM>
      <LISTITEM Id="45" value="" DependentOn="1">14 day upgrade reversal</LISTITEM>
      <LISTITEM Id="46" value="" DependentOn="3">Concidering - iphone 4/3g</LISTITEM>
      <LISTITEM Id="47" value="" DependentOn="7">Excell cash back/dscnt not honoured</LISTITEM>
      <LISTITEM Id="48" value="" DependentOn="6">Orange LAC switch off</LISTITEM>
    </LISTITEMS>
  </ListBox>
  <ListBox>
    <Label>
      <Text>Details of Call Outcome</Text>
    </Label>
    <ControlID>5</ControlID>
    <ControlType>Basic</ControlType>
    <FieldID>lb_2ListBox</FieldID>
    <Title>Details of Call Outcome</Title>
    <DependentID>lb_3ListBox</DependentID>
    <X-Pos>478</X-Pos>
    <Y-Pos>280</Y-Pos>
    <Width>100</Width>
    <IsRequired>False</IsRequired>
    <IsManageable>True</IsManageable>
    <IsPostBack>False</IsPostBack>
    <Dependency>True</Dependency>
    <IsWrap>True</IsWrap>
    <PreWrap>Details of Call Outcome</PreWrap>
    <PostWrap>
    </PostWrap>
    <PrevRef>lb_1ListBox</PrevRef>
    <DataSource>XML</DataSource>
    <LISTITEMS>
      <LISTITEM Id="1" value="" DependentOn="7">Raised case to Logistics and gave SLA</LISTITEM>
      <LISTITEM Id="2" value="" DependentOn="9">Not eligible for promotion</LISTITEM>
      <LISTITEM Id="3" value="" DependentOn="9">Promotion applied and case raised for recalculatio</LISTITEM>
      <LISTITEM Id="4" value="" DependentOn="11">Customer chose to ignore the SMS</LISTITEM>
      <LISTITEM Id="5" value="" DependentOn="11">Customer has a 3G Handset</LISTITEM>
      <LISTITEM Id="6" value="" DependentOn="11">New Handset purchased</LISTITEM>
      <LISTITEM Id="7" value="" DependentOn="26">Held to Contract</LISTITEM>
      <LISTITEM Id="8" value="" DependentOn="27">3 to 3 Churn</LISTITEM>
      <LISTITEM Id="9" value="" DependentOn="27">6 months contract request</LISTITEM>
      <LISTITEM Id="10" value="" DependentOn="27">Cannot afford</LISTITEM>
      <LISTITEM Id="11" value="" DependentOn="27">Competitor Better Handsets</LISTITEM>
      <LISTITEM Id="12" value="" DependentOn="27">Competitor Better Offer</LISTITEM>
      <LISTITEM Id="13" value="" DependentOn="27">Dealer Better Offer</LISTITEM>
      <LISTITEM Id="14" value="" DependentOn="27">Dealer calling to Cancel</LISTITEM>
      <LISTITEM Id="15" value="" DependentOn="27">Dealer Cash Back not recieved</LISTITEM>
      <LISTITEM Id="16" value="" DependentOn="27">Employer providing phone</LISTITEM>
      <LISTITEM Id="17" value="" DependentOn="27">Going Abroad</LISTITEM>
      <LISTITEM Id="18" value="" DependentOn="27">Handset not in Stock</LISTITEM>
      <LISTITEM Id="19" value="" DependentOn="27">Move from Mix n Match to other Tariff</LISTITEM>
      <LISTITEM Id="20" value="" DependentOn="27">Network Coverage Issues</LISTITEM>
      <LISTITEM Id="21" value="" DependentOn="27">Obsolete Price Plan - Upgrade Request</LISTITEM>
      <LISTITEM Id="22" value="" DependentOn="27">Poor Customer Service</LISTITEM>
      <LISTITEM Id="23" value="" DependentOn="31">Business 600</LISTITEM>
      <LISTITEM Id="24" value="" DependentOn="31">Business 900</LISTITEM>
      <LISTITEM Id="25" value="" DependentOn="31">Business Flat Rate</LISTITEM>
      <LISTITEM Id="26" value="" DependentOn="31">Business Flat RT+Mail</LISTITEM>
      <LISTITEM Id="27" value="" DependentOn="31">Business Share 1000</LISTITEM>
      <LISTITEM Id="28" value="" DependentOn="31">Business Share 2000</LISTITEM>
      <LISTITEM Id="29" value="" DependentOn="31">Business Share 3000</LISTITEM>
      <LISTITEM Id="30" value="" DependentOn="31">Business Share 4000</LISTITEM>
      <LISTITEM Id="31" value="" DependentOn="31">Bus Mix&amp;Match100</LISTITEM>
      <LISTITEM Id="32" value="" DependentOn="31">Bus Mix&amp;Match1100</LISTITEM>
      <LISTITEM Id="33" value="" DependentOn="31">Bus Mix&amp;Match300</LISTITEM>
      <LISTITEM Id="34" value="" DependentOn="31">Bus Mix&amp;Match500</LISTITEM>
      <LISTITEM Id="35" value="" DependentOn="31">Bus Mix&amp;Match700</LISTITEM>
      <LISTITEM Id="36" value="" DependentOn="31">Bus Mix&amp;Match900</LISTITEM>
      <LISTITEM Id="37" value="" DependentOn="31">SIM 0</LISTITEM>
      <LISTITEM Id="38" value="" DependentOn="31">Sim 10</LISTITEM>
      <LISTITEM Id="39" value="" DependentOn="31">Sim 15</LISTITEM>
      <LISTITEM Id="40" value="" DependentOn="37">Gave the ETF amount</LISTITEM>
      <LISTITEM Id="41" value="" DependentOn="27">Business Shutting Down</LISTITEM>
      <LISTITEM Id="42" value="" DependentOn="27">Employee not working anymore</LISTITEM>
      <LISTITEM Id="43" value="" DependentOn="27">No usage</LISTITEM>
      <LISTITEM Id="44" value="" DependentOn="31">Broadband 5GB</LISTITEM>
      <LISTITEM Id="45" value="" DependentOn="39">reverse &amp; Continue with old contract</LISTITEM>
      <LISTITEM Id="46" value="" DependentOn="39">reverse &amp; cancel contract</LISTITEM>
      <LISTITEM Id="47" value="" DependentOn="40">Handset cost  taken</LISTITEM>
      <LISTITEM Id="48" value="" DependentOn="40">6 month contract extension</LISTITEM>
      <LISTITEM Id="49" value="" DependentOn="41">Voice 500</LISTITEM>
      <LISTITEM Id="50" value="" DependentOn="0">Voice 250</LISTITEM>
      <LISTITEM Id="51" value="" DependentOn="0">Add text 1000</LISTITEM>
      <LISTITEM Id="52" value="" DependentOn="41">add internet max</LISTITEM>
      <LISTITEM Id="53" value="" DependentOn="41">voice 250</LISTITEM>
      <LISTITEM Id="54" value="" DependentOn="41">add text 1000</LISTITEM>
      <LISTITEM Id="55" value="" DependentOn="42">Voice 500</LISTITEM>
      <LISTITEM Id="56" value="" DependentOn="42">voice 250</LISTITEM>
      <LISTITEM Id="57" value="" DependentOn="42">add internet max</LISTITEM>
      <LISTITEM Id="58" value="" DependentOn="41">add landlines</LISTITEM>
      <LISTITEM Id="59" value="" DependentOn="42">add landlines</LISTITEM>
      <LISTITEM Id="60" value="" DependentOn="42">add text 1000</LISTITEM>
      <LISTITEM Id="61" value="" DependentOn="31">Broadband Lite</LISTITEM>
      <LISTITEM Id="62" value="" DependentOn="31">Broadband Plus</LISTITEM>
      <LISTITEM Id="63" value="" DependentOn="31">Broadband 15GB</LISTITEM>
      <LISTITEM Id="64" value="" DependentOn="31">Broadband Max</LISTITEM>
      <LISTITEM Id="65" value="" DependentOn="31">Upgrade-12 month Extension</LISTITEM>
      <LISTITEM Id="66" value="" DependentOn="27">No iphone with 3</LISTITEM>
      <LISTITEM Id="67" value="" DependentOn="31">Broadband casual</LISTITEM>
      <LISTITEM Id="68" value="" DependentOn="47">Repeat call-issue escalated</LISTITEM>
      <LISTITEM Id="69" value="" DependentOn="47">Gave number for Premier Telesales</LISTITEM>
      <LISTITEM Id="70" value="" DependentOn="27">Orange LAC switch off</LISTITEM>
    </LISTITEMS>
  </ListBox>
  <ListBox>
    <Label>
      <Text>Sub Details 1</Text>
    </Label>
    <ControlID>5</ControlID>
    <ControlType>Basic</ControlType>
    <FieldID>lb_3ListBox</FieldID>
    <Title>Sub Details 1</Title>
    <DependentID>lb_4ListBox</DependentID>
    <X-Pos>700</X-Pos>
    <Y-Pos>277</Y-Pos>
    <Width>100</Width>
    <IsRequired>False</IsRequired>
    <IsManageable>True</IsManageable>
    <IsPostBack>False</IsPostBack>
    <Dependency>True</Dependency>
    <IsWrap>True</IsWrap>
    <PreWrap>Sub Details 1</PreWrap>
    <PostWrap>
    </PostWrap>
    <PrevRef>lb_2ListBox</PrevRef>
    <DataSource>XML</DataSource>
    <LISTITEMS>
      <LISTITEM Id="1" value="" DependentOn="8">3 Pay</LISTITEM>
      <LISTITEM Id="2" value="" DependentOn="8">Dealer better offer</LISTITEM>
      <LISTITEM Id="3" value="" DependentOn="8">New contract from store</LISTITEM>
      <LISTITEM Id="4" value="" DependentOn="9">Continue 6 months contract</LISTITEM>
      <LISTITEM Id="5" value="" DependentOn="9">Upgrade to 6 month contract</LISTITEM>
      <LISTITEM Id="6" value="" DependentOn="10">Dealer better offer</LISTITEM>
      <LISTITEM Id="8" value="" DependentOn="10">Has another contract  with 3</LISTITEM>
      <LISTITEM Id="9" value="" DependentOn="10">No Reason given</LISTITEM>
      <LISTITEM Id="10" value="" DependentOn="10">Switching to Landline</LISTITEM>
      <LISTITEM Id="11" value="" DependentOn="10">Unemployed</LISTITEM>
      <LISTITEM Id="12" value="" DependentOn="11">Blackberry</LISTITEM>
      <LISTITEM Id="13" value="" DependentOn="12">G1 - Google Phone</LISTITEM>
      <LISTITEM Id="14" value="" DependentOn="11">HTC</LISTITEM>
      <LISTITEM Id="15" value="" DependentOn="13">Better Competitor offer</LISTITEM>
      <LISTITEM Id="16" value="" DependentOn="13">Better Upgrade deal for 3</LISTITEM>
      <LISTITEM Id="17" value="" DependentOn="13">Cashback Deal</LISTITEM>
      <LISTITEM Id="18" value="" DependentOn="13">Free Goodies Deal</LISTITEM>
      <LISTITEM Id="19" value="" DependentOn="13">New Contract deal with 3</LISTITEM>
      <LISTITEM Id="20" value="" DependentOn="13">No Reason given</LISTITEM>
      <LISTITEM Id="21" value="" DependentOn="14">3 Store</LISTITEM>
      <LISTITEM Id="22" value="" DependentOn="14">3rd Party Store</LISTITEM>
      <LISTITEM Id="23" value="" DependentOn="14">CarPhone Warehouse</LISTITEM>
      <LISTITEM Id="24" value="" DependentOn="14">Dont Know</LISTITEM>
      <LISTITEM Id="25" value="" DependentOn="14">Phones4U</LISTITEM>
      <LISTITEM Id="26" value="" DependentOn="15">3 Store</LISTITEM>
      <LISTITEM Id="27" value="" DependentOn="15">3rd Party Store</LISTITEM>
      <LISTITEM Id="28" value="" DependentOn="15">CarPhone Warehouse</LISTITEM>
      <LISTITEM Id="29" value="" DependentOn="15">Does not know</LISTITEM>
      <LISTITEM Id="30" value="" DependentOn="15">Phones4U</LISTITEM>
      <LISTITEM Id="31" value="" DependentOn="16">PAC</LISTITEM>
      <LISTITEM Id="32" value="" DependentOn="16">Retire USIM</LISTITEM>
      <LISTITEM Id="33" value="" DependentOn="17">PAC</LISTITEM>
      <LISTITEM Id="34" value="" DependentOn="17">Retire USIM</LISTITEM>
      <LISTITEM Id="35" value="" DependentOn="18">INQ</LISTITEM>
      <LISTITEM Id="36" value="" DependentOn="18">LG</LISTITEM>
      <LISTITEM Id="37" value="" DependentOn="18">Motorola</LISTITEM>
      <LISTITEM Id="38" value="" DependentOn="18">Nokia</LISTITEM>
      <LISTITEM Id="39" value="" DependentOn="18">Samsung</LISTITEM>
      <LISTITEM Id="40" value="" DependentOn="18">SkypePhone</LISTITEM>
      <LISTITEM Id="41" value="" DependentOn="18">Sony Ericsson</LISTITEM>
      <LISTITEM Id="42" value="" DependentOn="19">Acquisition Offer</LISTITEM>
      <LISTITEM Id="43" value="" DependentOn="19">Direct Talker / Texter Plan</LISTITEM>
      <LISTITEM Id="44" value="" DependentOn="19">SIM Only Plan</LISTITEM>
      <LISTITEM Id="45" value="" DependentOn="19">Talk and Text Plan</LISTITEM>
      <LISTITEM Id="46" value="" DependentOn="19">Talker Plan</LISTITEM>
      <LISTITEM Id="47" value="" DependentOn="19">Texter Plan</LISTITEM>
      <LISTITEM Id="48" value="" DependentOn="19">Video Talk and Text Plan</LISTITEM>
      <LISTITEM Id="49" value="" DependentOn="20">Cannot make/recieve calls</LISTITEM>
      <LISTITEM Id="50" value="" DependentOn="20">Drop Call issue</LISTITEM>
      <LISTITEM Id="51" value="" DependentOn="20">Handset Fault</LISTITEM>
      <LISTITEM Id="52" value="" DependentOn="20">O2 Switch off issue</LISTITEM>
      <LISTITEM Id="53" value="" DependentOn="20">Poor Indoor coverage</LISTITEM>
      <LISTITEM Id="54" value="" DependentOn="20">Poor Outdoor coverage</LISTITEM>
      <LISTITEM Id="55" value="" DependentOn="20">Silent / Distorted Calls</LISTITEM>
      <LISTITEM Id="56" value="" DependentOn="20">Sim Card Faulty</LISTITEM>
      <LISTITEM Id="57" value="" DependentOn="21">3toGo</LISTITEM>
      <LISTITEM Id="58" value="" DependentOn="21">Off Peak 3000</LISTITEM>
      <LISTITEM Id="59" value="" DependentOn="21">Video Text Plan</LISTITEM>
      <LISTITEM Id="60" value="" DependentOn="22">Billing Issue</LISTITEM>
      <LISTITEM Id="61" value="" DependentOn="22">Delayed / Failed Handset Delivery</LISTITEM>
      <LISTITEM Id="62" value="" DependentOn="22">Failed Callback</LISTITEM>
      <LISTITEM Id="63" value="" DependentOn="22">Incorrect Information given</LISTITEM>
      <LISTITEM Id="64" value="" DependentOn="22">Issue not resolve in time</LISTITEM>
      <LISTITEM Id="65" value="" DependentOn="22">Mis-Selling</LISTITEM>
      <LISTITEM Id="66" value="" DependentOn="22">Unprofessional behavior</LISTITEM>
      <LISTITEM Id="67" value="" DependentOn="23">Handset Model - Color -</LISTITEM>
      <LISTITEM Id="68" value="" DependentOn="24">Handset Model - Color -</LISTITEM>
      <LISTITEM Id="69" value="" DependentOn="26">Handset Model - Color -</LISTITEM>
      <LISTITEM Id="70" value="" DependentOn="27">Handset Model - Color -</LISTITEM>
      <LISTITEM Id="71" value="" DependentOn="28">Handset Model - Color -</LISTITEM>
      <LISTITEM Id="72" value="" DependentOn="29">Handset Model - Color -</LISTITEM>
      <LISTITEM Id="73" value="" DependentOn="30">Handset Model - Color -</LISTITEM>
      <LISTITEM Id="74" value="" DependentOn="31">Handset Model - Color -</LISTITEM>
      <LISTITEM Id="75" value="" DependentOn="32">Handset Model - Color -</LISTITEM>
      <LISTITEM Id="76" value="" DependentOn="33">Handset Model - Color -</LISTITEM>
      <LISTITEM Id="77" value="" DependentOn="34">Handset Model - Color -</LISTITEM>
      <LISTITEM Id="78" value="" DependentOn="35">Handset Model - Color -</LISTITEM>
      <LISTITEM Id="79" value="" DependentOn="36">Handset Model - Color -</LISTITEM>
      <LISTITEM Id="80" value="" DependentOn="11">iphone</LISTITEM>
      <LISTITEM Id="81" value="" DependentOn="8">New 3 Business line</LISTITEM>
      <LISTITEM Id="82" value="" DependentOn="13">New 3 Consumer Line</LISTITEM>
    </LISTITEMS>
  </ListBox>
  <ListBox>
    <Label>
      <Text>Sub Details 2</Text>
    </Label>
    <ControlID>5</ControlID>
    <ControlType>Basic</ControlType>
    <FieldID>lb_4ListBox</FieldID>
    <Title>Sub Details 2</Title>
    <DependentID>
    </DependentID>
    <X-Pos>920</X-Pos>
    <Y-Pos>277</Y-Pos>
    <Width>100</Width>
    <IsRequired>False</IsRequired>
    <IsManageable>True</IsManageable>
    <IsPostBack>False</IsPostBack>
    <Dependency>True</Dependency>
    <IsWrap>True</IsWrap>
    <PreWrap>Sub Details 2</PreWrap>
    <PostWrap>
    </PostWrap>
    <PrevRef>lb_3ListBox</PrevRef>
    <DataSource>XML</DataSource>
    <LISTITEMS>
    </LISTITEMS>
  </ListBox>
  <TextBox>
    <Label>
      <Text>Interactions</Text>
    </Label>
    <ControlID>1</ControlID>
    <ControlType>Basic</ControlType>
    <FieldID>txt_2TextBox</FieldID>
    <Title>Interactions</Title>
    <X-Pos>41</X-Pos>
    <Y-Pos>451</Y-Pos>
    <Width>200</Width>
    <IsRequired>True</IsRequired>
    <IsPostBack>False</IsPostBack>
    <IsWrap>True</IsWrap>
    <PreWrap>Interactions</PreWrap>
    <PostWrap>
    </PostWrap>
    <TextMode>Multiline</TextMode>
    <IsType>AlphaNumeric</IsType>
    <MaxLength>999</MaxLength>
    <Dependency>
    </Dependency>
    <PrevRef>
    </PrevRef>
    <DependentID>
    </DependentID>
  </TextBox>
  <DropDownList>
    <Label>
      <Text>Routed Through</Text>
    </Label>
    <ControlID>2</ControlID>
    <ControlType>Basic</ControlType>
    <FieldID>ddl_2DropDown</FieldID>
    <Title>Routed Through</Title>
    <DependentID>
    </DependentID>
    <X-Pos>257</X-Pos>
    <Y-Pos>13</Y-Pos>
    <Width>200</Width>
    <IsRequired>False</IsRequired>
    <IsManageable>True</IsManageable>
    <IsPostBack>False</IsPostBack>
    <Dependency>False</Dependency>
    <IsWrap>True</IsWrap>
    <PreWrap>Routed Thru</PreWrap>
    <PostWrap>
    </PostWrap>
    <PrevRef>
    </PrevRef>
    <DataSource>XML</DataSource>
    <LISTITEMS>
      <LISTITEM Id="1" value="" DependentOn="0">IVR</LISTITEM>
      <LISTITEM Id="2" value="" DependentOn="0">Transfer from Postpay</LISTITEM>
      <LISTITEM Id="3" value="" DependentOn="0">Transfer from Billing</LISTITEM>
      <LISTITEM Id="4" value="" DependentOn="0">Transfer from Heart</LISTITEM>
      <LISTITEM Id="5" value="" DependentOn="0">Transfer from Ecare</LISTITEM>
      <LISTITEM Id="6" value="" DependentOn="0">Transfer from TSI</LISTITEM>
      <LISTITEM Id="7" value="" DependentOn="0">Transfer from MBB</LISTITEM>
      <LISTITEM Id="8" value="" DependentOn="0">Transfer from Collections</LISTITEM>
      <LISTITEM Id="9" value="" DependentOn="0">Transfer from Business Markets</LISTITEM>
    </LISTITEMS>
  </DropDownList>
  <DropDownList>
    <Label>
      <Text>New Priceplan</Text>
    </Label>
    <ControlID>2</ControlID>
    <ControlType>Basic</ControlType>
    <FieldID>ddl_3DropDown</FieldID>
    <Title>New Priceplan</Title>
    <DependentID>
    </DependentID>
    <X-Pos>372</X-Pos>
    <Y-Pos>83</Y-Pos>
    <Width>200</Width>
    <IsRequired>False</IsRequired>
    <IsManageable>True</IsManageable>
    <IsPostBack>False</IsPostBack>
    <Dependency>False</Dependency>
    <IsWrap>True</IsWrap>
    <PreWrap>
    </PreWrap>
    <PostWrap>
    </PostWrap>
    <PrevRef>
    </PrevRef>
    <DataSource>XML</DataSource>
    <LISTITEMS>
      <LISTITEM Id="1" value="" DependentOn="0">Business 600</LISTITEM>
      <LISTITEM Id="2" value="" DependentOn="0">Business 900</LISTITEM>
      <LISTITEM Id="3" value="" DependentOn="0">Business Flat Rate</LISTITEM>
      <LISTITEM Id="4" value="" DependentOn="0">Business FltRT + Mail</LISTITEM>
      <LISTITEM Id="5" value="" DependentOn="0">Buss Share 1000</LISTITEM>
      <LISTITEM Id="6" value="" DependentOn="0">Buss Share 2000</LISTITEM>
      <LISTITEM Id="7" value="" DependentOn="0">Buss Share 3000</LISTITEM>
      <LISTITEM Id="8" value="" DependentOn="0">Buss Share 4000</LISTITEM>
      <LISTITEM Id="9" value="" DependentOn="0">BusMixMatch100</LISTITEM>
      <LISTITEM Id="10" value="" DependentOn="0">BusMixMatch1100</LISTITEM>
      <LISTITEM Id="11" value="" DependentOn="0">BusMixMatch300</LISTITEM>
      <LISTITEM Id="12" value="" DependentOn="0">BusMixMatch500</LISTITEM>
      <LISTITEM Id="13" value="" DependentOn="0">BusMixMatch700</LISTITEM>
      <LISTITEM Id="14" value="" DependentOn="0">BusMixMatch900</LISTITEM>
      <LISTITEM Id="15" value="" DependentOn="0">Broadband Lite</LISTITEM>
      <LISTITEM Id="16" value="" DependentOn="0">Broadband Plus</LISTITEM>
      <LISTITEM Id="17" value="" DependentOn="0">Broadband Max</LISTITEM>
      <LISTITEM Id="18" value="" DependentOn="0">Broadband 15 GB</LISTITEM>
      <LISTITEM Id="19" value="" DependentOn="0">Broadband 5GB</LISTITEM>
    </LISTITEMS>
  </DropDownList>
  <DropDownList>
    <Label>
      <Text>Device</Text>
    </Label>
    <ControlID>2</ControlID>
    <ControlType>Basic</ControlType>
    <FieldID>ddl_4DropDown</FieldID>
    <Title>Device</Title>
    <DependentID>
    </DependentID>
    <X-Pos>647</X-Pos>
    <Y-Pos>81</Y-Pos>
    <Width>200</Width>
    <IsRequired>False</IsRequired>
    <IsManageable>True</IsManageable>
    <IsPostBack>False</IsPostBack>
    <Dependency>False</Dependency>
    <IsWrap>True</IsWrap>
    <PreWrap>Device </PreWrap>
    <PostWrap>
    </PostWrap>
    <PrevRef>
    </PrevRef>
    <DataSource>XML</DataSource>
    <LISTITEMS>
      <LISTITEM Id="1" value="" DependentOn="0">SEM T715</LISTITEM>
      <LISTITEM Id="2" value="" DependentOn="0">SEM Naite</LISTITEM>
      <LISTITEM Id="3" value="" DependentOn="0">SEM C510</LISTITEM>
      <LISTITEM Id="4" value="" DependentOn="0">SEM C903</LISTITEM>
      <LISTITEM Id="5" value="" DependentOn="0">SEM C902</LISTITEM>
      <LISTITEM Id="6" value="" DependentOn="0">SEM W995</LISTITEM>
      <LISTITEM Id="7" value="" DependentOn="0">SEM Satio</LISTITEM>
      <LISTITEM Id="8" value="" DependentOn="0">Nokia N97</LISTITEM>
      <LISTITEM Id="9" value="" DependentOn="0">Nokia E71</LISTITEM>
      <LISTITEM Id="10" value="" DependentOn="0">Nokia 5800</LISTITEM>
      <LISTITEM Id="11" value="" DependentOn="0">Nokia 6700</LISTITEM>
      <LISTITEM Id="12" value="" DependentOn="0">Nokia E63</LISTITEM>
      <LISTITEM Id="13" value="" DependentOn="0">Nokia 6220</LISTITEM>
      <LISTITEM Id="14" value="" DependentOn="0">Nokia N86</LISTITEM>
      <LISTITEM Id="15" value="" DependentOn="0">Nokia 2730</LISTITEM>
      <LISTITEM Id="16" value="" DependentOn="0">Samsung Jet</LISTITEM>
      <LISTITEM Id="17" value="" DependentOn="0">Samsung Tocco</LISTITEM>
      <LISTITEM Id="18" value="" DependentOn="0">Samsung Tocco Ultra(S8300)</LISTITEM>
      <LISTITEM Id="19" value="" DependentOn="0">Samsung S7330</LISTITEM>
      <LISTITEM Id="20" value="" DependentOn="0">Samsung S5600</LISTITEM>
      <LISTITEM Id="21" value="" DependentOn="0">Samsung i8510</LISTITEM>
      <LISTITEM Id="22" value="" DependentOn="0">INQ</LISTITEM>
      <LISTITEM Id="23" value="" DependentOn="0">INQ Mini</LISTITEM>
      <LISTITEM Id="24" value="" DependentOn="0">LG GW520 (Etna)</LISTITEM>
      <LISTITEM Id="25" value="" DependentOn="0">HTC Hero</LISTITEM>
      <LISTITEM Id="26" value="" DependentOn="0">Blackberry Bold</LISTITEM>
      <LISTITEM Id="27" value="" DependentOn="0">Blackberry Onyx</LISTITEM>
      <LISTITEM Id="28" value="" DependentOn="0">Huawei U7510</LISTITEM>
      <LISTITEM Id="29" value="" DependentOn="0">Huawei E1750</LISTITEM>
      <LISTITEM Id="30" value="" DependentOn="0">Huawei E122</LISTITEM>
      <LISTITEM Id="31" value="" DependentOn="0">Skypephone S2</LISTITEM>
      <LISTITEM Id="32" value="" DependentOn="0">Skypephone S2X</LISTITEM>
      <LISTITEM Id="33" value="" DependentOn="0">Sony Ericsson Vivaz</LISTITEM>
      <LISTITEM Id="34" value="" DependentOn="0">Nokia 5230</LISTITEM>
      <LISTITEM Id="35" value="" DependentOn="0">Nokia X6</LISTITEM>
      <LISTITEM Id="36" value="" DependentOn="0">INQ Chat</LISTITEM>
      <LISTITEM Id="37" value="" DependentOn="0">iPhone 16GB 3GS</LISTITEM>
      <LISTITEM Id="38" value="" DependentOn="0">iPhone 32GB 3GS</LISTITEM>
      <LISTITEM Id="39" value="" DependentOn="0">ZTE MF 627</LISTITEM>
      <LISTITEM Id="40" value="" DependentOn="0">ZTE MF 112</LISTITEM>
      <LISTITEM Id="41" value="" DependentOn="0">Huawei 5830</LISTITEM>
      <LISTITEM Id="42" value="" DependentOn="0">Nokia 6700 slide</LISTITEM>
      <LISTITEM Id="44" value="" DependentOn="0">Nokia E72</LISTITEM>
      <LISTITEM Id="45" value="" DependentOn="0">HTC Desire</LISTITEM>
      <LISTITEM Id="47" value="" DependentOn="0">Samsung Galaxy</LISTITEM>
      <LISTITEM Id="48" value="" DependentOn="0">Samsung i 5700</LISTITEM>
      <LISTITEM Id="49" value="" DependentOn="0">LG Viewty GT</LISTITEM>
      <LISTITEM Id="50" value="" DependentOn="0">Nokia 3120 Classic</LISTITEM>
      <LISTITEM Id="51" value="" DependentOn="0">Samsung S3370 Acton</LISTITEM>
      <LISTITEM Id="52" value="" DependentOn="0">Samsung S8500 Wave</LISTITEM>
      <LISTITEM Id="53" value="" DependentOn="0">Huawei E1550</LISTITEM>
      <LISTITEM Id="54" value="" DependentOn="0">SEM X10</LISTITEM>
      <LISTITEM Id="55" value="" DependentOn="0">Huawei E156G</LISTITEM>
      <LISTITEM Id="56" value="" DependentOn="0">Huawei E160G</LISTITEM>
      <LISTITEM Id="57" value="" DependentOn="0">Huawei E169</LISTITEM>
      <LISTITEM Id="58" value="" DependentOn="0">Huawei E169G</LISTITEM>
      <LISTITEM Id="59" value="" DependentOn="0">Huawei E220</LISTITEM>
      <LISTITEM Id="60" value="" DependentOn="0">ZTE F102</LISTITEM>
      <LISTITEM Id="61" value="" DependentOn="0">ZTE F107</LISTITEM>
      <LISTITEM Id="62" value="" DependentOn="0">ZTE F930</LISTITEM>
      <LISTITEM Id="63" value="" DependentOn="0">ZTE MF622</LISTITEM>
      <LISTITEM Id="64" value="" DependentOn="0">Iphone 4GS</LISTITEM>
      <LISTITEM Id="65" value="" DependentOn="0">HTC wild fire</LISTITEM>
      <LISTITEM Id="66" value="" DependentOn="0">SE Zylo</LISTITEM>
      <LISTITEM Id="67" value="" DependentOn="0">Samsung S8500</LISTITEM>
      <LISTITEM Id="68" value="" DependentOn="0">ZTE racer</LISTITEM>
      <LISTITEM Id="69" value="" DependentOn="0">SE X10 mini pro</LISTITEM>
      <LISTITEM Id="70" value="" DependentOn="0">I phone 3GS 8GB</LISTITEM>
      <LISTITEM Id="71" value="" DependentOn="0">SEM Hazel</LISTITEM>
      <LISTITEM Id="72" value="" DependentOn="0">Blackberry Curve</LISTITEM>
      <LISTITEM Id="73" value="" DependentOn="0">Blackberry Pearl</LISTITEM>
      <LISTITEM Id="74" value="" DependentOn="0">HTC Desire HD</LISTITEM>
      <LISTITEM Id="75" value="" DependentOn="0">Blackberry Tourch</LISTITEM>
      <LISTITEM Id="76" value="" DependentOn="0">Samsung Europa</LISTITEM>
      <LISTITEM Id="77" value="" DependentOn="0">Blackberry Bold (Torch)</LISTITEM>
      <LISTITEM Id="78" value="" DependentOn="0">Nok N8</LISTITEM>
      <LISTITEM Id="79" value="" DependentOn="0">SAM i8510 (Innov8)</LISTITEM>
      <LISTITEM Id="80" value="" DependentOn="0">Sam S8500 (Wave)</LISTITEM>
      <LISTITEM Id="81" value="" DependentOn="0">Nokia E5</LISTITEM>
      <LISTITEM Id="82" value="" DependentOn="0">Samsung Europa (i5500)</LISTITEM>
      <LISTITEM Id="83" value="" DependentOn="0">SEM Xylo</LISTITEM>
    </LISTITEMS>
  </DropDownList>
  <DropDownList>
    <Label>
      <Text>Tenure</Text>
    </Label>
    <ControlID>2</ControlID>
    <ControlType>Basic</ControlType>
    <FieldID>ddl_5DropDown</FieldID>
    <Title>Tenure</Title>
    <DependentID>
    </DependentID>
    <X-Pos>870</X-Pos>
    <Y-Pos>82</Y-Pos>
    <Width>200</Width>
    <IsRequired>False</IsRequired>
    <IsManageable>True</IsManageable>
    <IsPostBack>False</IsPostBack>
    <Dependency>False</Dependency>
    <IsWrap>True</IsWrap>
    <PreWrap>Tenure </PreWrap>
    <PostWrap>
    </PostWrap>
    <PrevRef>
    </PrevRef>
    <DataSource>XML</DataSource>
    <LISTITEMS>
      <LISTITEM Id="1" value="" DependentOn="0">12 Month</LISTITEM>
      <LISTITEM Id="2" value="" DependentOn="0">18 Month</LISTITEM>
      <LISTITEM Id="3" value="" DependentOn="0">24 Month</LISTITEM>
      <LISTITEM Id="4" value="" DependentOn="0">No Contract Upgrade</LISTITEM>
    </LISTITEMS>
  </DropDownList>
  <DropDownList>
    <Label>
      <Text>Insurance</Text>
    </Label>
    <ControlID>2</ControlID>
    <ControlType>Basic</ControlType>
    <FieldID>ddl_6DropDown</FieldID>
    <Title>Insurance</Title>
    <DependentID>
    </DependentID>
    <X-Pos>30</X-Pos>
    <Y-Pos>161</Y-Pos>
    <Width>200</Width>
    <IsRequired>False</IsRequired>
    <IsManageable>True</IsManageable>
    <IsPostBack>False</IsPostBack>
    <Dependency>False</Dependency>
    <IsWrap>True</IsWrap>
    <PreWrap>
    </PreWrap>
    <PostWrap>
    </PostWrap>
    <PrevRef>
    </PrevRef>
    <DataSource>XML</DataSource>
    <LISTITEMS>
      <LISTITEM Id="1" value="" DependentOn="0">Handset Insurance</LISTITEM>
      <LISTITEM Id="2" value="" DependentOn="0">Modem Insurance</LISTITEM>
    </LISTITEMS>
  </DropDownList>
  <DropDownList>
    <Label>
      <Text>Internet</Text>
    </Label>
    <ControlID>2</ControlID>
    <ControlType>Basic</ControlType>
    <FieldID>ddl_7DropDown</FieldID>
    <Title>Internet</Title>
    <DependentID>
    </DependentID>
    <X-Pos>343</X-Pos>
    <Y-Pos>156</Y-Pos>
    <Width>200</Width>
    <IsRequired>False</IsRequired>
    <IsManageable>True</IsManageable>
    <IsPostBack>False</IsPostBack>
    <Dependency>False</Dependency>
    <IsWrap>True</IsWrap>
    <PreWrap>
    </PreWrap>
    <PostWrap>
    </PostWrap>
    <PrevRef>
    </PrevRef>
    <DataSource>XML</DataSource>
    <LISTITEMS>
      <LISTITEM Id="1" value="" DependentOn="0">Internet Max</LISTITEM>
      <LISTITEM Id="2" value="" DependentOn="0">Blackberry Internet and Email</LISTITEM>
    </LISTITEMS>
  </DropDownList>
  <TextBox>
    <Label>
      <Text>Device Price</Text>
    </Label>
    <ControlID>1</ControlID>
    <ControlType>Basic</ControlType>
    <FieldID>txt_4TextBox</FieldID>
    <Title>Device Price</Title>
    <X-Pos>306</X-Pos>
    <Y-Pos>451</Y-Pos>
    <Width>200</Width>
    <IsRequired>False</IsRequired>
    <IsPostBack>False</IsPostBack>
    <IsWrap>True</IsWrap>
    <PreWrap>Device Charge </PreWrap>
    <PostWrap>
    </PostWrap>
    <TextMode>Singleline</TextMode>
    <IsType>AlphaNumeric</IsType>
    <MaxLength>20</MaxLength>
    <Dependency>
    </Dependency>
    <PrevRef>
    </PrevRef>
    <DependentID>
    </DependentID>
  </TextBox>
  <TextBox>
    <Label>
      <Text>Delivery Date</Text>
    </Label>
    <ControlID>1</ControlID>
    <ControlType>Basic</ControlType>
    <FieldID>txt_5TextBox</FieldID>
    <Title>Delivery Date</Title>
    <X-Pos>575</X-Pos>
    <Y-Pos>452</Y-Pos>
    <Width>200</Width>
    <IsRequired>False</IsRequired>
    <IsPostBack>False</IsPostBack>
    <IsWrap>True</IsWrap>
    <PreWrap>Delivery Date</PreWrap>
    <PostWrap>
    </PostWrap>
    <TextMode>Singleline</TextMode>
    <IsType>AlphaNumeric</IsType>
    <MaxLength>20</MaxLength>
    <Dependency>
    </Dependency>
    <PrevRef>
    </PrevRef>
    <DependentID>
    </DependentID>
  </TextBox>
  <TextBox>
    <Label>
      <Text>Delivery Charge</Text>
    </Label>
    <ControlID>1</ControlID>
    <ControlType>Basic</ControlType>
    <FieldID>txt_6TextBox</FieldID>
    <Title>Delivery Charge</Title>
    <X-Pos>41</X-Pos>
    <Y-Pos>517</Y-Pos>
    <Width>200</Width>
    <IsRequired>False</IsRequired>
    <IsPostBack>False</IsPostBack>
    <IsWrap>True</IsWrap>
    <PreWrap>Delivery Charge </PreWrap>
    <PostWrap>
    </PostWrap>
    <TextMode>Singleline</TextMode>
    <IsType>AlphaNumeric</IsType>
    <MaxLength>20</MaxLength>
    <Dependency>
    </Dependency>
    <PrevRef>
    </PrevRef>
    <DependentID>
    </DependentID>
  </TextBox>
  <DropDownList>
    <Label>
      <Text>Device Type</Text>
    </Label>
    <ControlID>2</ControlID>
    <ControlType>Basic</ControlType>
    <FieldID>ddl_8DropDown</FieldID>
    <Title>Device Type</Title>
    <DependentID>
    </DependentID>
    <X-Pos>326</X-Pos>
    <Y-Pos>518</Y-Pos>
    <Width>200</Width>
    <IsRequired>True</IsRequired>
    <IsManageable>True</IsManageable>
    <IsPostBack>False</IsPostBack>
    <Dependency>False</Dependency>
    <IsWrap>False</IsWrap>
    <PreWrap>
    </PreWrap>
    <PostWrap>
    </PostWrap>
    <PrevRef>
    </PrevRef>
    <DataSource>XML</DataSource>
    <LISTITEMS>
      <LISTITEM Id="1" value="" DependentOn="0">Handset</LISTITEM>
      <LISTITEM Id="2" value="" DependentOn="0">Modem</LISTITEM>
    </LISTITEMS>
  </DropDownList>
  <CC1EmployeesDropDown>
    <Label>
      <Text>Signature</Text>
    </Label>
    <ControlID>8</ControlID>
    <ControlType>Custom</ControlType>
    <FieldID>cc_0DropDown</FieldID>
    <Title>Signature</Title>
    <X-Pos>579</X-Pos>
    <Y-Pos>517</Y-Pos>
    <Width>
    </Width>
    <IsRequired>True</IsRequired>
    <IsManageable>False</IsManageable>
    <IsPostBack>False</IsPostBack>
    <IsWrap>True</IsWrap>
    <PreWrap>Advisor : </PreWrap>
    <PostWrap>, Business Retentions (Mumbai)</PostWrap>
    <DataSource>DB</DataSource>
    <SkillSets>
      <SkillSet Id="199">Customer Service - Business Retention</SkillSet>
    </SkillSets>
    <CostCentres>
      <CostCentre Id="1">UK-India</CostCentre>
    </CostCentres>
  </CC1EmployeesDropDown>
  <TextBox>
    <Label>
      <Text>Business Name</Text>
    </Label>
    <ControlID>1</ControlID>
    <ControlType>Basic</ControlType>
    <FieldID>txt_7TextBox</FieldID>
    <Title>Business Name</Title>
    <X-Pos>10</X-Pos>
    <Y-Pos>215</Y-Pos>
    <Width>200</Width>
    <IsRequired>True</IsRequired>
    <IsPostBack>False</IsPostBack>
    <IsWrap>True</IsWrap>
    <PreWrap>Company Name :</PreWrap>
    <PostWrap>
    </PostWrap>
    <TextMode>Singleline</TextMode>
    <IsType>AlphaNumeric</IsType>
    <MaxLength>255</MaxLength>
    <Dependency>
    </Dependency>
    <PrevRef>
    </PrevRef>
    <DependentID>
    </DependentID>
  </TextBox>
  <TextBox>
    <Label>
      <Text>Dealer who originally sold the contract</Text>
    </Label>
    <ControlID>1</ControlID>
    <ControlType>Basic</ControlType>
    <FieldID>txt_8TextBox</FieldID>
    <Title>Dealer who originally sold the contract</Title>
    <X-Pos>470</X-Pos>
    <Y-Pos>228</Y-Pos>
    <Width>200</Width>
    <IsRequired>False</IsRequired>
    <IsPostBack>False</IsPostBack>
    <IsWrap>False</IsWrap>
    <PreWrap>
    </PreWrap>
    <PostWrap>
    </PostWrap>
    <TextMode>Singleline</TextMode>
    <IsType>AlphaNumeric</IsType>
    <MaxLength>50</MaxLength>
    <Dependency>
    </Dependency>
    <PrevRef>
    </PrevRef>
    <DependentID>
    </DependentID>
  </TextBox>
  <DataScript>
    <IsUpdated>False</IsUpdated>
    <Array>var Arrayddl_0DropDown = new Array( 10 );
if (Arrayddl_0DropDown[0] ==null) Arrayddl_0DropDown[0] = new Array();
Arrayddl_0DropDown[0][1]= new Array('H3');
if (Arrayddl_0DropDown[0] ==null) Arrayddl_0DropDown[0] = new Array();
Arrayddl_0DropDown[0][2]= new Array('H2');
if (Arrayddl_0DropDown[0] ==null) Arrayddl_0DropDown[0] = new Array();
Arrayddl_0DropDown[0][3]= new Array('H1');
if (Arrayddl_0DropDown[0] ==null) Arrayddl_0DropDown[0] = new Array();
Arrayddl_0DropDown[0][4]= new Array('M1');
if (Arrayddl_0DropDown[0] ==null) Arrayddl_0DropDown[0] = new Array();
Arrayddl_0DropDown[0][5]= new Array('M0');
if (Arrayddl_0DropDown[0] ==null) Arrayddl_0DropDown[0] = new Array();
Arrayddl_0DropDown[0][6]= new Array('L1');
if (Arrayddl_0DropDown[0] ==null) Arrayddl_0DropDown[0] = new Array();
Arrayddl_0DropDown[0][7]= new Array('L2');
if (Arrayddl_0DropDown[0] ==null) Arrayddl_0DropDown[0] = new Array();
Arrayddl_0DropDown[0][8]= new Array('L3');
if (Arrayddl_0DropDown[0] ==null) Arrayddl_0DropDown[0] = new Array();
Arrayddl_0DropDown[0][9]= new Array('L4');
if (Arrayddl_0DropDown[0] ==null) Arrayddl_0DropDown[0] = new Array();
Arrayddl_0DropDown[0][10]= new Array('H0');
var Arrayddl_1DropDown = new Array( 19 );
if (Arrayddl_1DropDown[0] ==null) Arrayddl_1DropDown[0] = new Array();
Arrayddl_1DropDown[0][1]= new Array('Business 600');
if (Arrayddl_1DropDown[0] ==null) Arrayddl_1DropDown[0] = new Array();
Arrayddl_1DropDown[0][2]= new Array('Business 900');
if (Arrayddl_1DropDown[0] ==null) Arrayddl_1DropDown[0] = new Array();
Arrayddl_1DropDown[0][3]= new Array('Business Flat Rate');
if (Arrayddl_1DropDown[0] ==null) Arrayddl_1DropDown[0] = new Array();
Arrayddl_1DropDown[0][4]= new Array('Buss Flt RT+ Mail');
if (Arrayddl_1DropDown[0] ==null) Arrayddl_1DropDown[0] = new Array();
Arrayddl_1DropDown[0][5]= new Array('BusS Share 1000');
if (Arrayddl_1DropDown[0] ==null) Arrayddl_1DropDown[0] = new Array();
Arrayddl_1DropDown[0][6]= new Array('Buss Share 2000');
if (Arrayddl_1DropDown[0] ==null) Arrayddl_1DropDown[0] = new Array();
Arrayddl_1DropDown[0][7]= new Array('Buss Share 3000');
if (Arrayddl_1DropDown[0] ==null) Arrayddl_1DropDown[0] = new Array();
Arrayddl_1DropDown[0][8]= new Array('Buss Share 4000');
if (Arrayddl_1DropDown[0] ==null) Arrayddl_1DropDown[0] = new Array();
Arrayddl_1DropDown[0][9]= new Array('BusMixMatch100');
if (Arrayddl_1DropDown[0] ==null) Arrayddl_1DropDown[0] = new Array();
Arrayddl_1DropDown[0][10]= new Array('BusMixMatch1100');
if (Arrayddl_1DropDown[0] ==null) Arrayddl_1DropDown[0] = new Array();
Arrayddl_1DropDown[0][11]= new Array('BusMixMatch300');
if (Arrayddl_1DropDown[0] ==null) Arrayddl_1DropDown[0] = new Array();
Arrayddl_1DropDown[0][12]= new Array('BusMixMatch500');
if (Arrayddl_1DropDown[0] ==null) Arrayddl_1DropDown[0] = new Array();
Arrayddl_1DropDown[0][13]= new Array('BusMixMatch700');
if (Arrayddl_1DropDown[0] ==null) Arrayddl_1DropDown[0] = new Array();
Arrayddl_1DropDown[0][14]= new Array('BusMixMatch900');
if (Arrayddl_1DropDown[0] ==null) Arrayddl_1DropDown[0] = new Array();
Arrayddl_1DropDown[0][15]= new Array('Broadband Lite');
if (Arrayddl_1DropDown[0] ==null) Arrayddl_1DropDown[0] = new Array();
Arrayddl_1DropDown[0][16]= new Array('Broadband Plus');
if (Arrayddl_1DropDown[0] ==null) Arrayddl_1DropDown[0] = new Array();
Arrayddl_1DropDown[0][17]= new Array('Broadband Max');
if (Arrayddl_1DropDown[0] ==null) Arrayddl_1DropDown[0] = new Array();
Arrayddl_1DropDown[0][18]= new Array('Broadband 15 GB');
if (Arrayddl_1DropDown[0] ==null) Arrayddl_1DropDown[0] = new Array();
Arrayddl_1DropDown[0][19]= new Array('N/A');
var Arrayddl_2DropDown = new Array( 9 );
if (Arrayddl_2DropDown[0] ==null) Arrayddl_2DropDown[0] = new Array();
Arrayddl_2DropDown[0][1]= new Array('IVR');
if (Arrayddl_2DropDown[0] ==null) Arrayddl_2DropDown[0] = new Array();
Arrayddl_2DropDown[0][2]= new Array('Transfer from Postpay');
if (Arrayddl_2DropDown[0] ==null) Arrayddl_2DropDown[0] = new Array();
Arrayddl_2DropDown[0][3]= new Array('Transfer from Billing');
if (Arrayddl_2DropDown[0] ==null) Arrayddl_2DropDown[0] = new Array();
Arrayddl_2DropDown[0][4]= new Array('Transfer from Heart');
if (Arrayddl_2DropDown[0] ==null) Arrayddl_2DropDown[0] = new Array();
Arrayddl_2DropDown[0][5]= new Array('Transfer from Ecare');
if (Arrayddl_2DropDown[0] ==null) Arrayddl_2DropDown[0] = new Array();
Arrayddl_2DropDown[0][6]= new Array('Transfer from TSI');
if (Arrayddl_2DropDown[0] ==null) Arrayddl_2DropDown[0] = new Array();
Arrayddl_2DropDown[0][7]= new Array('Transfer from MBB');
if (Arrayddl_2DropDown[0] ==null) Arrayddl_2DropDown[0] = new Array();
Arrayddl_2DropDown[0][8]= new Array('Transfer from Collections');
if (Arrayddl_2DropDown[0] ==null) Arrayddl_2DropDown[0] = new Array();
Arrayddl_2DropDown[0][9]= new Array('Transfer from Business Markets');
var Arrayddl_3DropDown = new Array( 19 );
if (Arrayddl_3DropDown[0] ==null) Arrayddl_3DropDown[0] = new Array();
Arrayddl_3DropDown[0][1]= new Array('Business 600');
if (Arrayddl_3DropDown[0] ==null) Arrayddl_3DropDown[0] = new Array();
Arrayddl_3DropDown[0][2]= new Array('Business 900');
if (Arrayddl_3DropDown[0] ==null) Arrayddl_3DropDown[0] = new Array();
Arrayddl_3DropDown[0][3]= new Array('Business Flat Rate');
if (Arrayddl_3DropDown[0] ==null) Arrayddl_3DropDown[0] = new Array();
Arrayddl_3DropDown[0][4]= new Array('Business FltRT + Mail');
if (Arrayddl_3DropDown[0] ==null) Arrayddl_3DropDown[0] = new Array();
Arrayddl_3DropDown[0][5]= new Array('Buss Share 1000');
if (Arrayddl_3DropDown[0] ==null) Arrayddl_3DropDown[0] = new Array();
Arrayddl_3DropDown[0][6]= new Array('Buss Share 2000');
if (Arrayddl_3DropDown[0] ==null) Arrayddl_3DropDown[0] = new Array();
Arrayddl_3DropDown[0][7]= new Array('Buss Share 3000');
if (Arrayddl_3DropDown[0] ==null) Arrayddl_3DropDown[0] = new Array();
Arrayddl_3DropDown[0][8]= new Array('Buss Share 4000');
if (Arrayddl_3DropDown[0] ==null) Arrayddl_3DropDown[0] = new Array();
Arrayddl_3DropDown[0][9]= new Array('BusMixMatch100');
if (Arrayddl_3DropDown[0] ==null) Arrayddl_3DropDown[0] = new Array();
Arrayddl_3DropDown[0][10]= new Array('BusMixMatch1100');
if (Arrayddl_3DropDown[0] ==null) Arrayddl_3DropDown[0] = new Array();
Arrayddl_3DropDown[0][11]= new Array('BusMixMatch300');
if (Arrayddl_3DropDown[0] ==null) Arrayddl_3DropDown[0] = new Array();
Arrayddl_3DropDown[0][12]= new Array('BusMixMatch500');
if (Arrayddl_3DropDown[0] ==null) Arrayddl_3DropDown[0] = new Array();
Arrayddl_3DropDown[0][13]= new Array('BusMixMatch700');
if (Arrayddl_3DropDown[0] ==null) Arrayddl_3DropDown[0] = new Array();
Arrayddl_3DropDown[0][14]= new Array('BusMixMatch900');
if (Arrayddl_3DropDown[0] ==null) Arrayddl_3DropDown[0] = new Array();
Arrayddl_3DropDown[0][15]= new Array('Broadband Lite');
if (Arrayddl_3DropDown[0] ==null) Arrayddl_3DropDown[0] = new Array();
Arrayddl_3DropDown[0][16]= new Array('Broadband Plus');
if (Arrayddl_3DropDown[0] ==null) Arrayddl_3DropDown[0] = new Array();
Arrayddl_3DropDown[0][17]= new Array('Broadband Max');
if (Arrayddl_3DropDown[0] ==null) Arrayddl_3DropDown[0] = new Array();
Arrayddl_3DropDown[0][18]= new Array('Broadband 15 GB');
if (Arrayddl_3DropDown[0] ==null) Arrayddl_3DropDown[0] = new Array();
Arrayddl_3DropDown[0][19]= new Array('Broadband 5GB');
var Arrayddl_4DropDown = new Array( 49 );
if (Arrayddl_4DropDown[0] ==null) Arrayddl_4DropDown[0] = new Array();
Arrayddl_4DropDown[0][1]= new Array('SEM T715');
if (Arrayddl_4DropDown[0] ==null) Arrayddl_4DropDown[0] = new Array();
Arrayddl_4DropDown[0][2]= new Array('SEM Naite');
if (Arrayddl_4DropDown[0] ==null) Arrayddl_4DropDown[0] = new Array();
Arrayddl_4DropDown[0][3]= new Array('SEM C510');
if (Arrayddl_4DropDown[0] ==null) Arrayddl_4DropDown[0] = new Array();
Arrayddl_4DropDown[0][4]= new Array('SEM C903');
if (Arrayddl_4DropDown[0] ==null) Arrayddl_4DropDown[0] = new Array();
Arrayddl_4DropDown[0][5]= new Array('SEM C902');
if (Arrayddl_4DropDown[0] ==null) Arrayddl_4DropDown[0] = new Array();
Arrayddl_4DropDown[0][6]= new Array('SEM W995');
if (Arrayddl_4DropDown[0] ==null) Arrayddl_4DropDown[0] = new Array();
Arrayddl_4DropDown[0][7]= new Array('SEM Satio');
if (Arrayddl_4DropDown[0] ==null) Arrayddl_4DropDown[0] = new Array();
Arrayddl_4DropDown[0][8]= new Array('Nokia N97');
if (Arrayddl_4DropDown[0] ==null) Arrayddl_4DropDown[0] = new Array();
Arrayddl_4DropDown[0][9]= new Array('Nokia E71');
if (Arrayddl_4DropDown[0] ==null) Arrayddl_4DropDown[0] = new Array();
Arrayddl_4DropDown[0][10]= new Array('Nokia 5800');
if (Arrayddl_4DropDown[0] ==null) Arrayddl_4DropDown[0] = new Array();
Arrayddl_4DropDown[0][11]= new Array('Nokia 6700');
if (Arrayddl_4DropDown[0] ==null) Arrayddl_4DropDown[0] = new Array();
Arrayddl_4DropDown[0][12]= new Array('Nokia E63');
if (Arrayddl_4DropDown[0] ==null) Arrayddl_4DropDown[0] = new Array();
Arrayddl_4DropDown[0][13]= new Array('Nokia 6220');
if (Arrayddl_4DropDown[0] ==null) Arrayddl_4DropDown[0] = new Array();
Arrayddl_4DropDown[0][14]= new Array('Nokia N86');
if (Arrayddl_4DropDown[0] ==null) Arrayddl_4DropDown[0] = new Array();
Arrayddl_4DropDown[0][15]= new Array('Nokia 2730');
if (Arrayddl_4DropDown[0] ==null) Arrayddl_4DropDown[0] = new Array();
Arrayddl_4DropDown[0][16]= new Array('Samsung Jet');
if (Arrayddl_4DropDown[0] ==null) Arrayddl_4DropDown[0] = new Array();
Arrayddl_4DropDown[0][17]= new Array('Samsung Tocco');
if (Arrayddl_4DropDown[0] ==null) Arrayddl_4DropDown[0] = new Array();
Arrayddl_4DropDown[0][18]= new Array('Samsung Tocco Ultra(S8300)');
if (Arrayddl_4DropDown[0] ==null) Arrayddl_4DropDown[0] = new Array();
Arrayddl_4DropDown[0][19]= new Array('Samsung S7330');
if (Arrayddl_4DropDown[0] ==null) Arrayddl_4DropDown[0] = new Array();
Arrayddl_4DropDown[0][20]= new Array('Samsung S5600');
if (Arrayddl_4DropDown[0] ==null) Arrayddl_4DropDown[0] = new Array();
Arrayddl_4DropDown[0][21]= new Array('Samsung i8510');
if (Arrayddl_4DropDown[0] ==null) Arrayddl_4DropDown[0] = new Array();
Arrayddl_4DropDown[0][22]= new Array('INQ');
if (Arrayddl_4DropDown[0] ==null) Arrayddl_4DropDown[0] = new Array();
Arrayddl_4DropDown[0][23]= new Array('INQ Mini');
if (Arrayddl_4DropDown[0] ==null) Arrayddl_4DropDown[0] = new Array();
Arrayddl_4DropDown[0][24]= new Array('LG GW520 (Etna)');
if (Arrayddl_4DropDown[0] ==null) Arrayddl_4DropDown[0] = new Array();
Arrayddl_4DropDown[0][25]= new Array('HTC Hero');
if (Arrayddl_4DropDown[0] ==null) Arrayddl_4DropDown[0] = new Array();
Arrayddl_4DropDown[0][26]= new Array('Blackberry Bold');
if (Arrayddl_4DropDown[0] ==null) Arrayddl_4DropDown[0] = new Array();
Arrayddl_4DropDown[0][27]= new Array('Blackberry Onyx');
if (Arrayddl_4DropDown[0] ==null) Arrayddl_4DropDown[0] = new Array();
Arrayddl_4DropDown[0][28]= new Array('Huawei U7510');
if (Arrayddl_4DropDown[0] ==null) Arrayddl_4DropDown[0] = new Array();
Arrayddl_4DropDown[0][29]= new Array('Huawei E1750');
if (Arrayddl_4DropDown[0] ==null) Arrayddl_4DropDown[0] = new Array();
Arrayddl_4DropDown[0][30]= new Array('Huawei E122');
if (Arrayddl_4DropDown[0] ==null) Arrayddl_4DropDown[0] = new Array();
Arrayddl_4DropDown[0][31]= new Array('Skypephone S2');
if (Arrayddl_4DropDown[0] ==null) Arrayddl_4DropDown[0] = new Array();
Arrayddl_4DropDown[0][32]= new Array('Skypephone S2X');
if (Arrayddl_4DropDown[0] ==null) Arrayddl_4DropDown[0] = new Array();
Arrayddl_4DropDown[0][33]= new Array('Sony Ericsson Vivaz');
if (Arrayddl_4DropDown[0] ==null) Arrayddl_4DropDown[0] = new Array();
Arrayddl_4DropDown[0][34]= new Array('Nokia 5230');
if (Arrayddl_4DropDown[0] ==null) Arrayddl_4DropDown[0] = new Array();
Arrayddl_4DropDown[0][35]= new Array('Nokia X6');
if (Arrayddl_4DropDown[0] ==null) Arrayddl_4DropDown[0] = new Array();
Arrayddl_4DropDown[0][36]= new Array('INQ Chat');
if (Arrayddl_4DropDown[0] ==null) Arrayddl_4DropDown[0] = new Array();
Arrayddl_4DropDown[0][37]= new Array('iPhone 16GB 3GS');
if (Arrayddl_4DropDown[0] ==null) Arrayddl_4DropDown[0] = new Array();
Arrayddl_4DropDown[0][38]= new Array('iPhone 32GB 3GS');
if (Arrayddl_4DropDown[0] ==null) Arrayddl_4DropDown[0] = new Array();
Arrayddl_4DropDown[0][39]= new Array('ZTE MF 627');
if (Arrayddl_4DropDown[0] ==null) Arrayddl_4DropDown[0] = new Array();
Arrayddl_4DropDown[0][40]= new Array('ZTE MF 112');
if (Arrayddl_4DropDown[0] ==null) Arrayddl_4DropDown[0] = new Array();
Arrayddl_4DropDown[0][41]= new Array('Huawei 5830');
if (Arrayddl_4DropDown[0] ==null) Arrayddl_4DropDown[0] = new Array();
Arrayddl_4DropDown[0][42]= new Array('Nokia 6700 slide');
if (Arrayddl_4DropDown[0] ==null) Arrayddl_4DropDown[0] = new Array();
Arrayddl_4DropDown[0][43]= new Array('Nokia X10');
if (Arrayddl_4DropDown[0] ==null) Arrayddl_4DropDown[0] = new Array();
Arrayddl_4DropDown[0][44]= new Array('Nokia E72');
if (Arrayddl_4DropDown[0] ==null) Arrayddl_4DropDown[0] = new Array();
Arrayddl_4DropDown[0][45]= new Array('HTC Desire');
if (Arrayddl_4DropDown[0] ==null) Arrayddl_4DropDown[0] = new Array();
Arrayddl_4DropDown[0][46]= new Array('Nokia X10 mini');
if (Arrayddl_4DropDown[0] ==null) Arrayddl_4DropDown[0] = new Array();
Arrayddl_4DropDown[0][47]= new Array('Samsung Galaxy');
if (Arrayddl_4DropDown[0] ==null) Arrayddl_4DropDown[0] = new Array();
Arrayddl_4DropDown[0][48]= new Array('Samsung i 5700');
if (Arrayddl_4DropDown[0] ==null) Arrayddl_4DropDown[0] = new Array();
Arrayddl_4DropDown[0][49]= new Array('LG Viewty GT');
var Arrayddl_5DropDown = new Array( 4 );
if (Arrayddl_5DropDown[0] ==null) Arrayddl_5DropDown[0] = new Array();
Arrayddl_5DropDown[0][1]= new Array('12 Month');
if (Arrayddl_5DropDown[0] ==null) Arrayddl_5DropDown[0] = new Array();
Arrayddl_5DropDown[0][2]= new Array('18 Month');
if (Arrayddl_5DropDown[0] ==null) Arrayddl_5DropDown[0] = new Array();
Arrayddl_5DropDown[0][3]= new Array('24 Month');
if (Arrayddl_5DropDown[0] ==null) Arrayddl_5DropDown[0] = new Array();
Arrayddl_5DropDown[0][4]= new Array('No Contract Upgrade');
var Arrayddl_6DropDown = new Array( 2 );
if (Arrayddl_6DropDown[0] ==null) Arrayddl_6DropDown[0] = new Array();
Arrayddl_6DropDown[0][1]= new Array('Handset Insurance');
if (Arrayddl_6DropDown[0] ==null) Arrayddl_6DropDown[0] = new Array();
Arrayddl_6DropDown[0][2]= new Array('Modem Insurance');
var Arrayddl_7DropDown = new Array( 2 );
if (Arrayddl_7DropDown[0] ==null) Arrayddl_7DropDown[0] = new Array();
Arrayddl_7DropDown[0][1]= new Array('Internet Max');
if (Arrayddl_7DropDown[0] ==null) Arrayddl_7DropDown[0] = new Array();
Arrayddl_7DropDown[0][2]= new Array('Blackberry Internet and Email');
var Arrayddl_8DropDown = new Array( 2 );
if (Arrayddl_8DropDown[0] ==null) Arrayddl_8DropDown[0] = new Array();
Arrayddl_8DropDown[0][1]= new Array('Handset');
if (Arrayddl_8DropDown[0] ==null) Arrayddl_8DropDown[0] = new Array();
Arrayddl_8DropDown[0][2]= new Array('Modem');
var Arraylb_0ListBox = new Array( 7 );
if (Arraylb_0ListBox[0] ==null) Arraylb_0ListBox[0] = new Array();
Arraylb_0ListBox[0][1]= new Array('Post Upgrade Query');
if (Arraylb_0ListBox[0] ==null) Arraylb_0ListBox[0] = new Array();
Arraylb_0ListBox[0][2]= new Array('Pre Upgrade Query');
if (Arraylb_0ListBox[0] ==null) Arraylb_0ListBox[0] = new Array();
Arraylb_0ListBox[0][3]= new Array('Upgrade / Cancellation Request');
if (Arraylb_0ListBox[0] ==null) Arraylb_0ListBox[0] = new Array();
Arraylb_0ListBox[0][4]= new Array('Blank Call / Unclear Call');
if (Arraylb_0ListBox[0] ==null) Arraylb_0ListBox[0] = new Array();
Arraylb_0ListBox[0][5]= new Array('Consumer Customer');
if (Arraylb_0ListBox[0] ==null) Arraylb_0ListBox[0] = new Array();
Arraylb_0ListBox[0][6]= new Array('General Query');
if (Arraylb_0ListBox[0] ==null) Arraylb_0ListBox[0] = new Array();
Arraylb_0ListBox[0][7]= new Array('Dealer Calls');
var Arraylb_1ListBox = new Array( 43 );
if (Arraylb_1ListBox[1] ==null) Arraylb_1ListBox[1] = new Array();
Arraylb_1ListBox[1][1]= new Array('Delivery address incorrect');
if (Arraylb_1ListBox[0] ==null) Arraylb_1ListBox[0] = new Array();
Arraylb_1ListBox[0][2]= new Array('Explain my offer');
if (Arraylb_1ListBox[1] ==null) Arraylb_1ListBox[1] = new Array();
Arraylb_1ListBox[1][3]= new Array('Explain my offer');
if (Arraylb_1ListBox[1] ==null) Arraylb_1ListBox[1] = new Array();
Arraylb_1ListBox[1][4]= new Array('Handset not recieved');
if (Arraylb_1ListBox[1] ==null) Arraylb_1ListBox[1] = new Array();
Arraylb_1ListBox[1][5]= new Array('Incorrect handset recieved');
if (Arraylb_1ListBox[1] ==null) Arraylb_1ListBox[1] = new Array();
Arraylb_1ListBox[1][6]= new Array('Incorrect Upgrade Letter recieved');
if (Arraylb_1ListBox[1] ==null) Arraylb_1ListBox[1] = new Array();
Arraylb_1ListBox[1][7]= new Array('Jiffy Bag not recieved');
if (Arraylb_1ListBox[1] ==null) Arraylb_1ListBox[1] = new Array();
Arraylb_1ListBox[1][8]= new Array('MBB Query');
if (Arraylb_1ListBox[1] ==null) Arraylb_1ListBox[1] = new Array();
Arraylb_1ListBox[1][9]= new Array('Promotion not applied');
if (Arraylb_1ListBox[1] ==null) Arraylb_1ListBox[1] = new Array();
Arraylb_1ListBox[1][10]= new Array('When does my new contract start');
if (Arraylb_1ListBox[2] ==null) Arraylb_1ListBox[2] = new Array();
Arraylb_1ListBox[2][11]= new Array('2G SIM in 3G Handset');
if (Arraylb_1ListBox[2] ==null) Arraylb_1ListBox[2] = new Array();
Arraylb_1ListBox[2][12]= new Array('Billing Query');
if (Arraylb_1ListBox[2] ==null) Arraylb_1ListBox[2] = new Array();
Arraylb_1ListBox[2][13]= new Array('Call Dropped / Blank Call');
if (Arraylb_1ListBox[2] ==null) Arraylb_1ListBox[2] = new Array();
Arraylb_1ListBox[2][14]= new Array('Customer Service Issue');
if (Arraylb_1ListBox[2] ==null) Arraylb_1ListBox[2] = new Array();
Arraylb_1ListBox[2][15]= new Array('Downgrade Price Plan');
if (Arraylb_1ListBox[2] ==null) Arraylb_1ListBox[2] = new Array();
Arraylb_1ListBox[2][16]= new Array('Early Upgrade');
if (Arraylb_1ListBox[2] ==null) Arraylb_1ListBox[2] = new Array();
Arraylb_1ListBox[2][17]= new Array('Got a missed call from 3');
if (Arraylb_1ListBox[2] ==null) Arraylb_1ListBox[2] = new Array();
Arraylb_1ListBox[2][18]= new Array('Handset Fault');
if (Arraylb_1ListBox[2] ==null) Arraylb_1ListBox[2] = new Array();
Arraylb_1ListBox[2][19]= new Array('MBB Query');
if (Arraylb_1ListBox[2] ==null) Arraylb_1ListBox[2] = new Array();
Arraylb_1ListBox[2][20]= new Array('Query on new handsets @ 3');
if (Arraylb_1ListBox[2] ==null) Arraylb_1ListBox[2] = new Array();
Arraylb_1ListBox[2][21]= new Array('SMS/MMS recieved');
if (Arraylb_1ListBox[2] ==null) Arraylb_1ListBox[2] = new Array();
Arraylb_1ListBox[2][22]= new Array('Technical issue');
if (Arraylb_1ListBox[2] ==null) Arraylb_1ListBox[2] = new Array();
Arraylb_1ListBox[2][23]= new Array('Upgrade Inquiry');
if (Arraylb_1ListBox[2] ==null) Arraylb_1ListBox[2] = new Array();
Arraylb_1ListBox[2][24]= new Array('When does my contract end');
if (Arraylb_1ListBox[3] ==null) Arraylb_1ListBox[3] = new Array();
Arraylb_1ListBox[3][25]= new Array('Change of Ownership');
if (Arraylb_1ListBox[3] ==null) Arraylb_1ListBox[3] = new Array();
Arraylb_1ListBox[3][26]= new Array('Considering Offer');
if (Arraylb_1ListBox[3] ==null) Arraylb_1ListBox[3] = new Array();
Arraylb_1ListBox[3][27]= new Array('Contract Customer Lost');
if (Arraylb_1ListBox[3] ==null) Arraylb_1ListBox[3] = new Array();
Arraylb_1ListBox[3][28]= new Array('Customer Retained');
if (Arraylb_1ListBox[3] ==null) Arraylb_1ListBox[3] = new Array();
Arraylb_1ListBox[3][29]= new Array('Offer Change request');
if (Arraylb_1ListBox[3] ==null) Arraylb_1ListBox[3] = new Array();
Arraylb_1ListBox[3][30]= new Array('SIM Only cancellation');
if (Arraylb_1ListBox[3] ==null) Arraylb_1ListBox[3] = new Array();
Arraylb_1ListBox[3][31]= new Array('Upgrade');
if (Arraylb_1ListBox[3] ==null) Arraylb_1ListBox[3] = new Array();
Arraylb_1ListBox[3][32]= new Array('Upgrade SIM only to Contract Phone');
if (Arraylb_1ListBox[4] ==null) Arraylb_1ListBox[4] = new Array();
Arraylb_1ListBox[4][33]= new Array('Blank Call');
if (Arraylb_1ListBox[4] ==null) Arraylb_1ListBox[4] = new Array();
Arraylb_1ListBox[4][34]= new Array('Could not hear customer');
if (Arraylb_1ListBox[5] ==null) Arraylb_1ListBox[5] = new Array();
Arraylb_1ListBox[5][35]= new Array('Consumer Customer');
if (Arraylb_1ListBox[6] ==null) Arraylb_1ListBox[6] = new Array();
Arraylb_1ListBox[6][36]= new Array('General Query');
if (Arraylb_1ListBox[3] ==null) Arraylb_1ListBox[3] = new Array();
Arraylb_1ListBox[3][37]= new Array('When does my contract end');
if (Arraylb_1ListBox[1] ==null) Arraylb_1ListBox[1] = new Array();
Arraylb_1ListBox[1][38]= new Array('Dealer Issue');
if (Arraylb_1ListBox[3] ==null) Arraylb_1ListBox[3] = new Array();
Arraylb_1ListBox[3][39]= new Array('Upgrade reversal');
if (Arraylb_1ListBox[1] ==null) Arraylb_1ListBox[1] = new Array();
Arraylb_1ListBox[1][40]= new Array('LSD offer given');
if (Arraylb_1ListBox[1] ==null) Arraylb_1ListBox[1] = new Array();
Arraylb_1ListBox[1][41]= new Array('Want an add on');
if (Arraylb_1ListBox[1] ==null) Arraylb_1ListBox[1] = new Array();
Arraylb_1ListBox[1][42]= new Array('Remove an add on');
if (Arraylb_1ListBox[6] ==null) Arraylb_1ListBox[6] = new Array();
Arraylb_1ListBox[6][43]= new Array('DPA failed');
var Arraylb_2ListBox = new Array( 60 );
if (Arraylb_2ListBox[7] ==null) Arraylb_2ListBox[7] = new Array();
Arraylb_2ListBox[7][1]= new Array('Raised case to Logistics and gave SLA');
if (Arraylb_2ListBox[9] ==null) Arraylb_2ListBox[9] = new Array();
Arraylb_2ListBox[9][2]= new Array('Not eligible for promotion');
if (Arraylb_2ListBox[9] ==null) Arraylb_2ListBox[9] = new Array();
Arraylb_2ListBox[9][3]= new Array('Promotion applied and case raised for recalculatio');
if (Arraylb_2ListBox[11] ==null) Arraylb_2ListBox[11] = new Array();
Arraylb_2ListBox[11][4]= new Array('Customer chose to ignore the SMS');
if (Arraylb_2ListBox[11] ==null) Arraylb_2ListBox[11] = new Array();
Arraylb_2ListBox[11][5]= new Array('Customer has a 3G Handset');
if (Arraylb_2ListBox[11] ==null) Arraylb_2ListBox[11] = new Array();
Arraylb_2ListBox[11][6]= new Array('New Handset purchased');
if (Arraylb_2ListBox[26] ==null) Arraylb_2ListBox[26] = new Array();
Arraylb_2ListBox[26][7]= new Array('Held to Contract');
if (Arraylb_2ListBox[27] ==null) Arraylb_2ListBox[27] = new Array();
Arraylb_2ListBox[27][8]= new Array('3 to 3 Churn');
if (Arraylb_2ListBox[27] ==null) Arraylb_2ListBox[27] = new Array();
Arraylb_2ListBox[27][9]= new Array('6 months contract request');
if (Arraylb_2ListBox[27] ==null) Arraylb_2ListBox[27] = new Array();
Arraylb_2ListBox[27][10]= new Array('Cannot afford');
if (Arraylb_2ListBox[27] ==null) Arraylb_2ListBox[27] = new Array();
Arraylb_2ListBox[27][11]= new Array('Competitor Better Handsets');
if (Arraylb_2ListBox[27] ==null) Arraylb_2ListBox[27] = new Array();
Arraylb_2ListBox[27][12]= new Array('Competitor Better Offer');
if (Arraylb_2ListBox[27] ==null) Arraylb_2ListBox[27] = new Array();
Arraylb_2ListBox[27][13]= new Array('Dealer Better Offer');
if (Arraylb_2ListBox[27] ==null) Arraylb_2ListBox[27] = new Array();
Arraylb_2ListBox[27][14]= new Array('Dealer calling to Cancel');
if (Arraylb_2ListBox[27] ==null) Arraylb_2ListBox[27] = new Array();
Arraylb_2ListBox[27][15]= new Array('Dealer Cash Back not recieved');
if (Arraylb_2ListBox[27] ==null) Arraylb_2ListBox[27] = new Array();
Arraylb_2ListBox[27][16]= new Array('Employer providing phone');
if (Arraylb_2ListBox[27] ==null) Arraylb_2ListBox[27] = new Array();
Arraylb_2ListBox[27][17]= new Array('Going Abroad');
if (Arraylb_2ListBox[27] ==null) Arraylb_2ListBox[27] = new Array();
Arraylb_2ListBox[27][18]= new Array('Handset not in Stock');
if (Arraylb_2ListBox[27] ==null) Arraylb_2ListBox[27] = new Array();
Arraylb_2ListBox[27][19]= new Array('Move from Mix n Match to other Tariff');
if (Arraylb_2ListBox[27] ==null) Arraylb_2ListBox[27] = new Array();
Arraylb_2ListBox[27][20]= new Array('Network Coverage Issues');
if (Arraylb_2ListBox[27] ==null) Arraylb_2ListBox[27] = new Array();
Arraylb_2ListBox[27][21]= new Array('Obsolete Price Plan - Upgrade Request');
if (Arraylb_2ListBox[27] ==null) Arraylb_2ListBox[27] = new Array();
Arraylb_2ListBox[27][22]= new Array('Poor Customer Service');
if (Arraylb_2ListBox[31] ==null) Arraylb_2ListBox[31] = new Array();
Arraylb_2ListBox[31][23]= new Array('Business 600');
if (Arraylb_2ListBox[31] ==null) Arraylb_2ListBox[31] = new Array();
Arraylb_2ListBox[31][24]= new Array('Business 900');
if (Arraylb_2ListBox[31] ==null) Arraylb_2ListBox[31] = new Array();
Arraylb_2ListBox[31][25]= new Array('Business Flat Rate');
if (Arraylb_2ListBox[31] ==null) Arraylb_2ListBox[31] = new Array();
Arraylb_2ListBox[31][26]= new Array('Business Flat RT+Mail');
if (Arraylb_2ListBox[31] ==null) Arraylb_2ListBox[31] = new Array();
Arraylb_2ListBox[31][27]= new Array('Business Share 1000');
if (Arraylb_2ListBox[31] ==null) Arraylb_2ListBox[31] = new Array();
Arraylb_2ListBox[31][28]= new Array('Business Share 2000');
if (Arraylb_2ListBox[31] ==null) Arraylb_2ListBox[31] = new Array();
Arraylb_2ListBox[31][29]= new Array('Business Share 3000');
if (Arraylb_2ListBox[31] ==null) Arraylb_2ListBox[31] = new Array();
Arraylb_2ListBox[31][30]= new Array('Business Share 4000');
if (Arraylb_2ListBox[31] ==null) Arraylb_2ListBox[31] = new Array();
Arraylb_2ListBox[31][31]= new Array('Bus Mix&amp;Match100');
if (Arraylb_2ListBox[31] ==null) Arraylb_2ListBox[31] = new Array();
Arraylb_2ListBox[31][32]= new Array('Bus Mix&amp;Match1100');
if (Arraylb_2ListBox[31] ==null) Arraylb_2ListBox[31] = new Array();
Arraylb_2ListBox[31][33]= new Array('Bus Mix&amp;Match300');
if (Arraylb_2ListBox[31] ==null) Arraylb_2ListBox[31] = new Array();
Arraylb_2ListBox[31][34]= new Array('Bus Mix&amp;Match500');
if (Arraylb_2ListBox[31] ==null) Arraylb_2ListBox[31] = new Array();
Arraylb_2ListBox[31][35]= new Array('Bus Mix&amp;Match700');
if (Arraylb_2ListBox[31] ==null) Arraylb_2ListBox[31] = new Array();
Arraylb_2ListBox[31][36]= new Array('Bus Mix&amp;Match900');
if (Arraylb_2ListBox[31] ==null) Arraylb_2ListBox[31] = new Array();
Arraylb_2ListBox[31][37]= new Array('SIM 0');
if (Arraylb_2ListBox[31] ==null) Arraylb_2ListBox[31] = new Array();
Arraylb_2ListBox[31][38]= new Array('Sim 10');
if (Arraylb_2ListBox[31] ==null) Arraylb_2ListBox[31] = new Array();
Arraylb_2ListBox[31][39]= new Array('Sim 15');
if (Arraylb_2ListBox[37] ==null) Arraylb_2ListBox[37] = new Array();
Arraylb_2ListBox[37][40]= new Array('Gave the ETF amount');
if (Arraylb_2ListBox[27] ==null) Arraylb_2ListBox[27] = new Array();
Arraylb_2ListBox[27][41]= new Array('Business Shutting Down');
if (Arraylb_2ListBox[27] ==null) Arraylb_2ListBox[27] = new Array();
Arraylb_2ListBox[27][42]= new Array('Employee not working anymore');
if (Arraylb_2ListBox[27] ==null) Arraylb_2ListBox[27] = new Array();
Arraylb_2ListBox[27][43]= new Array('No usage');
if (Arraylb_2ListBox[31] ==null) Arraylb_2ListBox[31] = new Array();
Arraylb_2ListBox[31][44]= new Array('Broadband 5GB');
if (Arraylb_2ListBox[39] ==null) Arraylb_2ListBox[39] = new Array();
Arraylb_2ListBox[39][45]= new Array('reverse &amp; Continue with old contract');
if (Arraylb_2ListBox[39] ==null) Arraylb_2ListBox[39] = new Array();
Arraylb_2ListBox[39][46]= new Array('reverse &amp; cancel contract');
if (Arraylb_2ListBox[40] ==null) Arraylb_2ListBox[40] = new Array();
Arraylb_2ListBox[40][47]= new Array('Handset cost  taken');
if (Arraylb_2ListBox[40] ==null) Arraylb_2ListBox[40] = new Array();
Arraylb_2ListBox[40][48]= new Array('6 month contract extension');
if (Arraylb_2ListBox[41] ==null) Arraylb_2ListBox[41] = new Array();
Arraylb_2ListBox[41][49]= new Array('Voice 500');
if (Arraylb_2ListBox[0] ==null) Arraylb_2ListBox[0] = new Array();
Arraylb_2ListBox[0][50]= new Array('Voice 250');
if (Arraylb_2ListBox[0] ==null) Arraylb_2ListBox[0] = new Array();
Arraylb_2ListBox[0][51]= new Array('Add text 1000');
if (Arraylb_2ListBox[41] ==null) Arraylb_2ListBox[41] = new Array();
Arraylb_2ListBox[41][52]= new Array('add internet max');
if (Arraylb_2ListBox[41] ==null) Arraylb_2ListBox[41] = new Array();
Arraylb_2ListBox[41][53]= new Array('voice 250');
if (Arraylb_2ListBox[41] ==null) Arraylb_2ListBox[41] = new Array();
Arraylb_2ListBox[41][54]= new Array('add text 1000');
if (Arraylb_2ListBox[42] ==null) Arraylb_2ListBox[42] = new Array();
Arraylb_2ListBox[42][55]= new Array('Voice 500');
if (Arraylb_2ListBox[42] ==null) Arraylb_2ListBox[42] = new Array();
Arraylb_2ListBox[42][56]= new Array('voice 250');
if (Arraylb_2ListBox[42] ==null) Arraylb_2ListBox[42] = new Array();
Arraylb_2ListBox[42][57]= new Array('add internet max');
if (Arraylb_2ListBox[41] ==null) Arraylb_2ListBox[41] = new Array();
Arraylb_2ListBox[41][58]= new Array('add landlines');
if (Arraylb_2ListBox[42] ==null) Arraylb_2ListBox[42] = new Array();
Arraylb_2ListBox[42][59]= new Array('add landlines');
if (Arraylb_2ListBox[42] ==null) Arraylb_2ListBox[42] = new Array();
Arraylb_2ListBox[42][60]= new Array('add text 1000');
var Arraylb_3ListBox = new Array( 81 );
if (Arraylb_3ListBox[8] ==null) Arraylb_3ListBox[8] = new Array();
Arraylb_3ListBox[8][1]= new Array('3 Pay');
if (Arraylb_3ListBox[8] ==null) Arraylb_3ListBox[8] = new Array();
Arraylb_3ListBox[8][2]= new Array('Dealer better offer');
if (Arraylb_3ListBox[8] ==null) Arraylb_3ListBox[8] = new Array();
Arraylb_3ListBox[8][3]= new Array('New contract from store');
if (Arraylb_3ListBox[9] ==null) Arraylb_3ListBox[9] = new Array();
Arraylb_3ListBox[9][4]= new Array('Continue 6 months contract');
if (Arraylb_3ListBox[9] ==null) Arraylb_3ListBox[9] = new Array();
Arraylb_3ListBox[9][5]= new Array('Upgrade to 6 month contract');
if (Arraylb_3ListBox[10] ==null) Arraylb_3ListBox[10] = new Array();
Arraylb_3ListBox[10][6]= new Array('Dealer better offer');
if (Arraylb_3ListBox[10] ==null) Arraylb_3ListBox[10] = new Array();
Arraylb_3ListBox[10][8]= new Array('Has another contract  with 3');
if (Arraylb_3ListBox[10] ==null) Arraylb_3ListBox[10] = new Array();
Arraylb_3ListBox[10][9]= new Array('No Reason given');
if (Arraylb_3ListBox[10] ==null) Arraylb_3ListBox[10] = new Array();
Arraylb_3ListBox[10][10]= new Array('Switching to Landline');
if (Arraylb_3ListBox[10] ==null) Arraylb_3ListBox[10] = new Array();
Arraylb_3ListBox[10][11]= new Array('Unemployed');
if (Arraylb_3ListBox[11] ==null) Arraylb_3ListBox[11] = new Array();
Arraylb_3ListBox[11][12]= new Array('Blackberry');
if (Arraylb_3ListBox[12] ==null) Arraylb_3ListBox[12] = new Array();
Arraylb_3ListBox[12][13]= new Array('G1 - Google Phone');
if (Arraylb_3ListBox[11] ==null) Arraylb_3ListBox[11] = new Array();
Arraylb_3ListBox[11][14]= new Array('HTC');
if (Arraylb_3ListBox[13] ==null) Arraylb_3ListBox[13] = new Array();
Arraylb_3ListBox[13][15]= new Array('Better Competitor offer');
if (Arraylb_3ListBox[13] ==null) Arraylb_3ListBox[13] = new Array();
Arraylb_3ListBox[13][16]= new Array('Better Upgrade deal for 3');
if (Arraylb_3ListBox[13] ==null) Arraylb_3ListBox[13] = new Array();
Arraylb_3ListBox[13][17]= new Array('Cashback Deal');
if (Arraylb_3ListBox[13] ==null) Arraylb_3ListBox[13] = new Array();
Arraylb_3ListBox[13][18]= new Array('Free Goodies Deal');
if (Arraylb_3ListBox[13] ==null) Arraylb_3ListBox[13] = new Array();
Arraylb_3ListBox[13][19]= new Array('New Contract deal with 3');
if (Arraylb_3ListBox[13] ==null) Arraylb_3ListBox[13] = new Array();
Arraylb_3ListBox[13][20]= new Array('No Reason given');
if (Arraylb_3ListBox[14] ==null) Arraylb_3ListBox[14] = new Array();
Arraylb_3ListBox[14][21]= new Array('3 Store');
if (Arraylb_3ListBox[14] ==null) Arraylb_3ListBox[14] = new Array();
Arraylb_3ListBox[14][22]= new Array('3rd Party Store');
if (Arraylb_3ListBox[14] ==null) Arraylb_3ListBox[14] = new Array();
Arraylb_3ListBox[14][23]= new Array('CarPhone Warehouse');
if (Arraylb_3ListBox[14] ==null) Arraylb_3ListBox[14] = new Array();
Arraylb_3ListBox[14][24]= new Array('Dont Know');
if (Arraylb_3ListBox[14] ==null) Arraylb_3ListBox[14] = new Array();
Arraylb_3ListBox[14][25]= new Array('Phones4U');
if (Arraylb_3ListBox[15] ==null) Arraylb_3ListBox[15] = new Array();
Arraylb_3ListBox[15][26]= new Array('3 Store');
if (Arraylb_3ListBox[15] ==null) Arraylb_3ListBox[15] = new Array();
Arraylb_3ListBox[15][27]= new Array('3rd Party Store');
if (Arraylb_3ListBox[15] ==null) Arraylb_3ListBox[15] = new Array();
Arraylb_3ListBox[15][28]= new Array('CarPhone Warehouse');
if (Arraylb_3ListBox[15] ==null) Arraylb_3ListBox[15] = new Array();
Arraylb_3ListBox[15][29]= new Array('Does not know');
if (Arraylb_3ListBox[15] ==null) Arraylb_3ListBox[15] = new Array();
Arraylb_3ListBox[15][30]= new Array('Phones4U');
if (Arraylb_3ListBox[16] ==null) Arraylb_3ListBox[16] = new Array();
Arraylb_3ListBox[16][31]= new Array('PAC');
if (Arraylb_3ListBox[16] ==null) Arraylb_3ListBox[16] = new Array();
Arraylb_3ListBox[16][32]= new Array('Retire USIM');
if (Arraylb_3ListBox[17] ==null) Arraylb_3ListBox[17] = new Array();
Arraylb_3ListBox[17][33]= new Array('PAC');
if (Arraylb_3ListBox[17] ==null) Arraylb_3ListBox[17] = new Array();
Arraylb_3ListBox[17][34]= new Array('Retire USIM');
if (Arraylb_3ListBox[18] ==null) Arraylb_3ListBox[18] = new Array();
Arraylb_3ListBox[18][35]= new Array('INQ');
if (Arraylb_3ListBox[18] ==null) Arraylb_3ListBox[18] = new Array();
Arraylb_3ListBox[18][36]= new Array('LG');
if (Arraylb_3ListBox[18] ==null) Arraylb_3ListBox[18] = new Array();
Arraylb_3ListBox[18][37]= new Array('Motorola');
if (Arraylb_3ListBox[18] ==null) Arraylb_3ListBox[18] = new Array();
Arraylb_3ListBox[18][38]= new Array('Nokia');
if (Arraylb_3ListBox[18] ==null) Arraylb_3ListBox[18] = new Array();
Arraylb_3ListBox[18][39]= new Array('Samsung');
if (Arraylb_3ListBox[18] ==null) Arraylb_3ListBox[18] = new Array();
Arraylb_3ListBox[18][40]= new Array('SkypePhone');
if (Arraylb_3ListBox[18] ==null) Arraylb_3ListBox[18] = new Array();
Arraylb_3ListBox[18][41]= new Array('Sony Ericsson');
if (Arraylb_3ListBox[19] ==null) Arraylb_3ListBox[19] = new Array();
Arraylb_3ListBox[19][42]= new Array('Acquisition Offer');
if (Arraylb_3ListBox[19] ==null) Arraylb_3ListBox[19] = new Array();
Arraylb_3ListBox[19][43]= new Array('Direct Talker / Texter Plan');
if (Arraylb_3ListBox[19] ==null) Arraylb_3ListBox[19] = new Array();
Arraylb_3ListBox[19][44]= new Array('SIM Only Plan');
if (Arraylb_3ListBox[19] ==null) Arraylb_3ListBox[19] = new Array();
Arraylb_3ListBox[19][45]= new Array('Talk and Text Plan');
if (Arraylb_3ListBox[19] ==null) Arraylb_3ListBox[19] = new Array();
Arraylb_3ListBox[19][46]= new Array('Talker Plan');
if (Arraylb_3ListBox[19] ==null) Arraylb_3ListBox[19] = new Array();
Arraylb_3ListBox[19][47]= new Array('Texter Plan');
if (Arraylb_3ListBox[19] ==null) Arraylb_3ListBox[19] = new Array();
Arraylb_3ListBox[19][48]= new Array('Video Talk and Text Plan');
if (Arraylb_3ListBox[20] ==null) Arraylb_3ListBox[20] = new Array();
Arraylb_3ListBox[20][49]= new Array('Cannot make/recieve calls');
if (Arraylb_3ListBox[20] ==null) Arraylb_3ListBox[20] = new Array();
Arraylb_3ListBox[20][50]= new Array('Drop Call issue');
if (Arraylb_3ListBox[20] ==null) Arraylb_3ListBox[20] = new Array();
Arraylb_3ListBox[20][51]= new Array('Handset Fault');
if (Arraylb_3ListBox[20] ==null) Arraylb_3ListBox[20] = new Array();
Arraylb_3ListBox[20][52]= new Array('O2 Switch off issue');
if (Arraylb_3ListBox[20] ==null) Arraylb_3ListBox[20] = new Array();
Arraylb_3ListBox[20][53]= new Array('Poor Indoor coverage');
if (Arraylb_3ListBox[20] ==null) Arraylb_3ListBox[20] = new Array();
Arraylb_3ListBox[20][54]= new Array('Poor Outdoor coverage');
if (Arraylb_3ListBox[20] ==null) Arraylb_3ListBox[20] = new Array();
Arraylb_3ListBox[20][55]= new Array('Silent / Distorted Calls');
if (Arraylb_3ListBox[20] ==null) Arraylb_3ListBox[20] = new Array();
Arraylb_3ListBox[20][56]= new Array('Sim Card Faulty');
if (Arraylb_3ListBox[21] ==null) Arraylb_3ListBox[21] = new Array();
Arraylb_3ListBox[21][57]= new Array('3toGo');
if (Arraylb_3ListBox[21] ==null) Arraylb_3ListBox[21] = new Array();
Arraylb_3ListBox[21][58]= new Array('Off Peak 3000');
if (Arraylb_3ListBox[21] ==null) Arraylb_3ListBox[21] = new Array();
Arraylb_3ListBox[21][59]= new Array('Video Text Plan');
if (Arraylb_3ListBox[22] ==null) Arraylb_3ListBox[22] = new Array();
Arraylb_3ListBox[22][60]= new Array('Billing Issue');
if (Arraylb_3ListBox[22] ==null) Arraylb_3ListBox[22] = new Array();
Arraylb_3ListBox[22][61]= new Array('Delayed / Failed Handset Delivery');
if (Arraylb_3ListBox[22] ==null) Arraylb_3ListBox[22] = new Array();
Arraylb_3ListBox[22][62]= new Array('Failed Callback');
if (Arraylb_3ListBox[22] ==null) Arraylb_3ListBox[22] = new Array();
Arraylb_3ListBox[22][63]= new Array('Incorrect Information given');
if (Arraylb_3ListBox[22] ==null) Arraylb_3ListBox[22] = new Array();
Arraylb_3ListBox[22][64]= new Array('Issue not resolve in time');
if (Arraylb_3ListBox[22] ==null) Arraylb_3ListBox[22] = new Array();
Arraylb_3ListBox[22][65]= new Array('Mis-Selling');
if (Arraylb_3ListBox[22] ==null) Arraylb_3ListBox[22] = new Array();
Arraylb_3ListBox[22][66]= new Array('Unprofessional behavior');
if (Arraylb_3ListBox[23] ==null) Arraylb_3ListBox[23] = new Array();
Arraylb_3ListBox[23][67]= new Array('Handset Model - Color -');
if (Arraylb_3ListBox[24] ==null) Arraylb_3ListBox[24] = new Array();
Arraylb_3ListBox[24][68]= new Array('Handset Model - Color -');
if (Arraylb_3ListBox[26] ==null) Arraylb_3ListBox[26] = new Array();
Arraylb_3ListBox[26][69]= new Array('Handset Model - Color -');
if (Arraylb_3ListBox[27] ==null) Arraylb_3ListBox[27] = new Array();
Arraylb_3ListBox[27][70]= new Array('Handset Model - Color -');
if (Arraylb_3ListBox[28] ==null) Arraylb_3ListBox[28] = new Array();
Arraylb_3ListBox[28][71]= new Array('Handset Model - Color -');
if (Arraylb_3ListBox[29] ==null) Arraylb_3ListBox[29] = new Array();
Arraylb_3ListBox[29][72]= new Array('Handset Model - Color -');
if (Arraylb_3ListBox[30] ==null) Arraylb_3ListBox[30] = new Array();
Arraylb_3ListBox[30][73]= new Array('Handset Model - Color -');
if (Arraylb_3ListBox[31] ==null) Arraylb_3ListBox[31] = new Array();
Arraylb_3ListBox[31][74]= new Array('Handset Model - Color -');
if (Arraylb_3ListBox[32] ==null) Arraylb_3ListBox[32] = new Array();
Arraylb_3ListBox[32][75]= new Array('Handset Model - Color -');
if (Arraylb_3ListBox[33] ==null) Arraylb_3ListBox[33] = new Array();
Arraylb_3ListBox[33][76]= new Array('Handset Model - Color -');
if (Arraylb_3ListBox[34] ==null) Arraylb_3ListBox[34] = new Array();
Arraylb_3ListBox[34][77]= new Array('Handset Model - Color -');
if (Arraylb_3ListBox[35] ==null) Arraylb_3ListBox[35] = new Array();
Arraylb_3ListBox[35][78]= new Array('Handset Model - Color -');
if (Arraylb_3ListBox[36] ==null) Arraylb_3ListBox[36] = new Array();
Arraylb_3ListBox[36][79]= new Array('Handset Model - Color -');
if (Arraylb_3ListBox[11] ==null) Arraylb_3ListBox[11] = new Array();
Arraylb_3ListBox[11][80]= new Array('iphone');
if (Arraylb_3ListBox[8] ==null) Arraylb_3ListBox[8] = new Array();
Arraylb_3ListBox[8][81]= new Array('New 3 Business line');
if (Arraylb_3ListBox[13] ==null) Arraylb_3ListBox[13] = new Array();
Arraylb_3ListBox[13][82]= new Array('New 3 Consumer Line');
var Arraylb_4ListBox = new Array( 0 );
</Array>
  </DataScript>
</FORMS>