﻿<?xml version="1.0" encoding="utf-8"?>
<FORMS xmlns:xsi="http://www.w3.org/2001/XMLSchema-instance" FormID="33" VersionName="1.4">
  <TextBox>
    <Label>
      <Text>Order Ref Number</Text>
    </Label>
    <ControlID>1</ControlID>
    <ControlType>Basic</ControlType>
    <FieldID>txt_0TextBox</FieldID>
    <Title>Order Ref Number</Title>
    <X-Pos>0</X-Pos>
    <Y-Pos>0</Y-Pos>
    <Width>200</Width>
    <IsRequired>True</IsRequired>
    <IsPostBack>False</IsPostBack>
    <IsWrap>False</IsWrap>
    <PreWrap>
    </PreWrap>
    <PostWrap>
    </PostWrap>
    <TextMode>Singleline</TextMode>
    <IsType>Numeric</IsType>
    <MaxLength>20</MaxLength>
    <Dependency>
    </Dependency>
    <PrevRef>
    </PrevRef>
    <DependentID>
    </DependentID>
  </TextBox>
  <DropDownList>
    <Label>
      <Text>Rekey Application</Text>
    </Label>
    <ControlID>2</ControlID>
    <ControlType>Basic</ControlType>
    <FieldID>ddl_0DropDown</FieldID>
    <Title>Rekey Application</Title>
    <DependentID>
    </DependentID>
    <X-Pos>307</X-Pos>
    <Y-Pos>1</Y-Pos>
    <Width>200</Width>
    <IsRequired>True</IsRequired>
    <IsManageable>True</IsManageable>
    <IsPostBack>False</IsPostBack>
    <Dependency>False</Dependency>
    <IsWrap>False</IsWrap>
    <PreWrap>
    </PreWrap>
    <PostWrap>
    </PostWrap>
    <PrevRef>
    </PrevRef>
    <IsQueryPattern>Contains</IsQueryPattern>
    <DataSource>XML</DataSource>
    <LISTITEMS>
      <LISTITEM Id="1" value="" DependentOn="0" WrapNote="" OptionTooltip="" Template="">Yes</LISTITEM>
      <LISTITEM Id="2" value="" DependentOn="0" WrapNote="" OptionTooltip="" Template="">No</LISTITEM>
    </LISTITEMS>
  </DropDownList>
  <DropDownList>
    <Label>
      <Text>Suspicious Order</Text>
    </Label>
    <ControlID>2</ControlID>
    <ControlType>Basic</ControlType>
    <FieldID>ddl_1DropDown</FieldID>
    <Title>Suspicious Order</Title>
    <DependentID>
    </DependentID>
    <X-Pos>611</X-Pos>
    <Y-Pos>1</Y-Pos>
    <Width>200</Width>
    <IsRequired>False</IsRequired>
    <IsManageable>True</IsManageable>
    <IsPostBack>False</IsPostBack>
    <Dependency>False</Dependency>
    <IsWrap>False</IsWrap>
    <PreWrap>
    </PreWrap>
    <PostWrap>
    </PostWrap>
    <PrevRef>
    </PrevRef>
    <IsQueryPattern>Contains</IsQueryPattern>
    <DataSource>XML</DataSource>
    <LISTITEMS>
      <LISTITEM Id="1" value="" DependentOn="0" WrapNote="" OptionTooltip="" Template="">Yes</LISTITEM>
      <LISTITEM Id="2" value="" DependentOn="0" WrapNote="" OptionTooltip="" Template="">No</LISTITEM>
    </LISTITEMS>
  </DropDownList>
  <DropDownList>
    <Label>
      <Text>Channel</Text>
    </Label>
    <ControlID>2</ControlID>
    <ControlType>Basic</ControlType>
    <FieldID>ddl_2DropDown</FieldID>
    <Title>Channel</Title>
    <DependentID>
    </DependentID>
    <X-Pos>1</X-Pos>
    <Y-Pos>64</Y-Pos>
    <Width>200</Width>
    <IsRequired>False</IsRequired>
    <IsManageable>True</IsManageable>
    <IsPostBack>False</IsPostBack>
    <Dependency>False</Dependency>
    <IsWrap>False</IsWrap>
    <PreWrap>
    </PreWrap>
    <PostWrap>
    </PostWrap>
    <PrevRef>
    </PrevRef>
    <IsQueryPattern>Contains</IsQueryPattern>
    <DataSource>XML</DataSource>
    <LISTITEMS>
      <LISTITEM Id="1" value="" DependentOn="0" WrapNote="" OptionTooltip="" Template="">Telesales</LISTITEM>
      <LISTITEM Id="2" value="" DependentOn="0" WrapNote="" OptionTooltip="" Template="">Websales</LISTITEM>
      <LISTITEM Id="3" value="" DependentOn="0" WrapNote="" OptionTooltip="" Template="">Retail</LISTITEM>
    </LISTITEMS>
  </DropDownList>
  <DropDownList>
    <Label>
      <Text>Product</Text>
    </Label>
    <ControlID>2</ControlID>
    <ControlType>Basic</ControlType>
    <FieldID>ddl_3DropDown</FieldID>
    <Title>Product</Title>
    <DependentID>
    </DependentID>
    <X-Pos>307</X-Pos>
    <Y-Pos>63</Y-Pos>
    <Width>200</Width>
    <IsRequired>False</IsRequired>
    <IsManageable>True</IsManageable>
    <IsPostBack>False</IsPostBack>
    <Dependency>False</Dependency>
    <IsWrap>False</IsWrap>
    <PreWrap>
    </PreWrap>
    <PostWrap>
    </PostWrap>
    <PrevRef>
    </PrevRef>
    <IsQueryPattern>Contains</IsQueryPattern>
    <DataSource>XML</DataSource>
    <LISTITEMS>
      <LISTITEM Id="1" value="" DependentOn="0" WrapNote="" OptionTooltip="" Template="">Contract</LISTITEM>
      <LISTITEM Id="2" value="" DependentOn="0" WrapNote="" OptionTooltip="" Template="">3Pay</LISTITEM>
    </LISTITEMS>
  </DropDownList>
  <DropDownList>
    <Label>
      <Text>Device</Text>
    </Label>
    <ControlID>2</ControlID>
    <ControlType>Basic</ControlType>
    <FieldID>ddl_4DropDown</FieldID>
    <Title>Device</Title>
    <DependentID>
    </DependentID>
    <X-Pos>611</X-Pos>
    <Y-Pos>62</Y-Pos>
    <Width>200</Width>
    <IsRequired>False</IsRequired>
    <IsManageable>True</IsManageable>
    <IsPostBack>False</IsPostBack>
    <Dependency>False</Dependency>
    <IsWrap>False</IsWrap>
    <PreWrap>
    </PreWrap>
    <PostWrap>
    </PostWrap>
    <PrevRef>
    </PrevRef>
    <IsQueryPattern>Contains</IsQueryPattern>
    <DataSource>XML</DataSource>
    <LISTITEMS>
      <LISTITEM Id="1" value="" DependentOn="0" WrapNote="" OptionTooltip="" Template="">HDST</LISTITEM>
      <LISTITEM Id="2" value="" DependentOn="0" WrapNote="" OptionTooltip="" Template="">DC</LISTITEM>
      <LISTITEM Id="3" value="" DependentOn="0" WrapNote="" OptionTooltip="" Template="">SIM</LISTITEM>
    </LISTITEMS>
  </DropDownList>
  <TextBox>
    <Label>
      <Text>Linked Order No 1 </Text>
    </Label>
    <ControlID>1</ControlID>
    <ControlType>Basic</ControlType>
    <FieldID>txt_1TextBox</FieldID>
    <Title>Linked Order No 1 </Title>
    <X-Pos>3</X-Pos>
    <Y-Pos>129</Y-Pos>
    <Width>200</Width>
    <IsRequired>False</IsRequired>
    <IsPostBack>False</IsPostBack>
    <IsWrap>False</IsWrap>
    <PreWrap>
    </PreWrap>
    <PostWrap>
    </PostWrap>
    <TextMode>Singleline</TextMode>
    <IsType>Numeric</IsType>
    <MaxLength>20</MaxLength>
    <Dependency>
    </Dependency>
    <PrevRef>
    </PrevRef>
    <DependentID>
    </DependentID>
  </TextBox>
  <TextBox>
    <Label>
      <Text>Linked Order No 2</Text>
    </Label>
    <ControlID>1</ControlID>
    <ControlType>Basic</ControlType>
    <FieldID>txt_2TextBox</FieldID>
    <Title>Linked Order No 2</Title>
    <X-Pos>306</X-Pos>
    <Y-Pos>128</Y-Pos>
    <Width>200</Width>
    <IsRequired>False</IsRequired>
    <IsPostBack>False</IsPostBack>
    <IsWrap>False</IsWrap>
    <PreWrap>
    </PreWrap>
    <PostWrap>
    </PostWrap>
    <TextMode>Singleline</TextMode>
    <IsType>Numeric</IsType>
    <MaxLength>20</MaxLength>
    <Dependency>
    </Dependency>
    <PrevRef>
    </PrevRef>
    <DependentID>
    </DependentID>
  </TextBox>
  <TextBox>
    <Label>
      <Text>Linked BAN 1 </Text>
    </Label>
    <ControlID>1</ControlID>
    <ControlType>Basic</ControlType>
    <FieldID>txt_3TextBox</FieldID>
    <Title>Linked BAN 1 </Title>
    <X-Pos>1</X-Pos>
    <Y-Pos>188</Y-Pos>
    <Width>200</Width>
    <IsRequired>False</IsRequired>
    <IsPostBack>False</IsPostBack>
    <IsWrap>False</IsWrap>
    <PreWrap>
    </PreWrap>
    <PostWrap>
    </PostWrap>
    <TextMode>Singleline</TextMode>
    <IsType>Numeric</IsType>
    <MaxLength>20</MaxLength>
    <Dependency>
    </Dependency>
    <PrevRef>
    </PrevRef>
    <DependentID>
    </DependentID>
  </TextBox>
  <TextBox>
    <Label>
      <Text>Linked BAN 2</Text>
    </Label>
    <ControlID>1</ControlID>
    <ControlType>Basic</ControlType>
    <FieldID>txt_4TextBox</FieldID>
    <Title>Linked BAN 2</Title>
    <X-Pos>307</X-Pos>
    <Y-Pos>188</Y-Pos>
    <Width>200</Width>
    <IsRequired>False</IsRequired>
    <IsPostBack>False</IsPostBack>
    <IsWrap>False</IsWrap>
    <PreWrap>
    </PreWrap>
    <PostWrap>
    </PostWrap>
    <TextMode>Singleline</TextMode>
    <IsType>Numeric</IsType>
    <MaxLength>20</MaxLength>
    <Dependency>
    </Dependency>
    <PrevRef>
    </PrevRef>
    <DependentID>
    </DependentID>
  </TextBox>
  <ListBox>
    <Label>
      <Text>Final Decision1</Text>
    </Label>
    <ControlID>5</ControlID>
    <ControlType>Basic</ControlType>
    <FieldID>lb_0ListBox</FieldID>
    <Title>Final Decision1</Title>
    <DependentID>lb_1ListBox</DependentID>
    <X-Pos>3</X-Pos>
    <Y-Pos>250</Y-Pos>
    <Width>100</Width>
    <IsRequired>True</IsRequired>
    <IsManageable>True</IsManageable>
    <IsPostBack>False</IsPostBack>
    <Dependency>True</Dependency>
    <IsWrap>False</IsWrap>
    <PreWrap>
    </PreWrap>
    <PostWrap>
    </PostWrap>
    <PrevRef>
    </PrevRef>
    <DataSource>XML</DataSource>
    <LISTITEMS>
      <LISTITEM Id="1" value="" DependentOn="0" WrapNote="" OptionTooltip="" Template="">Accept</LISTITEM>
      <LISTITEM Id="2" value="" DependentOn="0" WrapNote="" OptionTooltip="" Template="">Decline</LISTITEM>
      <LISTITEM Id="3" value="" DependentOn="0" WrapNote="" OptionTooltip="" Template="">Cancel</LISTITEM>
      <LISTITEM Id="4" value="" DependentOn="0" WrapNote="" OptionTooltip="" Template="">Deposit</LISTITEM>
      <LISTITEM Id="5" value="" DependentOn="0" WrapNote="" OptionTooltip="" Template="">Pend</LISTITEM>
    </LISTITEMS>
  </ListBox>
  <ListBox>
    <Label>
      <Text>Decline Category1 </Text>
    </Label>
    <ControlID>5</ControlID>
    <ControlType>Basic</ControlType>
    <FieldID>lb_1ListBox</FieldID>
    <Title>Decline Category1 </Title>
    <DependentID>lb_2ListBox</DependentID>
    <X-Pos>307</X-Pos>
    <Y-Pos>249</Y-Pos>
    <Width>100</Width>
    <IsRequired>True</IsRequired>
    <IsManageable>True</IsManageable>
    <IsPostBack>False</IsPostBack>
    <Dependency>True</Dependency>
    <IsWrap>False</IsWrap>
    <PreWrap>
    </PreWrap>
    <PostWrap>
    </PostWrap>
    <PrevRef>lb_0ListBox</PrevRef>
    <DataSource>XML</DataSource>
    <LISTITEMS>
      <LISTITEM Id="1" value="" DependentOn="1" WrapNote="" OptionTooltip="" Template="">Negative Internal Data - Partial Match</LISTITEM>
      <LISTITEM Id="2" value="" DependentOn="1" WrapNote="" OptionTooltip="" Template="">Accept</LISTITEM>
      <LISTITEM Id="3" value="" DependentOn="1" WrapNote="" OptionTooltip="" Template="">Proofs Received</LISTITEM>
      <LISTITEM Id="4" value="" DependentOn="4" WrapNote="" OptionTooltip="" Template="">Strategy Deposit</LISTITEM>
      <LISTITEM Id="5" value="" DependentOn="2" WrapNote="" OptionTooltip="" Template="">Match customer data - full match</LISTITEM>
      <LISTITEM Id="6" value="" DependentOn="2" WrapNote="" OptionTooltip="" Template="">Streamline (credit card) check failed</LISTITEM>
      <LISTITEM Id="7" value="" DependentOn="2" WrapNote="" OptionTooltip="" Template="">Business Rules</LISTITEM>
      <LISTITEM Id="8" value="" DependentOn="2" WrapNote="" OptionTooltip="" Template="">Scorecard decline</LISTITEM>
      <LISTITEM Id="9" value="" DependentOn="3" WrapNote="" OptionTooltip="" Template="">Cancel</LISTITEM>
      <LISTITEM Id="10" value="" DependentOn="3" WrapNote="" OptionTooltip="" Template="">Application details incorrect/incomplete</LISTITEM>
      <LISTITEM Id="11" value="" DependentOn="3" WrapNote="" OptionTooltip="" Template="">Business Rules</LISTITEM>
      <LISTITEM Id="12" value="" DependentOn="5" WrapNote="" OptionTooltip="" Template="">Pend</LISTITEM>
    </LISTITEMS>
  </ListBox>
  <ListBox>
    <Label>
      <Text>Decline Reason Detail1 </Text>
    </Label>
    <ControlID>5</ControlID>
    <ControlType>Basic</ControlType>
    <FieldID>lb_2ListBox</FieldID>
    <Title>Decline Reason Detail1 </Title>
    <DependentID>
    </DependentID>
    <X-Pos>612</X-Pos>
    <Y-Pos>250</Y-Pos>
    <Width>100</Width>
    <IsRequired>True</IsRequired>
    <IsManageable>True</IsManageable>
    <IsPostBack>False</IsPostBack>
    <Dependency>True</Dependency>
    <IsWrap>False</IsWrap>
    <PreWrap>
    </PreWrap>
    <PostWrap>
    </PostWrap>
    <PrevRef>lb_1ListBox</PrevRef>
    <DataSource>XML</DataSource>
    <LISTITEMS>
      <LISTITEM Id="1" value="" DependentOn="1" WrapNote="" OptionTooltip="" Template="">Name</LISTITEM>
      <LISTITEM Id="2" value="" DependentOn="1" WrapNote="" OptionTooltip="" Template="">Billing Address</LISTITEM>
      <LISTITEM Id="3" value="" DependentOn="1" WrapNote="" OptionTooltip="" Template="">Delivery Address</LISTITEM>
      <LISTITEM Id="4" value="" DependentOn="1" WrapNote="" OptionTooltip="" Template="">Bank Details Match</LISTITEM>
      <LISTITEM Id="5" value="" DependentOn="1" WrapNote="" OptionTooltip="" Template="">Contact Number</LISTITEM>
      <LISTITEM Id="6" value="" DependentOn="1" WrapNote="" OptionTooltip="" Template="">Email</LISTITEM>
      <LISTITEM Id="7" value="" DependentOn="2" WrapNote="" OptionTooltip="" Template="">Accept</LISTITEM>
      <LISTITEM Id="8" value="" DependentOn="3" WrapNote="" OptionTooltip="" Template="">Proofs Received</LISTITEM>
      <LISTITEM Id="9" value="" DependentOn="4" WrapNote="" OptionTooltip="" Template="">Strategy Deposit</LISTITEM>
      <LISTITEM Id="10" value="" DependentOn="5" WrapNote="" OptionTooltip="" Template="">Name</LISTITEM>
      <LISTITEM Id="11" value="" DependentOn="5" WrapNote="" OptionTooltip="" Template="">Billing Address</LISTITEM>
      <LISTITEM Id="12" value="" DependentOn="5" WrapNote="" OptionTooltip="" Template="">Delivery Address</LISTITEM>
      <LISTITEM Id="13" value="" DependentOn="5" WrapNote="" OptionTooltip="" Template="">Bank Details Match</LISTITEM>
      <LISTITEM Id="14" value="" DependentOn="5" WrapNote="" OptionTooltip="" Template="">Contact Number</LISTITEM>
      <LISTITEM Id="15" value="" DependentOn="5" WrapNote="" OptionTooltip="" Template="">Email</LISTITEM>
      <LISTITEM Id="16" value="" DependentOn="5" WrapNote="" OptionTooltip="" Template="">Stubbs gazette</LISTITEM>
      <LISTITEM Id="17" value="" DependentOn="6" WrapNote="" OptionTooltip="" Template="">Name does not match</LISTITEM>
      <LISTITEM Id="18" value="" DependentOn="6" WrapNote="" OptionTooltip="" Template="">Address does not match</LISTITEM>
      <LISTITEM Id="19" value="" DependentOn="6" WrapNote="" OptionTooltip="" Template="">Name and Address does match</LISTITEM>
      <LISTITEM Id="20" value="" DependentOn="6" WrapNote="" OptionTooltip="" Template="">Invalid Card Number (digits missing)</LISTITEM>
      <LISTITEM Id="21" value="" DependentOn="6" WrapNote="" OptionTooltip="" Template="">No reason</LISTITEM>
      <LISTITEM Id="22" value="" DependentOn="7" WrapNote="" OptionTooltip="" Template="">Credit Card payment policy</LISTITEM>
      <LISTITEM Id="23" value="" DependentOn="7" WrapNote="" OptionTooltip="" Template="">Sales policy</LISTITEM>
      <LISTITEM Id="24" value="" DependentOn="7" WrapNote="" OptionTooltip="" Template="">Invalid/Incomplete Proofs</LISTITEM>
      <LISTITEM Id="25" value="" DependentOn="7" WrapNote="" OptionTooltip="" Template="">Fraud warning from store</LISTITEM>
      <LISTITEM Id="26" value="" DependentOn="7" WrapNote="" OptionTooltip="" Template="">Customer in arrears and refuses to pay</LISTITEM>
      <LISTITEM Id="27" value="" DependentOn="8" WrapNote="" OptionTooltip="" Template="">Scorecard decline</LISTITEM>
      <LISTITEM Id="28" value="" DependentOn="8" WrapNote="" OptionTooltip="" Template="">Invalid dealer code</LISTITEM>
      <LISTITEM Id="29" value="" DependentOn="8" WrapNote="" OptionTooltip="" Template="">Customer &lt; 18 year old</LISTITEM>
      <LISTITEM Id="30" value="" DependentOn="9" WrapNote="" OptionTooltip="" Template="">Duplicate order</LISTITEM>
      <LISTITEM Id="31" value="" DependentOn="9" WrapNote="" OptionTooltip="" Template="">Pending no customer response</LISTITEM>
      <LISTITEM Id="32" value="" DependentOn="9" WrapNote="" OptionTooltip="" Template="">Customer cancels order</LISTITEM>
      <LISTITEM Id="33" value="" DependentOn="10" WrapNote="" OptionTooltip="" Template="">Bank Sortcode</LISTITEM>
      <LISTITEM Id="34" value="" DependentOn="10" WrapNote="" OptionTooltip="" Template="">Modulus check failed (Bank account no)</LISTITEM>
      <LISTITEM Id="35" value="" DependentOn="10" WrapNote="" OptionTooltip="" Template="">Bank details Name</LISTITEM>
      <LISTITEM Id="36" value="" DependentOn="10" WrapNote="" OptionTooltip="" Template="">Alternative contact details</LISTITEM>
      <LISTITEM Id="37" value="" DependentOn="10" WrapNote="" OptionTooltip="" Template="">Name</LISTITEM>
      <LISTITEM Id="38" value="" DependentOn="10" WrapNote="" OptionTooltip="" Template="">Address incorrect/incomplete</LISTITEM>
      <LISTITEM Id="39" value="" DependentOn="10" WrapNote="" OptionTooltip="" Template="">DOB</LISTITEM>
      <LISTITEM Id="40" value="" DependentOn="11" WrapNote="" OptionTooltip="" Template="">International Credit Card used for purchase</LISTITEM>
      <LISTITEM Id="41" value="" DependentOn="11" WrapNote="" OptionTooltip="" Template="">Usage of 3rd Party Credit Card Details</LISTITEM>
      <LISTITEM Id="42" value="" DependentOn="11" WrapNote="" OptionTooltip="" Template="">Prepay card used for purchase</LISTITEM>
      <LISTITEM Id="43" value="" DependentOn="11" WrapNote="" OptionTooltip="" Template="">Usage of 3rd Party bank details</LISTITEM>
      <LISTITEM Id="44" value="" DependentOn="11" WrapNote="" OptionTooltip="" Template="">Delivery Attention for 3rd Party</LISTITEM>
      <LISTITEM Id="45" value="" DependentOn="11" WrapNote="" OptionTooltip="" Template="">Customer did not provide proofs</LISTITEM>
      <LISTITEM Id="46" value="" DependentOn="12" WrapNote="" OptionTooltip="" Template="">Pend</LISTITEM>
    </LISTITEMS>
  </ListBox>
  <TextBox>
    <Label>
      <Text>Comments </Text>
    </Label>
    <ControlID>1</ControlID>
    <ControlType>Basic</ControlType>
    <FieldID>txt_5TextBox</FieldID>
    <Title>Comments </Title>
    <X-Pos>1</X-Pos>
    <Y-Pos>422</Y-Pos>
    <Width>200</Width>
    <IsRequired>False</IsRequired>
    <IsPostBack>False</IsPostBack>
    <IsWrap>False</IsWrap>
    <PreWrap>
    </PreWrap>
    <PostWrap>
    </PostWrap>
    <TextMode>Multiline</TextMode>
    <IsType>AlphaNumeric</IsType>
    <MaxLength>2000</MaxLength>
    <Dependency>
    </Dependency>
    <PrevRef>
    </PrevRef>
    <DependentID>
    </DependentID>
  </TextBox>
  <DataScript>
    <IsUpdated>True</IsUpdated>
    <Array>var Arrayddl_0DropDown = new Array( 2 );
if (Arrayddl_0DropDown[0] ==null) Arrayddl_0DropDown[0] = new Array();
Arrayddl_0DropDown[0][1]= new Array('Yes');
if (Arrayddl_0DropDown[0][1].WN ==null) Arrayddl_0DropDown[0][1].WN = '';
if (Arrayddl_0DropDown[0][1].OT ==null) Arrayddl_0DropDown[0][1].OT = '';
if (Arrayddl_0DropDown[0][1].T ==null) Arrayddl_0DropDown[0][1].T = '0';
if (Arrayddl_0DropDown[0] ==null) Arrayddl_0DropDown[0] = new Array();
Arrayddl_0DropDown[0][2]= new Array('No');
if (Arrayddl_0DropDown[0][2].WN ==null) Arrayddl_0DropDown[0][2].WN = '';
if (Arrayddl_0DropDown[0][2].OT ==null) Arrayddl_0DropDown[0][2].OT = '';
if (Arrayddl_0DropDown[0][2].T ==null) Arrayddl_0DropDown[0][2].T = '0';
var Arrayddl_1DropDown = new Array( 2 );
if (Arrayddl_1DropDown[0] ==null) Arrayddl_1DropDown[0] = new Array();
Arrayddl_1DropDown[0][1]= new Array('Yes');
if (Arrayddl_1DropDown[0][1].WN ==null) Arrayddl_1DropDown[0][1].WN = '';
if (Arrayddl_1DropDown[0][1].OT ==null) Arrayddl_1DropDown[0][1].OT = '';
if (Arrayddl_1DropDown[0][1].T ==null) Arrayddl_1DropDown[0][1].T = '0';
if (Arrayddl_1DropDown[0] ==null) Arrayddl_1DropDown[0] = new Array();
Arrayddl_1DropDown[0][2]= new Array('No');
if (Arrayddl_1DropDown[0][2].WN ==null) Arrayddl_1DropDown[0][2].WN = '';
if (Arrayddl_1DropDown[0][2].OT ==null) Arrayddl_1DropDown[0][2].OT = '';
if (Arrayddl_1DropDown[0][2].T ==null) Arrayddl_1DropDown[0][2].T = '0';
var Arrayddl_2DropDown = new Array( 3 );
if (Arrayddl_2DropDown[0] ==null) Arrayddl_2DropDown[0] = new Array();
Arrayddl_2DropDown[0][1]= new Array('Telesales');
if (Arrayddl_2DropDown[0][1].WN ==null) Arrayddl_2DropDown[0][1].WN = '';
if (Arrayddl_2DropDown[0][1].OT ==null) Arrayddl_2DropDown[0][1].OT = '';
if (Arrayddl_2DropDown[0][1].T ==null) Arrayddl_2DropDown[0][1].T = '0';
if (Arrayddl_2DropDown[0] ==null) Arrayddl_2DropDown[0] = new Array();
Arrayddl_2DropDown[0][2]= new Array('Websales');
if (Arrayddl_2DropDown[0][2].WN ==null) Arrayddl_2DropDown[0][2].WN = '';
if (Arrayddl_2DropDown[0][2].OT ==null) Arrayddl_2DropDown[0][2].OT = '';
if (Arrayddl_2DropDown[0][2].T ==null) Arrayddl_2DropDown[0][2].T = '0';
if (Arrayddl_2DropDown[0] ==null) Arrayddl_2DropDown[0] = new Array();
Arrayddl_2DropDown[0][3]= new Array('Retail');
if (Arrayddl_2DropDown[0][3].WN ==null) Arrayddl_2DropDown[0][3].WN = '';
if (Arrayddl_2DropDown[0][3].OT ==null) Arrayddl_2DropDown[0][3].OT = '';
if (Arrayddl_2DropDown[0][3].T ==null) Arrayddl_2DropDown[0][3].T = '0';
var Arrayddl_3DropDown = new Array( 2 );
if (Arrayddl_3DropDown[0] ==null) Arrayddl_3DropDown[0] = new Array();
Arrayddl_3DropDown[0][1]= new Array('Contract');
if (Arrayddl_3DropDown[0][1].WN ==null) Arrayddl_3DropDown[0][1].WN = '';
if (Arrayddl_3DropDown[0][1].OT ==null) Arrayddl_3DropDown[0][1].OT = '';
if (Arrayddl_3DropDown[0][1].T ==null) Arrayddl_3DropDown[0][1].T = '0';
if (Arrayddl_3DropDown[0] ==null) Arrayddl_3DropDown[0] = new Array();
Arrayddl_3DropDown[0][2]= new Array('3Pay');
if (Arrayddl_3DropDown[0][2].WN ==null) Arrayddl_3DropDown[0][2].WN = '';
if (Arrayddl_3DropDown[0][2].OT ==null) Arrayddl_3DropDown[0][2].OT = '';
if (Arrayddl_3DropDown[0][2].T ==null) Arrayddl_3DropDown[0][2].T = '0';
var Arrayddl_4DropDown = new Array( 3 );
if (Arrayddl_4DropDown[0] ==null) Arrayddl_4DropDown[0] = new Array();
Arrayddl_4DropDown[0][1]= new Array('HDST');
if (Arrayddl_4DropDown[0][1].WN ==null) Arrayddl_4DropDown[0][1].WN = '';
if (Arrayddl_4DropDown[0][1].OT ==null) Arrayddl_4DropDown[0][1].OT = '';
if (Arrayddl_4DropDown[0][1].T ==null) Arrayddl_4DropDown[0][1].T = '0';
if (Arrayddl_4DropDown[0] ==null) Arrayddl_4DropDown[0] = new Array();
Arrayddl_4DropDown[0][2]= new Array('DC');
if (Arrayddl_4DropDown[0][2].WN ==null) Arrayddl_4DropDown[0][2].WN = '';
if (Arrayddl_4DropDown[0][2].OT ==null) Arrayddl_4DropDown[0][2].OT = '';
if (Arrayddl_4DropDown[0][2].T ==null) Arrayddl_4DropDown[0][2].T = '0';
if (Arrayddl_4DropDown[0] ==null) Arrayddl_4DropDown[0] = new Array();
Arrayddl_4DropDown[0][3]= new Array('SIM');
if (Arrayddl_4DropDown[0][3].WN ==null) Arrayddl_4DropDown[0][3].WN = '';
if (Arrayddl_4DropDown[0][3].OT ==null) Arrayddl_4DropDown[0][3].OT = '';
if (Arrayddl_4DropDown[0][3].T ==null) Arrayddl_4DropDown[0][3].T = '0';
var Arraylb_0ListBox = new Array( 5 );
if (Arraylb_0ListBox[0] ==null) Arraylb_0ListBox[0] = new Array();
Arraylb_0ListBox[0][1]= new Array('Accept');
if (Arraylb_0ListBox[0][1].WN ==null) Arraylb_0ListBox[0][1].WN = '';
if (Arraylb_0ListBox[0][1].OT ==null) Arraylb_0ListBox[0][1].OT = '';
if (Arraylb_0ListBox[0][1].T ==null) Arraylb_0ListBox[0][1].T = '0';
if (Arraylb_0ListBox[0] ==null) Arraylb_0ListBox[0] = new Array();
Arraylb_0ListBox[0][2]= new Array('Decline');
if (Arraylb_0ListBox[0][2].WN ==null) Arraylb_0ListBox[0][2].WN = '';
if (Arraylb_0ListBox[0][2].OT ==null) Arraylb_0ListBox[0][2].OT = '';
if (Arraylb_0ListBox[0][2].T ==null) Arraylb_0ListBox[0][2].T = '0';
if (Arraylb_0ListBox[0] ==null) Arraylb_0ListBox[0] = new Array();
Arraylb_0ListBox[0][3]= new Array('Cancel');
if (Arraylb_0ListBox[0][3].WN ==null) Arraylb_0ListBox[0][3].WN = '';
if (Arraylb_0ListBox[0][3].OT ==null) Arraylb_0ListBox[0][3].OT = '';
if (Arraylb_0ListBox[0][3].T ==null) Arraylb_0ListBox[0][3].T = '0';
if (Arraylb_0ListBox[0] ==null) Arraylb_0ListBox[0] = new Array();
Arraylb_0ListBox[0][4]= new Array('Deposit');
if (Arraylb_0ListBox[0][4].WN ==null) Arraylb_0ListBox[0][4].WN = '';
if (Arraylb_0ListBox[0][4].OT ==null) Arraylb_0ListBox[0][4].OT = '';
if (Arraylb_0ListBox[0][4].T ==null) Arraylb_0ListBox[0][4].T = '0';
if (Arraylb_0ListBox[0] ==null) Arraylb_0ListBox[0] = new Array();
Arraylb_0ListBox[0][5]= new Array('Pend');
if (Arraylb_0ListBox[0][5].WN ==null) Arraylb_0ListBox[0][5].WN = '';
if (Arraylb_0ListBox[0][5].OT ==null) Arraylb_0ListBox[0][5].OT = '';
if (Arraylb_0ListBox[0][5].T ==null) Arraylb_0ListBox[0][5].T = '0';
var Arraylb_1ListBox = new Array( 12 );
if (Arraylb_1ListBox[1] ==null) Arraylb_1ListBox[1] = new Array();
Arraylb_1ListBox[1][1]= new Array('Negative Internal Data - Partial Match');
if (Arraylb_1ListBox[1][1].WN ==null) Arraylb_1ListBox[1][1].WN = '';
if (Arraylb_1ListBox[1][1].OT ==null) Arraylb_1ListBox[1][1].OT = '';
if (Arraylb_1ListBox[1][1].T ==null) Arraylb_1ListBox[1][1].T = '0';
if (Arraylb_1ListBox[1] ==null) Arraylb_1ListBox[1] = new Array();
Arraylb_1ListBox[1][2]= new Array('Accept');
if (Arraylb_1ListBox[1][2].WN ==null) Arraylb_1ListBox[1][2].WN = '';
if (Arraylb_1ListBox[1][2].OT ==null) Arraylb_1ListBox[1][2].OT = '';
if (Arraylb_1ListBox[1][2].T ==null) Arraylb_1ListBox[1][2].T = '0';
if (Arraylb_1ListBox[1] ==null) Arraylb_1ListBox[1] = new Array();
Arraylb_1ListBox[1][3]= new Array('Proofs Received');
if (Arraylb_1ListBox[1][3].WN ==null) Arraylb_1ListBox[1][3].WN = '';
if (Arraylb_1ListBox[1][3].OT ==null) Arraylb_1ListBox[1][3].OT = '';
if (Arraylb_1ListBox[1][3].T ==null) Arraylb_1ListBox[1][3].T = '0';
if (Arraylb_1ListBox[4] ==null) Arraylb_1ListBox[4] = new Array();
Arraylb_1ListBox[4][4]= new Array('Strategy Deposit');
if (Arraylb_1ListBox[4][4].WN ==null) Arraylb_1ListBox[4][4].WN = '';
if (Arraylb_1ListBox[4][4].OT ==null) Arraylb_1ListBox[4][4].OT = '';
if (Arraylb_1ListBox[4][4].T ==null) Arraylb_1ListBox[4][4].T = '0';
if (Arraylb_1ListBox[2] ==null) Arraylb_1ListBox[2] = new Array();
Arraylb_1ListBox[2][5]= new Array('Match customer data - full match');
if (Arraylb_1ListBox[2][5].WN ==null) Arraylb_1ListBox[2][5].WN = '';
if (Arraylb_1ListBox[2][5].OT ==null) Arraylb_1ListBox[2][5].OT = '';
if (Arraylb_1ListBox[2][5].T ==null) Arraylb_1ListBox[2][5].T = '0';
if (Arraylb_1ListBox[2] ==null) Arraylb_1ListBox[2] = new Array();
Arraylb_1ListBox[2][6]= new Array('Streamline (credit card) check failed');
if (Arraylb_1ListBox[2][6].WN ==null) Arraylb_1ListBox[2][6].WN = '';
if (Arraylb_1ListBox[2][6].OT ==null) Arraylb_1ListBox[2][6].OT = '';
if (Arraylb_1ListBox[2][6].T ==null) Arraylb_1ListBox[2][6].T = '0';
if (Arraylb_1ListBox[2] ==null) Arraylb_1ListBox[2] = new Array();
Arraylb_1ListBox[2][7]= new Array('Business Rules');
if (Arraylb_1ListBox[2][7].WN ==null) Arraylb_1ListBox[2][7].WN = '';
if (Arraylb_1ListBox[2][7].OT ==null) Arraylb_1ListBox[2][7].OT = '';
if (Arraylb_1ListBox[2][7].T ==null) Arraylb_1ListBox[2][7].T = '0';
if (Arraylb_1ListBox[2] ==null) Arraylb_1ListBox[2] = new Array();
Arraylb_1ListBox[2][8]= new Array('Scorecard decline');
if (Arraylb_1ListBox[2][8].WN ==null) Arraylb_1ListBox[2][8].WN = '';
if (Arraylb_1ListBox[2][8].OT ==null) Arraylb_1ListBox[2][8].OT = '';
if (Arraylb_1ListBox[2][8].T ==null) Arraylb_1ListBox[2][8].T = '0';
if (Arraylb_1ListBox[3] ==null) Arraylb_1ListBox[3] = new Array();
Arraylb_1ListBox[3][9]= new Array('Cancel');
if (Arraylb_1ListBox[3][9].WN ==null) Arraylb_1ListBox[3][9].WN = '';
if (Arraylb_1ListBox[3][9].OT ==null) Arraylb_1ListBox[3][9].OT = '';
if (Arraylb_1ListBox[3][9].T ==null) Arraylb_1ListBox[3][9].T = '0';
if (Arraylb_1ListBox[3] ==null) Arraylb_1ListBox[3] = new Array();
Arraylb_1ListBox[3][10]= new Array('Application details incorrect/incomplete');
if (Arraylb_1ListBox[3][10].WN ==null) Arraylb_1ListBox[3][10].WN = '';
if (Arraylb_1ListBox[3][10].OT ==null) Arraylb_1ListBox[3][10].OT = '';
if (Arraylb_1ListBox[3][10].T ==null) Arraylb_1ListBox[3][10].T = '0';
if (Arraylb_1ListBox[3] ==null) Arraylb_1ListBox[3] = new Array();
Arraylb_1ListBox[3][11]= new Array('Business Rules');
if (Arraylb_1ListBox[3][11].WN ==null) Arraylb_1ListBox[3][11].WN = '';
if (Arraylb_1ListBox[3][11].OT ==null) Arraylb_1ListBox[3][11].OT = '';
if (Arraylb_1ListBox[3][11].T ==null) Arraylb_1ListBox[3][11].T = '0';
if (Arraylb_1ListBox[5] ==null) Arraylb_1ListBox[5] = new Array();
Arraylb_1ListBox[5][12]= new Array('Pend');
if (Arraylb_1ListBox[5][12].WN ==null) Arraylb_1ListBox[5][12].WN = '';
if (Arraylb_1ListBox[5][12].OT ==null) Arraylb_1ListBox[5][12].OT = '';
if (Arraylb_1ListBox[5][12].T ==null) Arraylb_1ListBox[5][12].T = '0';
var Arraylb_2ListBox = new Array( 46 );
if (Arraylb_2ListBox[1] ==null) Arraylb_2ListBox[1] = new Array();
Arraylb_2ListBox[1][1]= new Array('Name');
if (Arraylb_2ListBox[1][1].WN ==null) Arraylb_2ListBox[1][1].WN = '';
if (Arraylb_2ListBox[1][1].OT ==null) Arraylb_2ListBox[1][1].OT = '';
if (Arraylb_2ListBox[1][1].T ==null) Arraylb_2ListBox[1][1].T = '0';
if (Arraylb_2ListBox[1] ==null) Arraylb_2ListBox[1] = new Array();
Arraylb_2ListBox[1][2]= new Array('Billing Address');
if (Arraylb_2ListBox[1][2].WN ==null) Arraylb_2ListBox[1][2].WN = '';
if (Arraylb_2ListBox[1][2].OT ==null) Arraylb_2ListBox[1][2].OT = '';
if (Arraylb_2ListBox[1][2].T ==null) Arraylb_2ListBox[1][2].T = '0';
if (Arraylb_2ListBox[1] ==null) Arraylb_2ListBox[1] = new Array();
Arraylb_2ListBox[1][3]= new Array('Delivery Address');
if (Arraylb_2ListBox[1][3].WN ==null) Arraylb_2ListBox[1][3].WN = '';
if (Arraylb_2ListBox[1][3].OT ==null) Arraylb_2ListBox[1][3].OT = '';
if (Arraylb_2ListBox[1][3].T ==null) Arraylb_2ListBox[1][3].T = '0';
if (Arraylb_2ListBox[1] ==null) Arraylb_2ListBox[1] = new Array();
Arraylb_2ListBox[1][4]= new Array('Bank Details Match');
if (Arraylb_2ListBox[1][4].WN ==null) Arraylb_2ListBox[1][4].WN = '';
if (Arraylb_2ListBox[1][4].OT ==null) Arraylb_2ListBox[1][4].OT = '';
if (Arraylb_2ListBox[1][4].T ==null) Arraylb_2ListBox[1][4].T = '0';
if (Arraylb_2ListBox[1] ==null) Arraylb_2ListBox[1] = new Array();
Arraylb_2ListBox[1][5]= new Array('Contact Number');
if (Arraylb_2ListBox[1][5].WN ==null) Arraylb_2ListBox[1][5].WN = '';
if (Arraylb_2ListBox[1][5].OT ==null) Arraylb_2ListBox[1][5].OT = '';
if (Arraylb_2ListBox[1][5].T ==null) Arraylb_2ListBox[1][5].T = '0';
if (Arraylb_2ListBox[1] ==null) Arraylb_2ListBox[1] = new Array();
Arraylb_2ListBox[1][6]= new Array('Email');
if (Arraylb_2ListBox[1][6].WN ==null) Arraylb_2ListBox[1][6].WN = '';
if (Arraylb_2ListBox[1][6].OT ==null) Arraylb_2ListBox[1][6].OT = '';
if (Arraylb_2ListBox[1][6].T ==null) Arraylb_2ListBox[1][6].T = '0';
if (Arraylb_2ListBox[2] ==null) Arraylb_2ListBox[2] = new Array();
Arraylb_2ListBox[2][7]= new Array('Accept');
if (Arraylb_2ListBox[2][7].WN ==null) Arraylb_2ListBox[2][7].WN = '';
if (Arraylb_2ListBox[2][7].OT ==null) Arraylb_2ListBox[2][7].OT = '';
if (Arraylb_2ListBox[2][7].T ==null) Arraylb_2ListBox[2][7].T = '0';
if (Arraylb_2ListBox[3] ==null) Arraylb_2ListBox[3] = new Array();
Arraylb_2ListBox[3][8]= new Array('Proofs Received');
if (Arraylb_2ListBox[3][8].WN ==null) Arraylb_2ListBox[3][8].WN = '';
if (Arraylb_2ListBox[3][8].OT ==null) Arraylb_2ListBox[3][8].OT = '';
if (Arraylb_2ListBox[3][8].T ==null) Arraylb_2ListBox[3][8].T = '0';
if (Arraylb_2ListBox[4] ==null) Arraylb_2ListBox[4] = new Array();
Arraylb_2ListBox[4][9]= new Array('Strategy Deposit');
if (Arraylb_2ListBox[4][9].WN ==null) Arraylb_2ListBox[4][9].WN = '';
if (Arraylb_2ListBox[4][9].OT ==null) Arraylb_2ListBox[4][9].OT = '';
if (Arraylb_2ListBox[4][9].T ==null) Arraylb_2ListBox[4][9].T = '0';
if (Arraylb_2ListBox[5] ==null) Arraylb_2ListBox[5] = new Array();
Arraylb_2ListBox[5][10]= new Array('Name');
if (Arraylb_2ListBox[5][10].WN ==null) Arraylb_2ListBox[5][10].WN = '';
if (Arraylb_2ListBox[5][10].OT ==null) Arraylb_2ListBox[5][10].OT = '';
if (Arraylb_2ListBox[5][10].T ==null) Arraylb_2ListBox[5][10].T = '0';
if (Arraylb_2ListBox[5] ==null) Arraylb_2ListBox[5] = new Array();
Arraylb_2ListBox[5][11]= new Array('Billing Address');
if (Arraylb_2ListBox[5][11].WN ==null) Arraylb_2ListBox[5][11].WN = '';
if (Arraylb_2ListBox[5][11].OT ==null) Arraylb_2ListBox[5][11].OT = '';
if (Arraylb_2ListBox[5][11].T ==null) Arraylb_2ListBox[5][11].T = '0';
if (Arraylb_2ListBox[5] ==null) Arraylb_2ListBox[5] = new Array();
Arraylb_2ListBox[5][12]= new Array('Delivery Address');
if (Arraylb_2ListBox[5][12].WN ==null) Arraylb_2ListBox[5][12].WN = '';
if (Arraylb_2ListBox[5][12].OT ==null) Arraylb_2ListBox[5][12].OT = '';
if (Arraylb_2ListBox[5][12].T ==null) Arraylb_2ListBox[5][12].T = '0';
if (Arraylb_2ListBox[5] ==null) Arraylb_2ListBox[5] = new Array();
Arraylb_2ListBox[5][13]= new Array('Bank Details Match');
if (Arraylb_2ListBox[5][13].WN ==null) Arraylb_2ListBox[5][13].WN = '';
if (Arraylb_2ListBox[5][13].OT ==null) Arraylb_2ListBox[5][13].OT = '';
if (Arraylb_2ListBox[5][13].T ==null) Arraylb_2ListBox[5][13].T = '0';
if (Arraylb_2ListBox[5] ==null) Arraylb_2ListBox[5] = new Array();
Arraylb_2ListBox[5][14]= new Array('Contact Number');
if (Arraylb_2ListBox[5][14].WN ==null) Arraylb_2ListBox[5][14].WN = '';
if (Arraylb_2ListBox[5][14].OT ==null) Arraylb_2ListBox[5][14].OT = '';
if (Arraylb_2ListBox[5][14].T ==null) Arraylb_2ListBox[5][14].T = '0';
if (Arraylb_2ListBox[5] ==null) Arraylb_2ListBox[5] = new Array();
Arraylb_2ListBox[5][15]= new Array('Email');
if (Arraylb_2ListBox[5][15].WN ==null) Arraylb_2ListBox[5][15].WN = '';
if (Arraylb_2ListBox[5][15].OT ==null) Arraylb_2ListBox[5][15].OT = '';
if (Arraylb_2ListBox[5][15].T ==null) Arraylb_2ListBox[5][15].T = '0';
if (Arraylb_2ListBox[5] ==null) Arraylb_2ListBox[5] = new Array();
Arraylb_2ListBox[5][16]= new Array('Stubbs gazette');
if (Arraylb_2ListBox[5][16].WN ==null) Arraylb_2ListBox[5][16].WN = '';
if (Arraylb_2ListBox[5][16].OT ==null) Arraylb_2ListBox[5][16].OT = '';
if (Arraylb_2ListBox[5][16].T ==null) Arraylb_2ListBox[5][16].T = '0';
if (Arraylb_2ListBox[6] ==null) Arraylb_2ListBox[6] = new Array();
Arraylb_2ListBox[6][17]= new Array('Name does not match');
if (Arraylb_2ListBox[6][17].WN ==null) Arraylb_2ListBox[6][17].WN = '';
if (Arraylb_2ListBox[6][17].OT ==null) Arraylb_2ListBox[6][17].OT = '';
if (Arraylb_2ListBox[6][17].T ==null) Arraylb_2ListBox[6][17].T = '0';
if (Arraylb_2ListBox[6] ==null) Arraylb_2ListBox[6] = new Array();
Arraylb_2ListBox[6][18]= new Array('Address does not match');
if (Arraylb_2ListBox[6][18].WN ==null) Arraylb_2ListBox[6][18].WN = '';
if (Arraylb_2ListBox[6][18].OT ==null) Arraylb_2ListBox[6][18].OT = '';
if (Arraylb_2ListBox[6][18].T ==null) Arraylb_2ListBox[6][18].T = '0';
if (Arraylb_2ListBox[6] ==null) Arraylb_2ListBox[6] = new Array();
Arraylb_2ListBox[6][19]= new Array('Name and Address does match');
if (Arraylb_2ListBox[6][19].WN ==null) Arraylb_2ListBox[6][19].WN = '';
if (Arraylb_2ListBox[6][19].OT ==null) Arraylb_2ListBox[6][19].OT = '';
if (Arraylb_2ListBox[6][19].T ==null) Arraylb_2ListBox[6][19].T = '0';
if (Arraylb_2ListBox[6] ==null) Arraylb_2ListBox[6] = new Array();
Arraylb_2ListBox[6][20]= new Array('Invalid Card Number (digits missing)');
if (Arraylb_2ListBox[6][20].WN ==null) Arraylb_2ListBox[6][20].WN = '';
if (Arraylb_2ListBox[6][20].OT ==null) Arraylb_2ListBox[6][20].OT = '';
if (Arraylb_2ListBox[6][20].T ==null) Arraylb_2ListBox[6][20].T = '0';
if (Arraylb_2ListBox[6] ==null) Arraylb_2ListBox[6] = new Array();
Arraylb_2ListBox[6][21]= new Array('No reason');
if (Arraylb_2ListBox[6][21].WN ==null) Arraylb_2ListBox[6][21].WN = '';
if (Arraylb_2ListBox[6][21].OT ==null) Arraylb_2ListBox[6][21].OT = '';
if (Arraylb_2ListBox[6][21].T ==null) Arraylb_2ListBox[6][21].T = '0';
if (Arraylb_2ListBox[7] ==null) Arraylb_2ListBox[7] = new Array();
Arraylb_2ListBox[7][22]= new Array('Credit Card payment policy');
if (Arraylb_2ListBox[7][22].WN ==null) Arraylb_2ListBox[7][22].WN = '';
if (Arraylb_2ListBox[7][22].OT ==null) Arraylb_2ListBox[7][22].OT = '';
if (Arraylb_2ListBox[7][22].T ==null) Arraylb_2ListBox[7][22].T = '0';
if (Arraylb_2ListBox[7] ==null) Arraylb_2ListBox[7] = new Array();
Arraylb_2ListBox[7][23]= new Array('Sales policy');
if (Arraylb_2ListBox[7][23].WN ==null) Arraylb_2ListBox[7][23].WN = '';
if (Arraylb_2ListBox[7][23].OT ==null) Arraylb_2ListBox[7][23].OT = '';
if (Arraylb_2ListBox[7][23].T ==null) Arraylb_2ListBox[7][23].T = '0';
if (Arraylb_2ListBox[7] ==null) Arraylb_2ListBox[7] = new Array();
Arraylb_2ListBox[7][24]= new Array('Invalid/Incomplete Proofs');
if (Arraylb_2ListBox[7][24].WN ==null) Arraylb_2ListBox[7][24].WN = '';
if (Arraylb_2ListBox[7][24].OT ==null) Arraylb_2ListBox[7][24].OT = '';
if (Arraylb_2ListBox[7][24].T ==null) Arraylb_2ListBox[7][24].T = '0';
if (Arraylb_2ListBox[7] ==null) Arraylb_2ListBox[7] = new Array();
Arraylb_2ListBox[7][25]= new Array('Fraud warning from store');
if (Arraylb_2ListBox[7][25].WN ==null) Arraylb_2ListBox[7][25].WN = '';
if (Arraylb_2ListBox[7][25].OT ==null) Arraylb_2ListBox[7][25].OT = '';
if (Arraylb_2ListBox[7][25].T ==null) Arraylb_2ListBox[7][25].T = '0';
if (Arraylb_2ListBox[7] ==null) Arraylb_2ListBox[7] = new Array();
Arraylb_2ListBox[7][26]= new Array('Customer in arrears and refuses to pay');
if (Arraylb_2ListBox[7][26].WN ==null) Arraylb_2ListBox[7][26].WN = '';
if (Arraylb_2ListBox[7][26].OT ==null) Arraylb_2ListBox[7][26].OT = '';
if (Arraylb_2ListBox[7][26].T ==null) Arraylb_2ListBox[7][26].T = '0';
if (Arraylb_2ListBox[8] ==null) Arraylb_2ListBox[8] = new Array();
Arraylb_2ListBox[8][27]= new Array('Scorecard decline');
if (Arraylb_2ListBox[8][27].WN ==null) Arraylb_2ListBox[8][27].WN = '';
if (Arraylb_2ListBox[8][27].OT ==null) Arraylb_2ListBox[8][27].OT = '';
if (Arraylb_2ListBox[8][27].T ==null) Arraylb_2ListBox[8][27].T = '0';
if (Arraylb_2ListBox[8] ==null) Arraylb_2ListBox[8] = new Array();
Arraylb_2ListBox[8][28]= new Array('Invalid dealer code');
if (Arraylb_2ListBox[8][28].WN ==null) Arraylb_2ListBox[8][28].WN = '';
if (Arraylb_2ListBox[8][28].OT ==null) Arraylb_2ListBox[8][28].OT = '';
if (Arraylb_2ListBox[8][28].T ==null) Arraylb_2ListBox[8][28].T = '0';
if (Arraylb_2ListBox[8] ==null) Arraylb_2ListBox[8] = new Array();
Arraylb_2ListBox[8][29]= new Array('Customer &lt; 18 year old');
if (Arraylb_2ListBox[8][29].WN ==null) Arraylb_2ListBox[8][29].WN = '';
if (Arraylb_2ListBox[8][29].OT ==null) Arraylb_2ListBox[8][29].OT = '';
if (Arraylb_2ListBox[8][29].T ==null) Arraylb_2ListBox[8][29].T = '0';
if (Arraylb_2ListBox[9] ==null) Arraylb_2ListBox[9] = new Array();
Arraylb_2ListBox[9][30]= new Array('Duplicate order');
if (Arraylb_2ListBox[9][30].WN ==null) Arraylb_2ListBox[9][30].WN = '';
if (Arraylb_2ListBox[9][30].OT ==null) Arraylb_2ListBox[9][30].OT = '';
if (Arraylb_2ListBox[9][30].T ==null) Arraylb_2ListBox[9][30].T = '0';
if (Arraylb_2ListBox[9] ==null) Arraylb_2ListBox[9] = new Array();
Arraylb_2ListBox[9][31]= new Array('Pending no customer response');
if (Arraylb_2ListBox[9][31].WN ==null) Arraylb_2ListBox[9][31].WN = '';
if (Arraylb_2ListBox[9][31].OT ==null) Arraylb_2ListBox[9][31].OT = '';
if (Arraylb_2ListBox[9][31].T ==null) Arraylb_2ListBox[9][31].T = '0';
if (Arraylb_2ListBox[9] ==null) Arraylb_2ListBox[9] = new Array();
Arraylb_2ListBox[9][32]= new Array('Customer cancels order');
if (Arraylb_2ListBox[9][32].WN ==null) Arraylb_2ListBox[9][32].WN = '';
if (Arraylb_2ListBox[9][32].OT ==null) Arraylb_2ListBox[9][32].OT = '';
if (Arraylb_2ListBox[9][32].T ==null) Arraylb_2ListBox[9][32].T = '0';
if (Arraylb_2ListBox[10] ==null) Arraylb_2ListBox[10] = new Array();
Arraylb_2ListBox[10][33]= new Array('Bank Sortcode');
if (Arraylb_2ListBox[10][33].WN ==null) Arraylb_2ListBox[10][33].WN = '';
if (Arraylb_2ListBox[10][33].OT ==null) Arraylb_2ListBox[10][33].OT = '';
if (Arraylb_2ListBox[10][33].T ==null) Arraylb_2ListBox[10][33].T = '0';
if (Arraylb_2ListBox[10] ==null) Arraylb_2ListBox[10] = new Array();
Arraylb_2ListBox[10][34]= new Array('Modulus check failed (Bank account no)');
if (Arraylb_2ListBox[10][34].WN ==null) Arraylb_2ListBox[10][34].WN = '';
if (Arraylb_2ListBox[10][34].OT ==null) Arraylb_2ListBox[10][34].OT = '';
if (Arraylb_2ListBox[10][34].T ==null) Arraylb_2ListBox[10][34].T = '0';
if (Arraylb_2ListBox[10] ==null) Arraylb_2ListBox[10] = new Array();
Arraylb_2ListBox[10][35]= new Array('Bank details Name');
if (Arraylb_2ListBox[10][35].WN ==null) Arraylb_2ListBox[10][35].WN = '';
if (Arraylb_2ListBox[10][35].OT ==null) Arraylb_2ListBox[10][35].OT = '';
if (Arraylb_2ListBox[10][35].T ==null) Arraylb_2ListBox[10][35].T = '0';
if (Arraylb_2ListBox[10] ==null) Arraylb_2ListBox[10] = new Array();
Arraylb_2ListBox[10][36]= new Array('Alternative contact details');
if (Arraylb_2ListBox[10][36].WN ==null) Arraylb_2ListBox[10][36].WN = '';
if (Arraylb_2ListBox[10][36].OT ==null) Arraylb_2ListBox[10][36].OT = '';
if (Arraylb_2ListBox[10][36].T ==null) Arraylb_2ListBox[10][36].T = '0';
if (Arraylb_2ListBox[10] ==null) Arraylb_2ListBox[10] = new Array();
Arraylb_2ListBox[10][37]= new Array('Name');
if (Arraylb_2ListBox[10][37].WN ==null) Arraylb_2ListBox[10][37].WN = '';
if (Arraylb_2ListBox[10][37].OT ==null) Arraylb_2ListBox[10][37].OT = '';
if (Arraylb_2ListBox[10][37].T ==null) Arraylb_2ListBox[10][37].T = '0';
if (Arraylb_2ListBox[10] ==null) Arraylb_2ListBox[10] = new Array();
Arraylb_2ListBox[10][38]= new Array('Address incorrect/incomplete');
if (Arraylb_2ListBox[10][38].WN ==null) Arraylb_2ListBox[10][38].WN = '';
if (Arraylb_2ListBox[10][38].OT ==null) Arraylb_2ListBox[10][38].OT = '';
if (Arraylb_2ListBox[10][38].T ==null) Arraylb_2ListBox[10][38].T = '0';
if (Arraylb_2ListBox[10] ==null) Arraylb_2ListBox[10] = new Array();
Arraylb_2ListBox[10][39]= new Array('DOB');
if (Arraylb_2ListBox[10][39].WN ==null) Arraylb_2ListBox[10][39].WN = '';
if (Arraylb_2ListBox[10][39].OT ==null) Arraylb_2ListBox[10][39].OT = '';
if (Arraylb_2ListBox[10][39].T ==null) Arraylb_2ListBox[10][39].T = '0';
if (Arraylb_2ListBox[11] ==null) Arraylb_2ListBox[11] = new Array();
Arraylb_2ListBox[11][40]= new Array('International Credit Card used for purchase');
if (Arraylb_2ListBox[11][40].WN ==null) Arraylb_2ListBox[11][40].WN = '';
if (Arraylb_2ListBox[11][40].OT ==null) Arraylb_2ListBox[11][40].OT = '';
if (Arraylb_2ListBox[11][40].T ==null) Arraylb_2ListBox[11][40].T = '0';
if (Arraylb_2ListBox[11] ==null) Arraylb_2ListBox[11] = new Array();
Arraylb_2ListBox[11][41]= new Array('Usage of 3rd Party Credit Card Details');
if (Arraylb_2ListBox[11][41].WN ==null) Arraylb_2ListBox[11][41].WN = '';
if (Arraylb_2ListBox[11][41].OT ==null) Arraylb_2ListBox[11][41].OT = '';
if (Arraylb_2ListBox[11][41].T ==null) Arraylb_2ListBox[11][41].T = '0';
if (Arraylb_2ListBox[11] ==null) Arraylb_2ListBox[11] = new Array();
Arraylb_2ListBox[11][42]= new Array('Prepay card used for purchase');
if (Arraylb_2ListBox[11][42].WN ==null) Arraylb_2ListBox[11][42].WN = '';
if (Arraylb_2ListBox[11][42].OT ==null) Arraylb_2ListBox[11][42].OT = '';
if (Arraylb_2ListBox[11][42].T ==null) Arraylb_2ListBox[11][42].T = '0';
if (Arraylb_2ListBox[11] ==null) Arraylb_2ListBox[11] = new Array();
Arraylb_2ListBox[11][43]= new Array('Usage of 3rd Party bank details');
if (Arraylb_2ListBox[11][43].WN ==null) Arraylb_2ListBox[11][43].WN = '';
if (Arraylb_2ListBox[11][43].OT ==null) Arraylb_2ListBox[11][43].OT = '';
if (Arraylb_2ListBox[11][43].T ==null) Arraylb_2ListBox[11][43].T = '0';
if (Arraylb_2ListBox[11] ==null) Arraylb_2ListBox[11] = new Array();
Arraylb_2ListBox[11][44]= new Array('Delivery Attention for 3rd Party');
if (Arraylb_2ListBox[11][44].WN ==null) Arraylb_2ListBox[11][44].WN = '';
if (Arraylb_2ListBox[11][44].OT ==null) Arraylb_2ListBox[11][44].OT = '';
if (Arraylb_2ListBox[11][44].T ==null) Arraylb_2ListBox[11][44].T = '0';
if (Arraylb_2ListBox[11] ==null) Arraylb_2ListBox[11] = new Array();
Arraylb_2ListBox[11][45]= new Array('Customer did not provide proofs');
if (Arraylb_2ListBox[11][45].WN ==null) Arraylb_2ListBox[11][45].WN = '';
if (Arraylb_2ListBox[11][45].OT ==null) Arraylb_2ListBox[11][45].OT = '';
if (Arraylb_2ListBox[11][45].T ==null) Arraylb_2ListBox[11][45].T = '0';
if (Arraylb_2ListBox[12] ==null) Arraylb_2ListBox[12] = new Array();
Arraylb_2ListBox[12][46]= new Array('Pend');
if (Arraylb_2ListBox[12][46].WN ==null) Arraylb_2ListBox[12][46].WN = '';
if (Arraylb_2ListBox[12][46].OT ==null) Arraylb_2ListBox[12][46].OT = '';
if (Arraylb_2ListBox[12][46].T ==null) Arraylb_2ListBox[12][46].T = '0';
</Array>
  </DataScript>
</FORMS>