﻿<?xml version="1.0" encoding="utf-8"?>
<FORMS xmlns:xsi="http://www.w3.org/2001/XMLSchema-instance" FormID="33" VersionName="1.0">
  <TextBox>
    <Label>
      <Text>Order Ref Number</Text>
    </Label>
    <ControlID>1</ControlID>
    <ControlType>Basic</ControlType>
    <FieldID>txt_0TextBox</FieldID>
    <Title>Order Ref Number</Title>
    <X-Pos>0</X-Pos>
    <Y-Pos>0</Y-Pos>
    <Width>200</Width>
    <IsRequired>True</IsRequired>
    <IsPostBack>False</IsPostBack>
    <IsWrap>False</IsWrap>
    <PreWrap>
    </PreWrap>
    <PostWrap>
    </PostWrap>
    <TextMode>Singleline</TextMode>
    <IsType>Numeric</IsType>
    <MaxLength>20</MaxLength>
    <Dependency>
    </Dependency>
    <PrevRef>
    </PrevRef>
    <DependentID>
    </DependentID>
  </TextBox>
  <DropDownList>
    <Label>
      <Text>Rekey Application</Text>
    </Label>
    <ControlID>2</ControlID>
    <ControlType>Basic</ControlType>
    <FieldID>ddl_0DropDown</FieldID>
    <Title>Rekey Application</Title>
    <DependentID>
    </DependentID>
    <X-Pos>307</X-Pos>
    <Y-Pos>1</Y-Pos>
    <Width>200</Width>
    <IsRequired>True</IsRequired>
    <IsManageable>True</IsManageable>
    <IsPostBack>False</IsPostBack>
    <Dependency>False</Dependency>
    <IsWrap>False</IsWrap>
    <PreWrap>
    </PreWrap>
    <PostWrap>
    </PostWrap>
    <PrevRef>
    </PrevRef>
    <IsQueryPattern>Contains</IsQueryPattern>
    <DataSource>XML</DataSource>
    <LISTITEMS>
      <LISTITEM Id="1" value="" DependentOn="0" WrapNote="" OptionTooltip="" Template="">Yes</LISTITEM>
      <LISTITEM Id="2" value="" DependentOn="0" WrapNote="" OptionTooltip="" Template="">No</LISTITEM>
    </LISTITEMS>
  </DropDownList>
  <DropDownList>
    <Label>
      <Text>Suspicious Order</Text>
    </Label>
    <ControlID>2</ControlID>
    <ControlType>Basic</ControlType>
    <FieldID>ddl_1DropDown</FieldID>
    <Title>Suspicious Order</Title>
    <DependentID>
    </DependentID>
    <X-Pos>611</X-Pos>
    <Y-Pos>1</Y-Pos>
    <Width>200</Width>
    <IsRequired>False</IsRequired>
    <IsManageable>True</IsManageable>
    <IsPostBack>False</IsPostBack>
    <Dependency>False</Dependency>
    <IsWrap>False</IsWrap>
    <PreWrap>
    </PreWrap>
    <PostWrap>
    </PostWrap>
    <PrevRef>
    </PrevRef>
    <IsQueryPattern>Contains</IsQueryPattern>
    <DataSource>XML</DataSource>
    <LISTITEMS>
      <LISTITEM Id="1" value="" DependentOn="0" WrapNote="" OptionTooltip="" Template="">Yes</LISTITEM>
      <LISTITEM Id="2" value="" DependentOn="0" WrapNote="" OptionTooltip="" Template="">No</LISTITEM>
    </LISTITEMS>
  </DropDownList>
  <DropDownList>
    <Label>
      <Text>Channel</Text>
    </Label>
    <ControlID>2</ControlID>
    <ControlType>Basic</ControlType>
    <FieldID>ddl_2DropDown</FieldID>
    <Title>Channel</Title>
    <DependentID>
    </DependentID>
    <X-Pos>1</X-Pos>
    <Y-Pos>64</Y-Pos>
    <Width>200</Width>
    <IsRequired>False</IsRequired>
    <IsManageable>True</IsManageable>
    <IsPostBack>False</IsPostBack>
    <Dependency>False</Dependency>
    <IsWrap>False</IsWrap>
    <PreWrap>
    </PreWrap>
    <PostWrap>
    </PostWrap>
    <PrevRef>
    </PrevRef>
    <IsQueryPattern>Contains</IsQueryPattern>
    <DataSource>XML</DataSource>
    <LISTITEMS>
      <LISTITEM Id="1" value="" DependentOn="0" WrapNote="" OptionTooltip="" Template="">Telesales</LISTITEM>
      <LISTITEM Id="2" value="" DependentOn="0" WrapNote="" OptionTooltip="" Template="">Websales</LISTITEM>
      <LISTITEM Id="3" value="" DependentOn="0" WrapNote="" OptionTooltip="" Template="">Retail</LISTITEM>
    </LISTITEMS>
  </DropDownList>
  <DropDownList>
    <Label>
      <Text>Product</Text>
    </Label>
    <ControlID>2</ControlID>
    <ControlType>Basic</ControlType>
    <FieldID>ddl_3DropDown</FieldID>
    <Title>Product</Title>
    <DependentID>
    </DependentID>
    <X-Pos>307</X-Pos>
    <Y-Pos>63</Y-Pos>
    <Width>200</Width>
    <IsRequired>False</IsRequired>
    <IsManageable>True</IsManageable>
    <IsPostBack>False</IsPostBack>
    <Dependency>False</Dependency>
    <IsWrap>False</IsWrap>
    <PreWrap>
    </PreWrap>
    <PostWrap>
    </PostWrap>
    <PrevRef>
    </PrevRef>
    <IsQueryPattern>Contains</IsQueryPattern>
    <DataSource>XML</DataSource>
    <LISTITEMS>
      <LISTITEM Id="1" value="" DependentOn="0" WrapNote="" OptionTooltip="" Template="">Contract</LISTITEM>
      <LISTITEM Id="2" value="" DependentOn="0" WrapNote="" OptionTooltip="" Template="">3Pay</LISTITEM>
    </LISTITEMS>
  </DropDownList>
  <DropDownList>
    <Label>
      <Text>Device</Text>
    </Label>
    <ControlID>2</ControlID>
    <ControlType>Basic</ControlType>
    <FieldID>ddl_4DropDown</FieldID>
    <Title>Device</Title>
    <DependentID>
    </DependentID>
    <X-Pos>611</X-Pos>
    <Y-Pos>62</Y-Pos>
    <Width>200</Width>
    <IsRequired>False</IsRequired>
    <IsManageable>True</IsManageable>
    <IsPostBack>False</IsPostBack>
    <Dependency>False</Dependency>
    <IsWrap>False</IsWrap>
    <PreWrap>
    </PreWrap>
    <PostWrap>
    </PostWrap>
    <PrevRef>
    </PrevRef>
    <IsQueryPattern>Contains</IsQueryPattern>
    <DataSource>XML</DataSource>
    <LISTITEMS>
      <LISTITEM Id="1" value="" DependentOn="0" WrapNote="" OptionTooltip="" Template="">HDST</LISTITEM>
      <LISTITEM Id="2" value="" DependentOn="0" WrapNote="" OptionTooltip="" Template="">DC</LISTITEM>
      <LISTITEM Id="3" value="" DependentOn="0" WrapNote="" OptionTooltip="" Template="">SIM</LISTITEM>
    </LISTITEMS>
  </DropDownList>
  <TextBox>
    <Label>
      <Text>Linked Order No 1 </Text>
    </Label>
    <ControlID>1</ControlID>
    <ControlType>Basic</ControlType>
    <FieldID>txt_1TextBox</FieldID>
    <Title>Linked Order No 1 </Title>
    <X-Pos>3</X-Pos>
    <Y-Pos>129</Y-Pos>
    <Width>200</Width>
    <IsRequired>False</IsRequired>
    <IsPostBack>False</IsPostBack>
    <IsWrap>False</IsWrap>
    <PreWrap>
    </PreWrap>
    <PostWrap>
    </PostWrap>
    <TextMode>Singleline</TextMode>
    <IsType>Numeric</IsType>
    <MaxLength>20</MaxLength>
    <Dependency>
    </Dependency>
    <PrevRef>
    </PrevRef>
    <DependentID>
    </DependentID>
  </TextBox>
  <TextBox>
    <Label>
      <Text>Linked Order No 2</Text>
    </Label>
    <ControlID>1</ControlID>
    <ControlType>Basic</ControlType>
    <FieldID>txt_2TextBox</FieldID>
    <Title>Linked Order No 2</Title>
    <X-Pos>306</X-Pos>
    <Y-Pos>128</Y-Pos>
    <Width>200</Width>
    <IsRequired>False</IsRequired>
    <IsPostBack>False</IsPostBack>
    <IsWrap>False</IsWrap>
    <PreWrap>
    </PreWrap>
    <PostWrap>
    </PostWrap>
    <TextMode>Singleline</TextMode>
    <IsType>Numeric</IsType>
    <MaxLength>20</MaxLength>
    <Dependency>
    </Dependency>
    <PrevRef>
    </PrevRef>
    <DependentID>
    </DependentID>
  </TextBox>
  <TextBox>
    <Label>
      <Text>Linked BAN 1 </Text>
    </Label>
    <ControlID>1</ControlID>
    <ControlType>Basic</ControlType>
    <FieldID>txt_3TextBox</FieldID>
    <Title>Linked BAN 1 </Title>
    <X-Pos>1</X-Pos>
    <Y-Pos>188</Y-Pos>
    <Width>200</Width>
    <IsRequired>False</IsRequired>
    <IsPostBack>False</IsPostBack>
    <IsWrap>False</IsWrap>
    <PreWrap>
    </PreWrap>
    <PostWrap>
    </PostWrap>
    <TextMode>Singleline</TextMode>
    <IsType>Numeric</IsType>
    <MaxLength>20</MaxLength>
    <Dependency>
    </Dependency>
    <PrevRef>
    </PrevRef>
    <DependentID>
    </DependentID>
  </TextBox>
  <TextBox>
    <Label>
      <Text>Linked BAN 2</Text>
    </Label>
    <ControlID>1</ControlID>
    <ControlType>Basic</ControlType>
    <FieldID>txt_4TextBox</FieldID>
    <Title>Linked BAN 2</Title>
    <X-Pos>307</X-Pos>
    <Y-Pos>188</Y-Pos>
    <Width>200</Width>
    <IsRequired>False</IsRequired>
    <IsPostBack>False</IsPostBack>
    <IsWrap>False</IsWrap>
    <PreWrap>
    </PreWrap>
    <PostWrap>
    </PostWrap>
    <TextMode>Singleline</TextMode>
    <IsType>Numeric</IsType>
    <MaxLength>20</MaxLength>
    <Dependency>
    </Dependency>
    <PrevRef>
    </PrevRef>
    <DependentID>
    </DependentID>
  </TextBox>
  <ListBox>
    <Label>
      <Text>Final Decision1</Text>
    </Label>
    <ControlID>5</ControlID>
    <ControlType>Basic</ControlType>
    <FieldID>lb_0ListBox</FieldID>
    <Title>Final Decision1</Title>
    <DependentID>
    </DependentID>
    <X-Pos>3</X-Pos>
    <Y-Pos>250</Y-Pos>
    <Width>100</Width>
    <IsRequired>False</IsRequired>
    <IsManageable>True</IsManageable>
    <IsPostBack>False</IsPostBack>
    <Dependency>False</Dependency>
    <IsWrap>False</IsWrap>
    <PreWrap>
    </PreWrap>
    <PostWrap>
    </PostWrap>
    <PrevRef>
    </PrevRef>
    <DataSource>XML</DataSource>
    <LISTITEMS>
    </LISTITEMS>
  </ListBox>
  <ListBox>
    <Label>
      <Text>Decline Category1 </Text>
    </Label>
    <ControlID>5</ControlID>
    <ControlType>Basic</ControlType>
    <FieldID>lb_1ListBox</FieldID>
    <Title>Decline Category1 </Title>
    <DependentID>
    </DependentID>
    <X-Pos>307</X-Pos>
    <Y-Pos>249</Y-Pos>
    <Width>100</Width>
    <IsRequired>False</IsRequired>
    <IsManageable>True</IsManageable>
    <IsPostBack>False</IsPostBack>
    <Dependency>False</Dependency>
    <IsWrap>False</IsWrap>
    <PreWrap>
    </PreWrap>
    <PostWrap>
    </PostWrap>
    <PrevRef>
    </PrevRef>
    <DataSource>XML</DataSource>
    <LISTITEMS>
    </LISTITEMS>
  </ListBox>
  <ListBox>
    <Label>
      <Text>Decline Reason Detail1 </Text>
    </Label>
    <ControlID>5</ControlID>
    <ControlType>Basic</ControlType>
    <FieldID>lb_2ListBox</FieldID>
    <Title>Decline Reason Detail1 </Title>
    <DependentID>
    </DependentID>
    <X-Pos>612</X-Pos>
    <Y-Pos>250</Y-Pos>
    <Width>100</Width>
    <IsRequired>False</IsRequired>
    <IsManageable>True</IsManageable>
    <IsPostBack>False</IsPostBack>
    <Dependency>False</Dependency>
    <IsWrap>False</IsWrap>
    <PreWrap>
    </PreWrap>
    <PostWrap>
    </PostWrap>
    <PrevRef>
    </PrevRef>
    <DataSource>XML</DataSource>
    <LISTITEMS>
    </LISTITEMS>
  </ListBox>
  <TextBox>
    <Label>
      <Text>Comments </Text>
    </Label>
    <ControlID>1</ControlID>
    <ControlType>Basic</ControlType>
    <FieldID>txt_5TextBox</FieldID>
    <Title>Comments </Title>
    <X-Pos>1</X-Pos>
    <Y-Pos>422</Y-Pos>
    <Width>200</Width>
    <IsRequired>False</IsRequired>
    <IsPostBack>False</IsPostBack>
    <IsWrap>False</IsWrap>
    <PreWrap>
    </PreWrap>
    <PostWrap>
    </PostWrap>
    <TextMode>Multiline</TextMode>
    <IsType>AlphaNumeric</IsType>
    <MaxLength>200</MaxLength>
    <Dependency>
    </Dependency>
    <PrevRef>
    </PrevRef>
    <DependentID>
    </DependentID>
  </TextBox>
  <DataScript>
    <IsUpdated>False</IsUpdated>
    <Array>
    </Array>
  </DataScript>
</FORMS>