﻿<?xml version="1.0" encoding="utf-8"?>
<FORMS xmlns:xsi="http://www.w3.org/2001/XMLSchema-instance" FormID="49" VersionName="1.0">
  <TextBox>
    <Label>
      <Text>BAN</Text>
    </Label>
    <ControlID>1</ControlID>
    <ControlType>Basic</ControlType>
    <FieldID>txt_0TextBox</FieldID>
    <Title>BAN</Title>
    <X-Pos>256</X-Pos>
    <Y-Pos>10</Y-Pos>
    <Width>200</Width>
    <IsRequired>False</IsRequired>
    <IsPostBack>False</IsPostBack>
    <IsWrap>True</IsWrap>
    <PreWrap>BAN: </PreWrap>
    <PostWrap>
    </PostWrap>
    <TextMode>Singleline</TextMode>
    <IsType>Numeric</IsType>
    <MaxLength>10</MaxLength>
    <Dependency>
    </Dependency>
    <PrevRef>
    </PrevRef>
    <DependentID>
    </DependentID>
    <Tabindex>2</Tabindex>
    <Height>50</Height>
    <IsHide>False</IsHide>
  </TextBox>
  <TextBox>
    <Label>
      <Text>IMEI</Text>
    </Label>
    <ControlID>1</ControlID>
    <ControlType>Basic</ControlType>
    <FieldID>txt_1TextBox</FieldID>
    <Title>IMEI</Title>
    <X-Pos>468</X-Pos>
    <Y-Pos>10</Y-Pos>
    <Width>200</Width>
    <IsRequired>True</IsRequired>
    <IsPostBack>False</IsPostBack>
    <IsWrap>True</IsWrap>
    <PreWrap>IMEI: </PreWrap>
    <PostWrap>
    </PostWrap>
    <TextMode>Singleline</TextMode>
    <IsType>Numeric</IsType>
    <MaxLength>20</MaxLength>
    <Dependency>
    </Dependency>
    <PrevRef>
    </PrevRef>
    <DependentID>
    </DependentID>
    <Tabindex>3</Tabindex>
    <Height>50</Height>
    <IsHide>False</IsHide>
  </TextBox>
  <TextBox>
    <Label>
      <Text>Tracking ID</Text>
    </Label>
    <ControlID>1</ControlID>
    <ControlType>Basic</ControlType>
    <FieldID>txt_2TextBox</FieldID>
    <Title>Tracking ID</Title>
    <X-Pos>10</X-Pos>
    <Y-Pos>10</Y-Pos>
    <Width>200</Width>
    <IsRequired>True</IsRequired>
    <IsPostBack>False</IsPostBack>
    <IsWrap>True</IsWrap>
    <PreWrap>ID: </PreWrap>
    <PostWrap>
    </PostWrap>
    <TextMode>Singleline</TextMode>
    <IsType>Numeric</IsType>
    <MaxLength>20</MaxLength>
    <Dependency>
    </Dependency>
    <PrevRef>
    </PrevRef>
    <DependentID>
    </DependentID>
    <Tabindex>1</Tabindex>
    <Height>50</Height>
    <IsHide>False</IsHide>
  </TextBox>
  <ListBox>
    <Label>
      <Text>CT1</Text>
    </Label>
    <ControlID>5</ControlID>
    <ControlType>Basic</ControlType>
    <FieldID>lb_0ListBox</FieldID>
    <Title>CT1</Title>
    <DependentID>lb_1ListBox</DependentID>
    <X-Pos>10</X-Pos>
    <Y-Pos>80</Y-Pos>
    <Width>100</Width>
    <IsRequired>True</IsRequired>
    <IsManageable>True</IsManageable>
    <IsPostBack>False</IsPostBack>
    <Dependency>True</Dependency>
    <IsWrap>False</IsWrap>
    <PreWrap>
    </PreWrap>
    <PostWrap>
    </PostWrap>
    <PrevRef>
    </PrevRef>
    <DataSource>XML</DataSource>
    <LISTITEMS>
      <LISTITEM Id="1" value="" DependentOn="0" WrapNote="" OptionTooltip="" Template="">Account Administration</LISTITEM>
    </LISTITEMS>
    <Tabindex>4</Tabindex>
    <IsHide>False</IsHide>
  </ListBox>
  <ListBox>
    <Label>
      <Text>CT2</Text>
    </Label>
    <ControlID>5</ControlID>
    <ControlType>Basic</ControlType>
    <FieldID>lb_1ListBox</FieldID>
    <Title>CT2</Title>
    <DependentID>lb_2ListBox</DependentID>
    <X-Pos>236</X-Pos>
    <Y-Pos>80</Y-Pos>
    <Width>100</Width>
    <IsRequired>True</IsRequired>
    <IsManageable>True</IsManageable>
    <IsPostBack>False</IsPostBack>
    <Dependency>True</Dependency>
    <IsWrap>False</IsWrap>
    <PreWrap>
    </PreWrap>
    <PostWrap>
    </PostWrap>
    <PrevRef>lb_0ListBox</PrevRef>
    <DataSource>XML</DataSource>
    <LISTITEMS>
      <LISTITEM Id="1" value="" DependentOn="1" WrapNote="" OptionTooltip="" Template="">Account Profile Update</LISTITEM>
      <LISTITEM Id="2" value="" DependentOn="1" WrapNote="" OptionTooltip="" Template="">Allowance Query</LISTITEM>
      <LISTITEM Id="3" value="" DependentOn="1" WrapNote="" OptionTooltip="" Template="36">Change Internet Profile</LISTITEM>
      <LISTITEM Id="4" value="" DependentOn="1" WrapNote="" OptionTooltip="" Template="">Change Price Plan</LISTITEM>
      <LISTITEM Id="5" value="" DependentOn="1" WrapNote="" OptionTooltip="" Template="">Contract Dates</LISTITEM>
      <LISTITEM Id="6" value="" DependentOn="1" WrapNote="" OptionTooltip="" Template="">Credit Limit Breach</LISTITEM>
      <LISTITEM Id="7" value="" DependentOn="1" WrapNote="" OptionTooltip="" Template="">Delivery &amp; Logistics</LISTITEM>
      <LISTITEM Id="8" value="" DependentOn="1" WrapNote="" OptionTooltip="" Template="54">Device Purchased</LISTITEM>
    </LISTITEMS>
    <Tabindex>5</Tabindex>
    <IsHide>False</IsHide>
  </ListBox>
  <ListBox>
    <Label>
      <Text>Outcome</Text>
    </Label>
    <ControlID>5</ControlID>
    <ControlType>Basic</ControlType>
    <FieldID>lb_2ListBox</FieldID>
    <Title>Outcome</Title>
    <DependentID>
    </DependentID>
    <X-Pos>462</X-Pos>
    <Y-Pos>80</Y-Pos>
    <Width>100</Width>
    <IsRequired>True</IsRequired>
    <IsManageable>True</IsManageable>
    <IsPostBack>False</IsPostBack>
    <Dependency>True</Dependency>
    <IsWrap>False</IsWrap>
    <PreWrap>
    </PreWrap>
    <PostWrap>
    </PostWrap>
    <PrevRef>lb_1ListBox</PrevRef>
    <DataSource>XML</DataSource>
    <LISTITEMS>
      <LISTITEM Id="1" value="" DependentOn="1" WrapNote="Dpa XX:To add Authorise Contact.¢Registered authorised contact Name XX¢2 Passwords  XX &amp;XX¢Informed Authorised Contact cannot make any amendments but can only discuss account information" OptionTooltip="" Template="">Resolved</LISTITEM>
      <LISTITEM Id="2" value="" DependentOn="1" WrapNote="" OptionTooltip="" Template="">Unresolved</LISTITEM>
      <LISTITEM Id="3" value="" DependentOn="2" WrapNote="DPA XX¢Wanted to enquire about remaining allowance. ¢Deflected to my3. refused my3 hence gave info from ask sid and promoted ivr XX" OptionTooltip="" Template="">Resolved</LISTITEM>
      <LISTITEM Id="4" value="" DependentOn="2" WrapNote="" OptionTooltip="" Template="">Unresolved</LISTITEM>
      <LISTITEM Id="5" value="" DependentOn="3" WrapNote="DPA XX¢Request for Full Internet Access.¢Informed he needs to register the card online on mipay  and if he does not want to register the card he needs to email us a copy of proof of age. Gave the 3 email address.XX¢Raised a call back on CBMS for TL to follow up.SLA gave of 48 hrs once he registers  orsends email.Informed will receive sms once done¢" OptionTooltip="" Template="">Resolved</LISTITEM>
      <LISTITEM Id="6" value="" DependentOn="3" WrapNote="" OptionTooltip="" Template="">Unresolved</LISTITEM>
      <LISTITEM Id="7" value="" DependentOn="4" WrapNote="DPA XXXX¢Request to downgrade the price plan from XXX to XX. Business rules met. SO Raised XX.¢Nqueue ID   ¢information shared-new price plan will be effective from the next bill cycle date XXX  plan T&amp;C informed Yes orNa" OptionTooltip="" Template="">Resolved</LISTITEM>
      <LISTITEM Id="8" value="" DependentOn="4" WrapNote="" OptionTooltip="" Template="">Unresolved</LISTITEM>
      <LISTITEM Id="9" value="" DependentOn="5" WrapNote="DPA  XX¢Wants to know contract end date.¢deflected to ivr. Refused ivr XX hence gave info." OptionTooltip="" Template="">Resolved</LISTITEM>
      <LISTITEM Id="10" value="" DependentOn="5" WrapNote="" OptionTooltip="" Template="">Unresolved</LISTITEM>
      <LISTITEM Id="11" value="" DependentOn="6" WrapNote="DPA XX¢Unable to use services due to credit limit breach.explained about credit limit XX and unbilled amount XX and out of bundle charges.advised to make interim payment. Refused as will wait till next allowance date XXX¢My 3 Promotion  " OptionTooltip="" Template="">Resolved</LISTITEM>
      <LISTITEM Id="12" value="" DependentOn="6" WrapNote="" OptionTooltip="" Template="">Unresolved</LISTITEM>
      <LISTITEM Id="13" value="" DependentOn="7" WrapNote="DPA XX¢Request to change delivery address.¢Order not dispatched hence placed request on Nqueue.¢New address XX ¢Nqueue ID XXX¢" OptionTooltip="" Template="">Resolved</LISTITEM>
      <LISTITEM Id="14" value="" DependentOn="7" WrapNote="" OptionTooltip="" Template="">Unresolved</LISTITEM>
      <LISTITEM Id="15" value="" DependentOn="8" WrapNote="DPA XX¢Request for replacement full cost device.¢Reason XX Amount XX. ¢Refused  or will decide and call back" OptionTooltip="" Template="">Resolved</LISTITEM>
      <LISTITEM Id="16" value="" DependentOn="8" WrapNote="" OptionTooltip="" Template="">Unresolved</LISTITEM>
    </LISTITEMS>
    <Tabindex>6</Tabindex>
    <IsHide>False</IsHide>
  </ListBox>
  <DataScript>
    <IsUpdated>False</IsUpdated>
    <Array>var Arraylb_0ListBox = new Array( 1 );
if (Arraylb_0ListBox[0] ==null) Arraylb_0ListBox[0] = new Array();
Arraylb_0ListBox[0][1]= new Array('Account Administration');
if (Arraylb_0ListBox[0][1].WN ==null) Arraylb_0ListBox[0][1].WN = '';
if (Arraylb_0ListBox[0][1].OT ==null) Arraylb_0ListBox[0][1].OT = '';
if (Arraylb_0ListBox[0][1].T ==null) Arraylb_0ListBox[0][1].T = '0';
var Arraylb_1ListBox = new Array( 8 );
if (Arraylb_1ListBox[1] ==null) Arraylb_1ListBox[1] = new Array();
Arraylb_1ListBox[1][1]= new Array('Account Profile Update');
if (Arraylb_1ListBox[1][1].WN ==null) Arraylb_1ListBox[1][1].WN = '';
if (Arraylb_1ListBox[1][1].OT ==null) Arraylb_1ListBox[1][1].OT = '';
if (Arraylb_1ListBox[1][1].T ==null) Arraylb_1ListBox[1][1].T = '0';
if (Arraylb_1ListBox[1] ==null) Arraylb_1ListBox[1] = new Array();
Arraylb_1ListBox[1][2]= new Array('Allowance Query');
if (Arraylb_1ListBox[1][2].WN ==null) Arraylb_1ListBox[1][2].WN = '';
if (Arraylb_1ListBox[1][2].OT ==null) Arraylb_1ListBox[1][2].OT = '';
if (Arraylb_1ListBox[1][2].T ==null) Arraylb_1ListBox[1][2].T = '0';
if (Arraylb_1ListBox[1] ==null) Arraylb_1ListBox[1] = new Array();
Arraylb_1ListBox[1][3]= new Array('Change Internet Profile');
if (Arraylb_1ListBox[1][3].WN ==null) Arraylb_1ListBox[1][3].WN = '';
if (Arraylb_1ListBox[1][3].OT ==null) Arraylb_1ListBox[1][3].OT = '';
if (Arraylb_1ListBox[1][3].T ==null) Arraylb_1ListBox[1][3].T = '36';
if (Arraylb_1ListBox[1] ==null) Arraylb_1ListBox[1] = new Array();
Arraylb_1ListBox[1][4]= new Array('Change Price Plan');
if (Arraylb_1ListBox[1][4].WN ==null) Arraylb_1ListBox[1][4].WN = '';
if (Arraylb_1ListBox[1][4].OT ==null) Arraylb_1ListBox[1][4].OT = '';
if (Arraylb_1ListBox[1][4].T ==null) Arraylb_1ListBox[1][4].T = '0';
if (Arraylb_1ListBox[1] ==null) Arraylb_1ListBox[1] = new Array();
Arraylb_1ListBox[1][5]= new Array('Contract Dates');
if (Arraylb_1ListBox[1][5].WN ==null) Arraylb_1ListBox[1][5].WN = '';
if (Arraylb_1ListBox[1][5].OT ==null) Arraylb_1ListBox[1][5].OT = '';
if (Arraylb_1ListBox[1][5].T ==null) Arraylb_1ListBox[1][5].T = '0';
if (Arraylb_1ListBox[1] ==null) Arraylb_1ListBox[1] = new Array();
Arraylb_1ListBox[1][6]= new Array('Credit Limit Breach');
if (Arraylb_1ListBox[1][6].WN ==null) Arraylb_1ListBox[1][6].WN = '';
if (Arraylb_1ListBox[1][6].OT ==null) Arraylb_1ListBox[1][6].OT = '';
if (Arraylb_1ListBox[1][6].T ==null) Arraylb_1ListBox[1][6].T = '0';
if (Arraylb_1ListBox[1] ==null) Arraylb_1ListBox[1] = new Array();
Arraylb_1ListBox[1][7]= new Array('Delivery &amp; Logistics');
if (Arraylb_1ListBox[1][7].WN ==null) Arraylb_1ListBox[1][7].WN = '';
if (Arraylb_1ListBox[1][7].OT ==null) Arraylb_1ListBox[1][7].OT = '';
if (Arraylb_1ListBox[1][7].T ==null) Arraylb_1ListBox[1][7].T = '0';
if (Arraylb_1ListBox[1] ==null) Arraylb_1ListBox[1] = new Array();
Arraylb_1ListBox[1][8]= new Array('Device Purchased');
if (Arraylb_1ListBox[1][8].WN ==null) Arraylb_1ListBox[1][8].WN = '';
if (Arraylb_1ListBox[1][8].OT ==null) Arraylb_1ListBox[1][8].OT = '';
if (Arraylb_1ListBox[1][8].T ==null) Arraylb_1ListBox[1][8].T = '54';
var Arraylb_2ListBox = new Array( 16 );
if (Arraylb_2ListBox[1] ==null) Arraylb_2ListBox[1] = new Array();
Arraylb_2ListBox[1][1]= new Array('Resolved');
if (Arraylb_2ListBox[1][1].WN ==null) Arraylb_2ListBox[1][1].WN = 'Dpa XX¢To add Authorise Contact.¢Registered authorised contact Name XX¢2 Passwords  XX &amp;XX¢Informed Authorised Contact cannot make any amendments but can only discuss account information';
if (Arraylb_2ListBox[1][1].OT ==null) Arraylb_2ListBox[1][1].OT = '';
if (Arraylb_2ListBox[1][1].T ==null) Arraylb_2ListBox[1][1].T = '0';
if (Arraylb_2ListBox[1] ==null) Arraylb_2ListBox[1] = new Array();
Arraylb_2ListBox[1][2]= new Array('Unresolved');
if (Arraylb_2ListBox[1][2].WN ==null) Arraylb_2ListBox[1][2].WN = '';
if (Arraylb_2ListBox[1][2].OT ==null) Arraylb_2ListBox[1][2].OT = '';
if (Arraylb_2ListBox[1][2].T ==null) Arraylb_2ListBox[1][2].T = '0';
if (Arraylb_2ListBox[2] ==null) Arraylb_2ListBox[2] = new Array();
Arraylb_2ListBox[2][3]= new Array('Resolved');
if (Arraylb_2ListBox[2][3].WN ==null) Arraylb_2ListBox[2][3].WN = 'DPA XX¢Wanted to enquire about remaining allowance. ¢Deflected to my3. refused my3 hence gave info from ask sid and promoted ivr XX';
if (Arraylb_2ListBox[2][3].OT ==null) Arraylb_2ListBox[2][3].OT = '';
if (Arraylb_2ListBox[2][3].T ==null) Arraylb_2ListBox[2][3].T = '0';
if (Arraylb_2ListBox[2] ==null) Arraylb_2ListBox[2] = new Array();
Arraylb_2ListBox[2][4]= new Array('Unresolved');
if (Arraylb_2ListBox[2][4].WN ==null) Arraylb_2ListBox[2][4].WN = '';
if (Arraylb_2ListBox[2][4].OT ==null) Arraylb_2ListBox[2][4].OT = '';
if (Arraylb_2ListBox[2][4].T ==null) Arraylb_2ListBox[2][4].T = '0';
if (Arraylb_2ListBox[3] ==null) Arraylb_2ListBox[3] = new Array();
Arraylb_2ListBox[3][5]= new Array('Resolved');
if (Arraylb_2ListBox[3][5].WN ==null) Arraylb_2ListBox[3][5].WN = 'DPA XX¢Request for Full Internet Access.¢Informed he needs to register the card online on mipay  and if he does not want to register the card he needs to email us a copy of proof of age. Gave the 3 email address.XX¢Raised a call back on CBMS for TL to follow up.SLA gave of 48 hrs once he registers  orsends email.Informed will receive sms once done¢';
if (Arraylb_2ListBox[3][5].OT ==null) Arraylb_2ListBox[3][5].OT = '';
if (Arraylb_2ListBox[3][5].T ==null) Arraylb_2ListBox[3][5].T = '0';
if (Arraylb_2ListBox[3] ==null) Arraylb_2ListBox[3] = new Array();
Arraylb_2ListBox[3][6]= new Array('Unresolved');
if (Arraylb_2ListBox[3][6].WN ==null) Arraylb_2ListBox[3][6].WN = '';
if (Arraylb_2ListBox[3][6].OT ==null) Arraylb_2ListBox[3][6].OT = '';
if (Arraylb_2ListBox[3][6].T ==null) Arraylb_2ListBox[3][6].T = '0';
if (Arraylb_2ListBox[4] ==null) Arraylb_2ListBox[4] = new Array();
Arraylb_2ListBox[4][7]= new Array('Resolved');
if (Arraylb_2ListBox[4][7].WN ==null) Arraylb_2ListBox[4][7].WN = 'DPA XXXX¢Request to downgrade the price plan from XXX to XX. Business rules met. SO Raised XX.¢Nqueue ID   ¢information shared-new price plan will be effective from the next bill cycle date XXX  plan T&amp;C informed Yes orNa';
if (Arraylb_2ListBox[4][7].OT ==null) Arraylb_2ListBox[4][7].OT = '';
if (Arraylb_2ListBox[4][7].T ==null) Arraylb_2ListBox[4][7].T = '0';
if (Arraylb_2ListBox[4] ==null) Arraylb_2ListBox[4] = new Array();
Arraylb_2ListBox[4][8]= new Array('Unresolved');
if (Arraylb_2ListBox[4][8].WN ==null) Arraylb_2ListBox[4][8].WN = '';
if (Arraylb_2ListBox[4][8].OT ==null) Arraylb_2ListBox[4][8].OT = '';
if (Arraylb_2ListBox[4][8].T ==null) Arraylb_2ListBox[4][8].T = '0';
if (Arraylb_2ListBox[5] ==null) Arraylb_2ListBox[5] = new Array();
Arraylb_2ListBox[5][9]= new Array('Resolved');
if (Arraylb_2ListBox[5][9].WN ==null) Arraylb_2ListBox[5][9].WN = 'DPA  XX¢Wants to know contract end date.¢deflected to ivr. Refused ivr XX hence gave info.';
if (Arraylb_2ListBox[5][9].OT ==null) Arraylb_2ListBox[5][9].OT = '';
if (Arraylb_2ListBox[5][9].T ==null) Arraylb_2ListBox[5][9].T = '0';
if (Arraylb_2ListBox[5] ==null) Arraylb_2ListBox[5] = new Array();
Arraylb_2ListBox[5][10]= new Array('Unresolved');
if (Arraylb_2ListBox[5][10].WN ==null) Arraylb_2ListBox[5][10].WN = '';
if (Arraylb_2ListBox[5][10].OT ==null) Arraylb_2ListBox[5][10].OT = '';
if (Arraylb_2ListBox[5][10].T ==null) Arraylb_2ListBox[5][10].T = '0';
if (Arraylb_2ListBox[6] ==null) Arraylb_2ListBox[6] = new Array();
Arraylb_2ListBox[6][11]= new Array('Resolved');
if (Arraylb_2ListBox[6][11].WN ==null) Arraylb_2ListBox[6][11].WN = 'DPA XX¢Unable to use services due to credit limit breach.explained about credit limit XX and unbilled amount XX and out of bundle charges.advised to make interim payment. Refused as will wait till next allowance date XXX¢My 3 Promotion';
if (Arraylb_2ListBox[6][11].OT ==null) Arraylb_2ListBox[6][11].OT = '';
if (Arraylb_2ListBox[6][11].T ==null) Arraylb_2ListBox[6][11].T = '0';
if (Arraylb_2ListBox[6] ==null) Arraylb_2ListBox[6] = new Array();
Arraylb_2ListBox[6][12]= new Array('Unresolved');
if (Arraylb_2ListBox[6][12].WN ==null) Arraylb_2ListBox[6][12].WN = '';
if (Arraylb_2ListBox[6][12].OT ==null) Arraylb_2ListBox[6][12].OT = '';
if (Arraylb_2ListBox[6][12].T ==null) Arraylb_2ListBox[6][12].T = '0';
if (Arraylb_2ListBox[7] ==null) Arraylb_2ListBox[7] = new Array();
Arraylb_2ListBox[7][13]= new Array('Resolved');
if (Arraylb_2ListBox[7][13].WN ==null) Arraylb_2ListBox[7][13].WN = 'DPA XX¢Request to change delivery address.¢Order not dispatched hence placed request on Nqueue.¢New address XX ¢Nqueue ID XXX¢';
if (Arraylb_2ListBox[7][13].OT ==null) Arraylb_2ListBox[7][13].OT = '';
if (Arraylb_2ListBox[7][13].T ==null) Arraylb_2ListBox[7][13].T = '0';
if (Arraylb_2ListBox[7] ==null) Arraylb_2ListBox[7] = new Array();
Arraylb_2ListBox[7][14]= new Array('Unresolved');
if (Arraylb_2ListBox[7][14].WN ==null) Arraylb_2ListBox[7][14].WN = '';
if (Arraylb_2ListBox[7][14].OT ==null) Arraylb_2ListBox[7][14].OT = '';
if (Arraylb_2ListBox[7][14].T ==null) Arraylb_2ListBox[7][14].T = '0';
if (Arraylb_2ListBox[8] ==null) Arraylb_2ListBox[8] = new Array();
Arraylb_2ListBox[8][15]= new Array('Resolved');
if (Arraylb_2ListBox[8][15].WN ==null) Arraylb_2ListBox[8][15].WN = 'DPA XX¢Request for replacement full cost device.¢Reason XX Amount XX. ¢Refused  or will decide and call back';
if (Arraylb_2ListBox[8][15].OT ==null) Arraylb_2ListBox[8][15].OT = '';
if (Arraylb_2ListBox[8][15].T ==null) Arraylb_2ListBox[8][15].T = '0';
if (Arraylb_2ListBox[8] ==null) Arraylb_2ListBox[8] = new Array();
Arraylb_2ListBox[8][16]= new Array('Unresolved');
if (Arraylb_2ListBox[8][16].WN ==null) Arraylb_2ListBox[8][16].WN = '';
if (Arraylb_2ListBox[8][16].OT ==null) Arraylb_2ListBox[8][16].OT = '';
if (Arraylb_2ListBox[8][16].T ==null) Arraylb_2ListBox[8][16].T = '0';
</Array>
  </DataScript>
</FORMS>