﻿<?xml version="1.0" encoding="utf-8"?>
<FORMS xmlns:xsi="http://www.w3.org/2001/XMLSchema-instance" FormID="202" VersionName="1.0">
  <DropDownList>
    <Label>
      <Text>a</Text>
    </Label>
    <ControlID>2</ControlID>
    <ControlType>Basic</ControlType>
    <FieldID>ddl_0DropDown</FieldID>
    <Title>a</Title>
    <DependentID>
    </DependentID>
    <X-Pos>218</X-Pos>
    <Y-Pos>105</Y-Pos>
    <Width>200</Width>
    <IsRequired>False</IsRequired>
    <IsManageable>True</IsManageable>
    <IsPostBack>False</IsPostBack>
    <Dependency>False</Dependency>
    <IsWrap>False</IsWrap>
    <PreWrap>
    </PreWrap>
    <PostWrap>
    </PostWrap>
    <PrevRef>
    </PrevRef>
    <DataSource>XML</DataSource>
    <LISTITEMS>
    </LISTITEMS>
  </DropDownList>
  <DropDownList>
    <Label>
      <Text>b</Text>
    </Label>
    <ControlID>2</ControlID>
    <ControlType>Basic</ControlType>
    <FieldID>ddl_1DropDown</FieldID>
    <Title>b</Title>
    <DependentID>
    </DependentID>
    <X-Pos>16</X-Pos>
    <Y-Pos>105</Y-Pos>
    <Width>200</Width>
    <IsRequired>False</IsRequired>
    <IsManageable>True</IsManageable>
    <IsPostBack>False</IsPostBack>
    <Dependency>False</Dependency>
    <IsWrap>False</IsWrap>
    <PreWrap>
    </PreWrap>
    <PostWrap>
    </PostWrap>
    <PrevRef>
    </PrevRef>
    <DataSource>XML</DataSource>
    <LISTITEMS>
    </LISTITEMS>
  </DropDownList>
  <DropDownList>
    <Label>
      <Text>c</Text>
    </Label>
    <ControlID>2</ControlID>
    <ControlType>Basic</ControlType>
    <FieldID>ddl_2DropDown</FieldID>
    <Title>c</Title>
    <DependentID>
    </DependentID>
    <X-Pos>218</X-Pos>
    <Y-Pos>170</Y-Pos>
    <Width>200</Width>
    <IsRequired>False</IsRequired>
    <IsManageable>True</IsManageable>
    <IsPostBack>False</IsPostBack>
    <Dependency>False</Dependency>
    <IsWrap>False</IsWrap>
    <PreWrap>
    </PreWrap>
    <PostWrap>
    </PostWrap>
    <PrevRef>
    </PrevRef>
    <DataSource>XML</DataSource>
    <LISTITEMS>
    </LISTITEMS>
  </DropDownList>
  <TextBox>
    <Label>
      <Text>dfss</Text>
    </Label>
    <ControlID>1</ControlID>
    <ControlType>Basic</ControlType>
    <FieldID>txt_0TextBox</FieldID>
    <Title>dfss</Title>
    <X-Pos>16</X-Pos>
    <Y-Pos>170</Y-Pos>
    <Width>200</Width>
    <IsRequired>False</IsRequired>
    <IsPostBack>False</IsPostBack>
    <IsWrap>False</IsWrap>
    <PreWrap>
    </PreWrap>
    <PostWrap>
    </PostWrap>
    <TextMode>Singleline</TextMode>
    <IsType>Numeric</IsType>
    <MaxLength>20</MaxLength>
    <Dependency>
    </Dependency>
    <PrevRef>
    </PrevRef>
    <DependentID>
    </DependentID>
  </TextBox>
  <TextBox>
    <Label>
      <Text>rwerrerr rwerrfsdfdfdfsdfsdf fsdfs fsdf f</Text>
    </Label>
    <ControlID>1</ControlID>
    <ControlType>Basic</ControlType>
    <FieldID>txt_1TextBox</FieldID>
    <Title>rwerrerr rwerrfsdfdfdfsdfsdf fsdfs fsdf f</Title>
    <X-Pos>424</X-Pos>
    <Y-Pos>105</Y-Pos>
    <Width>200</Width>
    <IsRequired>False</IsRequired>
    <IsPostBack>False</IsPostBack>
    <IsWrap>False</IsWrap>
    <PreWrap>
    </PreWrap>
    <PostWrap>
    </PostWrap>
    <TextMode>Singleline</TextMode>
    <IsType>Numeric</IsType>
    <MaxLength>20</MaxLength>
    <Dependency>
    </Dependency>
    <PrevRef>
    </PrevRef>
    <DependentID>
    </DependentID>
  </TextBox>
  <DataScript>
    <IsUpdated>False</IsUpdated>
    <Array>
    </Array>
  </DataScript>
</FORMS>