﻿<?xml version="1.0" encoding="utf-8"?>
<FORMS xmlns:xsi="http://www.w3.org/2001/XMLSchema-instance" FormID="39" VersionName="1.0">
  <TextBox>
    <Label>
      <Text>Call Type</Text>
    </Label>
    <ControlID>1</ControlID>
    <ControlType>Basic</ControlType>
    <FieldID>txt_0TextBox</FieldID>
    <Title>Call Type</Title>
    <X-Pos>0</X-Pos>
    <Y-Pos>0</Y-Pos>
    <Width>200</Width>
    <IsRequired>False</IsRequired>
    <IsPostBack>False</IsPostBack>
    <IsWrap>False</IsWrap>
    <PreWrap>
    </PreWrap>
    <PostWrap>
    </PostWrap>
    <TextMode>Singleline</TextMode>
    <IsType>Numeric</IsType>
    <MaxLength>20</MaxLength>
    <Dependency>
    </Dependency>
    <PrevRef>
    </PrevRef>
    <DependentID>
    </DependentID>
    <Tabindex>1</Tabindex>
    <Height>50</Height>
  </TextBox>
  <ListBox>
    <Label>
      <Text>Call Type 1</Text>
    </Label>
    <ControlID>5</ControlID>
    <ControlType>Basic</ControlType>
    <FieldID>lb_0ListBox</FieldID>
    <Title>Call Type 1</Title>
    <DependentID>lb_1ListBox</DependentID>
    <X-Pos>1</X-Pos>
    <Y-Pos>93</Y-Pos>
    <Width>100</Width>
    <IsRequired>True</IsRequired>
    <IsManageable>True</IsManageable>
    <IsPostBack>False</IsPostBack>
    <Dependency>True</Dependency>
    <IsWrap>False</IsWrap>
    <PreWrap>
    </PreWrap>
    <PostWrap>
    </PostWrap>
    <PrevRef>
    </PrevRef>
    <DataSource>XML</DataSource>
    <LISTITEMS>
      <LISTITEM Id="1" value="" DependentOn="0" WrapNote="" OptionTooltip="" Template="">Billing</LISTITEM>
      <LISTITEM Id="2" value="" DependentOn="0" WrapNote="" OptionTooltip="" Template="">Network Related</LISTITEM>
    </LISTITEMS>
    <Tabindex>2</Tabindex>
  </ListBox>
  <ListBox>
    <Label>
      <Text>Call Type 2</Text>
    </Label>
    <ControlID>5</ControlID>
    <ControlType>Basic</ControlType>
    <FieldID>lb_1ListBox</FieldID>
    <Title>Call Type 2</Title>
    <DependentID>
    </DependentID>
    <X-Pos>252</X-Pos>
    <Y-Pos>96</Y-Pos>
    <Width>100</Width>
    <IsRequired>True</IsRequired>
    <IsManageable>True</IsManageable>
    <IsPostBack>False</IsPostBack>
    <Dependency>True</Dependency>
    <IsWrap>False</IsWrap>
    <PreWrap>
    </PreWrap>
    <PostWrap>
    </PostWrap>
    <PrevRef>lb_0ListBox</PrevRef>
    <DataSource>XML</DataSource>
    <LISTITEMS>
      <LISTITEM Id="1" value="" DependentOn="1" WrapNote="" OptionTooltip="" Template="">Copy Invoice</LISTITEM>
      <LISTITEM Id="2" value="" DependentOn="0" WrapNote="" OptionTooltip="" Template="">Bill Dispute</LISTITEM>
      <LISTITEM Id="3" value="" DependentOn="1" WrapNote="" OptionTooltip="" Template="">Bill Dispute</LISTITEM>
      <LISTITEM Id="4" value="" DependentOn="2" WrapNote="" OptionTooltip="" Template="">congestion</LISTITEM>
      <LISTITEM Id="5" value="" DependentOn="2" WrapNote="" OptionTooltip="" Template="">Outage</LISTITEM>
    </LISTITEMS>
    <Tabindex>3</Tabindex>
  </ListBox>
  <DataScript>
    <IsUpdated>True</IsUpdated>
    <Array>var Arraylb_0ListBox = new Array( 2 );
if (Arraylb_0ListBox[0] ==null) Arraylb_0ListBox[0] = new Array();
Arraylb_0ListBox[0][1]= new Array('Billing');
if (Arraylb_0ListBox[0][1].WN ==null) Arraylb_0ListBox[0][1].WN = '';
if (Arraylb_0ListBox[0][1].OT ==null) Arraylb_0ListBox[0][1].OT = '';
if (Arraylb_0ListBox[0][1].T ==null) Arraylb_0ListBox[0][1].T = '0';
if (Arraylb_0ListBox[0] ==null) Arraylb_0ListBox[0] = new Array();
Arraylb_0ListBox[0][2]= new Array('Network Related');
if (Arraylb_0ListBox[0][2].WN ==null) Arraylb_0ListBox[0][2].WN = '';
if (Arraylb_0ListBox[0][2].OT ==null) Arraylb_0ListBox[0][2].OT = '';
if (Arraylb_0ListBox[0][2].T ==null) Arraylb_0ListBox[0][2].T = '0';
var Arraylb_1ListBox = new Array( 5 );
if (Arraylb_1ListBox[1] ==null) Arraylb_1ListBox[1] = new Array();
Arraylb_1ListBox[1][1]= new Array('Copy Invoice');
if (Arraylb_1ListBox[1][1].WN ==null) Arraylb_1ListBox[1][1].WN = '';
if (Arraylb_1ListBox[1][1].OT ==null) Arraylb_1ListBox[1][1].OT = '';
if (Arraylb_1ListBox[1][1].T ==null) Arraylb_1ListBox[1][1].T = '0';
if (Arraylb_1ListBox[0] ==null) Arraylb_1ListBox[0] = new Array();
Arraylb_1ListBox[0][2]= new Array('Bill Dispute');
if (Arraylb_1ListBox[0][2].WN ==null) Arraylb_1ListBox[0][2].WN = '';
if (Arraylb_1ListBox[0][2].OT ==null) Arraylb_1ListBox[0][2].OT = '';
if (Arraylb_1ListBox[0][2].T ==null) Arraylb_1ListBox[0][2].T = '0';
if (Arraylb_1ListBox[1] ==null) Arraylb_1ListBox[1] = new Array();
Arraylb_1ListBox[1][3]= new Array('Bill Dispute');
if (Arraylb_1ListBox[1][3].WN ==null) Arraylb_1ListBox[1][3].WN = '';
if (Arraylb_1ListBox[1][3].OT ==null) Arraylb_1ListBox[1][3].OT = '';
if (Arraylb_1ListBox[1][3].T ==null) Arraylb_1ListBox[1][3].T = '0';
if (Arraylb_1ListBox[2] ==null) Arraylb_1ListBox[2] = new Array();
Arraylb_1ListBox[2][4]= new Array('congestion');
if (Arraylb_1ListBox[2][4].WN ==null) Arraylb_1ListBox[2][4].WN = '';
if (Arraylb_1ListBox[2][4].OT ==null) Arraylb_1ListBox[2][4].OT = '';
if (Arraylb_1ListBox[2][4].T ==null) Arraylb_1ListBox[2][4].T = '0';
if (Arraylb_1ListBox[2] ==null) Arraylb_1ListBox[2] = new Array();
Arraylb_1ListBox[2][5]= new Array('Outage');
if (Arraylb_1ListBox[2][5].WN ==null) Arraylb_1ListBox[2][5].WN = '';
if (Arraylb_1ListBox[2][5].OT ==null) Arraylb_1ListBox[2][5].OT = '';
if (Arraylb_1ListBox[2][5].T ==null) Arraylb_1ListBox[2][5].T = '0';
</Array>
  </DataScript>
</FORMS>