﻿<?xml version="1.0" encoding="utf-8"?>
<FORMS xmlns:xsi="http://www.w3.org/2001/XMLSchema-instance" FormID="22" VersionName="1.0">
  <DropDownList>
    <Label>
      <Text>A</Text>
    </Label>
    <ControlID>2</ControlID>
    <ControlType>Basic</ControlType>
    <FieldID>ddl_0DropDown</FieldID>
    <Title>A</Title>
    <DependentID>
    </DependentID>
    <X-Pos>0</X-Pos>
    <Y-Pos>0</Y-Pos>
    <Width>200</Width>
    <IsRequired>False</IsRequired>
    <IsManageable>True</IsManageable>
    <IsPostBack>False</IsPostBack>
    <Dependency>False</Dependency>
    <IsWrap>False</IsWrap>
    <PreWrap>
    </PreWrap>
    <PostWrap>
    </PostWrap>
    <PrevRef>
    </PrevRef>
    <IsQueryPattern>Contains</IsQueryPattern>
    <DataSource>XML</DataSource>
    <LISTITEMS>
    </LISTITEMS>
  </DropDownList>
  <ListBox>
    <Label>
      <Text>B</Text>
    </Label>
    <ControlID>5</ControlID>
    <ControlType>Basic</ControlType>
    <FieldID>lb_0ListBox</FieldID>
    <Title>B</Title>
    <DependentID>lb_1ListBox</DependentID>
    <X-Pos>1</X-Pos>
    <Y-Pos>69</Y-Pos>
    <Width>100</Width>
    <IsRequired>False</IsRequired>
    <IsManageable>True</IsManageable>
    <IsPostBack>False</IsPostBack>
    <Dependency>True</Dependency>
    <IsWrap>False</IsWrap>
    <PreWrap>
    </PreWrap>
    <PostWrap>
    </PostWrap>
    <PrevRef>
    </PrevRef>
    <DataSource>XML</DataSource>
    <LISTITEMS>
      <LISTITEM Id="1" value="" DependentOn="0" WrapNote="" OptionTooltip="" Template="">1</LISTITEM>
      <LISTITEM Id="2" value="" DependentOn="0" WrapNote="" OptionTooltip="" Template="">2</LISTITEM>
      <LISTITEM Id="3" value="" DependentOn="0" WrapNote="8" OptionTooltip="8" Template="">8</LISTITEM>
    </LISTITEMS>
  </ListBox>
  <ListBox>
    <Label>
      <Text>C</Text>
    </Label>
    <ControlID>5</ControlID>
    <ControlType>Basic</ControlType>
    <FieldID>lb_1ListBox</FieldID>
    <Title>C</Title>
    <DependentID>
    </DependentID>
    <X-Pos>236</X-Pos>
    <Y-Pos>70</Y-Pos>
    <Width>100</Width>
    <IsRequired>False</IsRequired>
    <IsManageable>True</IsManageable>
    <IsPostBack>False</IsPostBack>
    <Dependency>True</Dependency>
    <IsWrap>False</IsWrap>
    <PreWrap>
    </PreWrap>
    <PostWrap>
    </PostWrap>
    <PrevRef>lb_0ListBox</PrevRef>
    <DataSource>XML</DataSource>
    <LISTITEMS>
      <LISTITEM Id="1" value="" DependentOn="1" WrapNote="" OptionTooltip="" Template="">3</LISTITEM>
      <LISTITEM Id="2" value="" DependentOn="1" WrapNote="" OptionTooltip="" Template="">4</LISTITEM>
      <LISTITEM Id="3" value="" DependentOn="2" WrapNote="" OptionTooltip="" Template="">5</LISTITEM>
    </LISTITEMS>
  </ListBox>
  <DataScript>
    <IsUpdated>True</IsUpdated>
    <Array>var Arrayddl_0DropDown = new Array( 0 );
var Arraylb_0ListBox = new Array( 3 );
if (Arraylb_0ListBox[0] ==null) Arraylb_0ListBox[0] = new Array();
Arraylb_0ListBox[0][1]= new Array('1');
if (Arraylb_0ListBox[0][1].WN ==null) Arraylb_0ListBox[0][1].WN = '';
if (Arraylb_0ListBox[0][1].OT ==null) Arraylb_0ListBox[0][1].OT = '';
if (Arraylb_0ListBox[0][1].T ==null) Arraylb_0ListBox[0][1].T = '0';
if (Arraylb_0ListBox[0] ==null) Arraylb_0ListBox[0] = new Array();
Arraylb_0ListBox[0][2]= new Array('2');
if (Arraylb_0ListBox[0][2].WN ==null) Arraylb_0ListBox[0][2].WN = '';
if (Arraylb_0ListBox[0][2].OT ==null) Arraylb_0ListBox[0][2].OT = '';
if (Arraylb_0ListBox[0][2].T ==null) Arraylb_0ListBox[0][2].T = '0';
if (Arraylb_0ListBox[0] ==null) Arraylb_0ListBox[0] = new Array();
Arraylb_0ListBox[0][3]= new Array('8');
if (Arraylb_0ListBox[0][3].WN ==null) Arraylb_0ListBox[0][3].WN = '8';
if (Arraylb_0ListBox[0][3].OT ==null) Arraylb_0ListBox[0][3].OT = '8';
if (Arraylb_0ListBox[0][3].T ==null) Arraylb_0ListBox[0][3].T = '0';
var Arraylb_1ListBox = new Array( 3 );
if (Arraylb_1ListBox[1] ==null) Arraylb_1ListBox[1] = new Array();
Arraylb_1ListBox[1][1]= new Array('3');
if (Arraylb_1ListBox[1][1].WN ==null) Arraylb_1ListBox[1][1].WN = '';
if (Arraylb_1ListBox[1][1].OT ==null) Arraylb_1ListBox[1][1].OT = '';
if (Arraylb_1ListBox[1][1].T ==null) Arraylb_1ListBox[1][1].T = '0';
if (Arraylb_1ListBox[1] ==null) Arraylb_1ListBox[1] = new Array();
Arraylb_1ListBox[1][2]= new Array('4');
if (Arraylb_1ListBox[1][2].WN ==null) Arraylb_1ListBox[1][2].WN = '';
if (Arraylb_1ListBox[1][2].OT ==null) Arraylb_1ListBox[1][2].OT = '';
if (Arraylb_1ListBox[1][2].T ==null) Arraylb_1ListBox[1][2].T = '0';
if (Arraylb_1ListBox[2] ==null) Arraylb_1ListBox[2] = new Array();
Arraylb_1ListBox[2][3]= new Array('5');
if (Arraylb_1ListBox[2][3].WN ==null) Arraylb_1ListBox[2][3].WN = '';
if (Arraylb_1ListBox[2][3].OT ==null) Arraylb_1ListBox[2][3].OT = '';
if (Arraylb_1ListBox[2][3].T ==null) Arraylb_1ListBox[2][3].T = '0';
</Array>
  </DataScript>
</FORMS>