﻿<?xml version="1.0" encoding="utf-8"?>
<FORMS xmlns:xsi="http://www.w3.org/2001/XMLSchema-instance" FormID="61" VersionName="1.0">
  <TextBox>
    <Label>
      <Text>Name</Text>
    </Label>
    <ControlID>1</ControlID>
    <ControlType>Basic</ControlType>
    <FieldID>txt_0TextBox</FieldID>
    <Title>Name</Title>
    <X-Pos>10</X-Pos>
    <Y-Pos>10</Y-Pos>
    <Width>200</Width>
    <IsRequired>False</IsRequired>
    <IsPostBack>False</IsPostBack>
    <IsWrap>False</IsWrap>
    <PreWrap>
    </PreWrap>
    <PostWrap>
    </PostWrap>
    <TextMode>Singleline</TextMode>
    <IsType>Numeric</IsType>
    <MaxLength>20</MaxLength>
    <Dependency>
    </Dependency>
    <PrevRef>
    </PrevRef>
    <DependentID>
    </DependentID>
    <Tabindex>1</Tabindex>
    <Height>50</Height>
    <IsHide>False</IsHide>
  </TextBox>
  <ListBox>
    <Label>
      <Text>Call Type 1</Text>
    </Label>
    <ControlID>5</ControlID>
    <ControlType>Basic</ControlType>
    <FieldID>lb_0ListBox</FieldID>
    <Title>Call Type 1</Title>
    <DependentID>lb_1ListBox</DependentID>
    <X-Pos>10</X-Pos>
    <Y-Pos>80</Y-Pos>
    <Width>100</Width>
    <IsRequired>False</IsRequired>
    <IsManageable>True</IsManageable>
    <IsPostBack>False</IsPostBack>
    <Dependency>True</Dependency>
    <IsWrap>False</IsWrap>
    <PreWrap>
    </PreWrap>
    <PostWrap>
    </PostWrap>
    <PrevRef>
    </PrevRef>
    <DataSource>XML</DataSource>
    <LISTITEMS>
      <LISTITEM Id="1" value="" DependentOn="0" WrapNote="" OptionTooltip="" Template="">Account Administration</LISTITEM>
      <LISTITEM Id="2" value="" DependentOn="0" WrapNote="" OptionTooltip="" Template="">Billing &amp; Payments</LISTITEM>
      <LISTITEM Id="3" value="" DependentOn="0" WrapNote="" OptionTooltip="" Template="">Feedback or Complaint</LISTITEM>
      <LISTITEM Id="4" value="" DependentOn="0" WrapNote="" OptionTooltip="" Template="">Fixed Line</LISTITEM>
      <LISTITEM Id="5" value="" DependentOn="0" WrapNote="" OptionTooltip="" Template="">Information Request</LISTITEM>
      <LISTITEM Id="6" value="" DependentOn="0" WrapNote="" OptionTooltip="" Template="">My3</LISTITEM>
      <LISTITEM Id="7" value="" DependentOn="0" WrapNote="" OptionTooltip="" Template="">Three Portfolio</LISTITEM>
    </LISTITEMS>
    <Tabindex>2</Tabindex>
    <IsHide>False</IsHide>
  </ListBox>
  <ListBox>
    <Label>
      <Text>Call Type 2</Text>
    </Label>
    <ControlID>5</ControlID>
    <ControlType>Basic</ControlType>
    <FieldID>lb_1ListBox</FieldID>
    <Title>Call Type 2</Title>
    <DependentID>lb_2ListBox</DependentID>
    <X-Pos>236</X-Pos>
    <Y-Pos>80</Y-Pos>
    <Width>100</Width>
    <IsRequired>True</IsRequired>
    <IsManageable>True</IsManageable>
    <IsPostBack>False</IsPostBack>
    <Dependency>True</Dependency>
    <IsWrap>False</IsWrap>
    <PreWrap>
    </PreWrap>
    <PostWrap>
    </PostWrap>
    <PrevRef>lb_0ListBox</PrevRef>
    <DataSource>XML</DataSource>
    <LISTITEMS>
      <LISTITEM Id="1" value="" DependentOn="1" WrapNote="" OptionTooltip="" Template="">Account Manager Request</LISTITEM>
      <LISTITEM Id="2" value="" DependentOn="1" WrapNote="" OptionTooltip="" Template="">Change Ownership</LISTITEM>
      <LISTITEM Id="3" value="" DependentOn="1" WrapNote="" OptionTooltip="" Template="">Prepaid Blackberry</LISTITEM>
      <LISTITEM Id="4" value="" DependentOn="2" WrapNote="" OptionTooltip="" Template="">Collections Query</LISTITEM>
      <LISTITEM Id="5" value="" DependentOn="2" WrapNote="" OptionTooltip="" Template="">Copy Bill</LISTITEM>
      <LISTITEM Id="6" value="" DependentOn="2" WrapNote="" OptionTooltip="" Template="">Premium Services Query</LISTITEM>
      <LISTITEM Id="7" value="" DependentOn="3" WrapNote="" OptionTooltip="" Template="">IVR Issues</LISTITEM>
      <LISTITEM Id="8" value="" DependentOn="4" WrapNote="" OptionTooltip="" Template="">Fixed Line Query</LISTITEM>
      <LISTITEM Id="9" value="" DependentOn="5" WrapNote="" OptionTooltip="" Template="">Addendum</LISTITEM>
      <LISTITEM Id="10" value="" DependentOn="5" WrapNote="" OptionTooltip="" Template="">Block It</LISTITEM>
      <LISTITEM Id="11" value="" DependentOn="5" WrapNote="" OptionTooltip="" Template="">O2 Money Query</LISTITEM>
      <LISTITEM Id="12" value="" DependentOn="6" WrapNote="" OptionTooltip="" Template="">O2 App</LISTITEM>
      <LISTITEM Id="13" value="" DependentOn="7" WrapNote="" OptionTooltip="" Template="">Priority Moments</LISTITEM>
    </LISTITEMS>
    <Tabindex>3</Tabindex>
    <IsHide>False</IsHide>
  </ListBox>
  <ListBox>
    <Label>
      <Text>Outcome</Text>
    </Label>
    <ControlID>5</ControlID>
    <ControlType>Basic</ControlType>
    <FieldID>lb_2ListBox</FieldID>
    <Title>Outcome</Title>
    <DependentID>
    </DependentID>
    <X-Pos>462</X-Pos>
    <Y-Pos>80</Y-Pos>
    <Width>100</Width>
    <IsRequired>True</IsRequired>
    <IsManageable>True</IsManageable>
    <IsPostBack>False</IsPostBack>
    <Dependency>True</Dependency>
    <IsWrap>False</IsWrap>
    <PreWrap>
    </PreWrap>
    <PostWrap>
    </PostWrap>
    <PrevRef>lb_1ListBox</PrevRef>
    <DataSource>XML</DataSource>
    <LISTITEMS>
      <LISTITEM Id="1" value="" DependentOn="1" WrapNote="" OptionTooltip="" Template="">Deflected from  1913</LISTITEM>
      <LISTITEM Id="2" value="" DependentOn="1" WrapNote="" OptionTooltip="" Template="">Deflected from  RD</LISTITEM>
      <LISTITEM Id="3" value="" DependentOn="1" WrapNote="" OptionTooltip="" Template="">Deflected to SelfCare</LISTITEM>
      <LISTITEM Id="4" value="" DependentOn="1" WrapNote="" OptionTooltip="" Template="">No Action Required</LISTITEM>
      <LISTITEM Id="5" value="" DependentOn="1" WrapNote="" OptionTooltip="" Template="">Resolved</LISTITEM>
      <LISTITEM Id="6" value="" DependentOn="1" WrapNote="" OptionTooltip="" Template="">Unresolved</LISTITEM>
      <LISTITEM Id="7" value="" DependentOn="1" WrapNote="" OptionTooltip="" Template="">Unresolved - Email to EO</LISTITEM>
      <LISTITEM Id="8" value="" DependentOn="1" WrapNote="" OptionTooltip="" Template="">Unresolved - Email to RD</LISTITEM>
      <LISTITEM Id="9" value="" DependentOn="1" WrapNote="" OptionTooltip="" Template="">Unresolved - Email to SLS</LISTITEM>
      <LISTITEM Id="10" value="" DependentOn="2" WrapNote="" OptionTooltip="" Template="">Deflected from  1913</LISTITEM>
      <LISTITEM Id="11" value="" DependentOn="2" WrapNote="" OptionTooltip="" Template="">Deflected from  RD</LISTITEM>
      <LISTITEM Id="12" value="" DependentOn="2" WrapNote="" OptionTooltip="" Template="">Deflected to SelfCare</LISTITEM>
      <LISTITEM Id="13" value="" DependentOn="2" WrapNote="" OptionTooltip="" Template="">No Action Required</LISTITEM>
      <LISTITEM Id="14" value="" DependentOn="2" WrapNote="" OptionTooltip="" Template="">Resolved</LISTITEM>
      <LISTITEM Id="15" value="" DependentOn="2" WrapNote="" OptionTooltip="" Template="">Unresolved</LISTITEM>
      <LISTITEM Id="16" value="" DependentOn="2" WrapNote="" OptionTooltip="" Template="">Unresolved - Email to EO</LISTITEM>
      <LISTITEM Id="17" value="" DependentOn="2" WrapNote="" OptionTooltip="" Template="">Unresolved - Email to RD</LISTITEM>
      <LISTITEM Id="18" value="" DependentOn="2" WrapNote="" OptionTooltip="" Template="">Unresolved - Email to SLS</LISTITEM>
      <LISTITEM Id="19" value="" DependentOn="3" WrapNote="" OptionTooltip="" Template="">Deflected from  1913</LISTITEM>
      <LISTITEM Id="20" value="" DependentOn="3" WrapNote="" OptionTooltip="" Template="">Deflected from  RD</LISTITEM>
      <LISTITEM Id="21" value="" DependentOn="3" WrapNote="" OptionTooltip="" Template="">Deflected to SelfCare</LISTITEM>
      <LISTITEM Id="22" value="" DependentOn="3" WrapNote="" OptionTooltip="" Template="">No Action Required</LISTITEM>
      <LISTITEM Id="23" value="" DependentOn="3" WrapNote="" OptionTooltip="" Template="">Resolved</LISTITEM>
      <LISTITEM Id="24" value="" DependentOn="3" WrapNote="" OptionTooltip="" Template="">Unresolved</LISTITEM>
      <LISTITEM Id="25" value="" DependentOn="3" WrapNote="" OptionTooltip="" Template="">Unresolved - Email to EO</LISTITEM>
      <LISTITEM Id="26" value="" DependentOn="3" WrapNote="" OptionTooltip="" Template="">Unresolved - Email to RD</LISTITEM>
      <LISTITEM Id="27" value="" DependentOn="3" WrapNote="" OptionTooltip="" Template="">Unresolved - Email to SLS</LISTITEM>
      <LISTITEM Id="28" value="" DependentOn="4" WrapNote="" OptionTooltip="" Template="">Deflected from  1913</LISTITEM>
      <LISTITEM Id="29" value="" DependentOn="4" WrapNote="" OptionTooltip="" Template="">Deflected from  RD</LISTITEM>
      <LISTITEM Id="30" value="" DependentOn="4" WrapNote="" OptionTooltip="" Template="">Deflected to SelfCare</LISTITEM>
      <LISTITEM Id="31" value="" DependentOn="4" WrapNote="" OptionTooltip="" Template="">No Action Required</LISTITEM>
      <LISTITEM Id="32" value="" DependentOn="4" WrapNote="" OptionTooltip="" Template="">Resolved</LISTITEM>
      <LISTITEM Id="33" value="" DependentOn="4" WrapNote="" OptionTooltip="" Template="">Unresolved</LISTITEM>
      <LISTITEM Id="34" value="" DependentOn="4" WrapNote="" OptionTooltip="" Template="">Unresolved - Email to EO</LISTITEM>
      <LISTITEM Id="35" value="" DependentOn="4" WrapNote="" OptionTooltip="" Template="">Unresolved - Email to RD</LISTITEM>
      <LISTITEM Id="36" value="" DependentOn="4" WrapNote="" OptionTooltip="" Template="">Unresolved - Email to SLS</LISTITEM>
      <LISTITEM Id="37" value="" DependentOn="5" WrapNote="" OptionTooltip="" Template="">Deflected from  1913</LISTITEM>
      <LISTITEM Id="38" value="" DependentOn="5" WrapNote="" OptionTooltip="" Template="">Deflected from  RD</LISTITEM>
      <LISTITEM Id="39" value="" DependentOn="5" WrapNote="" OptionTooltip="" Template="">Deflected to SelfCare</LISTITEM>
      <LISTITEM Id="40" value="" DependentOn="5" WrapNote="" OptionTooltip="" Template="">No Action Required</LISTITEM>
      <LISTITEM Id="41" value="" DependentOn="5" WrapNote="" OptionTooltip="" Template="">Resolved</LISTITEM>
      <LISTITEM Id="42" value="" DependentOn="5" WrapNote="" OptionTooltip="" Template="">Unresolved</LISTITEM>
      <LISTITEM Id="43" value="" DependentOn="5" WrapNote="" OptionTooltip="" Template="">Unresolved - Email to EO</LISTITEM>
      <LISTITEM Id="44" value="" DependentOn="5" WrapNote="" OptionTooltip="" Template="">Unresolved - Email to RD</LISTITEM>
      <LISTITEM Id="45" value="" DependentOn="5" WrapNote="" OptionTooltip="" Template="">Unresolved - Email to SLS</LISTITEM>
      <LISTITEM Id="46" value="" DependentOn="6" WrapNote="" OptionTooltip="" Template="">Deflected from  1913</LISTITEM>
      <LISTITEM Id="47" value="" DependentOn="6" WrapNote="" OptionTooltip="" Template="">Deflected from  RD</LISTITEM>
      <LISTITEM Id="48" value="" DependentOn="6" WrapNote="" OptionTooltip="" Template="">Deflected to SelfCare</LISTITEM>
      <LISTITEM Id="49" value="" DependentOn="6" WrapNote="" OptionTooltip="" Template="">No Action Required</LISTITEM>
      <LISTITEM Id="50" value="" DependentOn="6" WrapNote="" OptionTooltip="" Template="">Resolved</LISTITEM>
      <LISTITEM Id="51" value="" DependentOn="6" WrapNote="" OptionTooltip="" Template="">Unresolved</LISTITEM>
      <LISTITEM Id="52" value="" DependentOn="6" WrapNote="" OptionTooltip="" Template="">Unresolved - Email to EO</LISTITEM>
      <LISTITEM Id="53" value="" DependentOn="6" WrapNote="" OptionTooltip="" Template="">Unresolved - Email to RD</LISTITEM>
      <LISTITEM Id="54" value="" DependentOn="6" WrapNote="" OptionTooltip="" Template="">Unresolved - Email to SLS</LISTITEM>
      <LISTITEM Id="55" value="" DependentOn="7" WrapNote="" OptionTooltip="" Template="">Deflected from  1913</LISTITEM>
      <LISTITEM Id="56" value="" DependentOn="7" WrapNote="" OptionTooltip="" Template="">Deflected from  RD</LISTITEM>
      <LISTITEM Id="57" value="" DependentOn="7" WrapNote="" OptionTooltip="" Template="">Deflected to SelfCare</LISTITEM>
      <LISTITEM Id="58" value="" DependentOn="7" WrapNote="" OptionTooltip="" Template="">No Action Required</LISTITEM>
      <LISTITEM Id="59" value="" DependentOn="7" WrapNote="" OptionTooltip="" Template="">Resolved</LISTITEM>
      <LISTITEM Id="60" value="" DependentOn="7" WrapNote="" OptionTooltip="" Template="">Unresolved</LISTITEM>
      <LISTITEM Id="61" value="" DependentOn="7" WrapNote="" OptionTooltip="" Template="">Unresolved - Email to EO</LISTITEM>
      <LISTITEM Id="62" value="" DependentOn="7" WrapNote="" OptionTooltip="" Template="">Unresolved - Email to RD</LISTITEM>
      <LISTITEM Id="63" value="" DependentOn="7" WrapNote="" OptionTooltip="" Template="">Unresolved - Email to SLS</LISTITEM>
      <LISTITEM Id="64" value="" DependentOn="8" WrapNote="" OptionTooltip="" Template="">Deflected from  1913</LISTITEM>
      <LISTITEM Id="65" value="" DependentOn="8" WrapNote="" OptionTooltip="" Template="">Deflected from  RD</LISTITEM>
      <LISTITEM Id="66" value="" DependentOn="8" WrapNote="" OptionTooltip="" Template="">Deflected to SelfCare</LISTITEM>
      <LISTITEM Id="67" value="" DependentOn="8" WrapNote="" OptionTooltip="" Template="">No Action Required</LISTITEM>
      <LISTITEM Id="68" value="" DependentOn="8" WrapNote="" OptionTooltip="" Template="">Resolved</LISTITEM>
      <LISTITEM Id="69" value="" DependentOn="8" WrapNote="" OptionTooltip="" Template="">Unresolved</LISTITEM>
      <LISTITEM Id="70" value="" DependentOn="8" WrapNote="" OptionTooltip="" Template="">Unresolved - Email to EO</LISTITEM>
      <LISTITEM Id="71" value="" DependentOn="8" WrapNote="" OptionTooltip="" Template="">Unresolved - Email to RD</LISTITEM>
      <LISTITEM Id="72" value="" DependentOn="8" WrapNote="" OptionTooltip="" Template="">Unresolved - Email to SLS</LISTITEM>
      <LISTITEM Id="73" value="" DependentOn="9" WrapNote="" OptionTooltip="" Template="">Deflected from  1913</LISTITEM>
      <LISTITEM Id="74" value="" DependentOn="9" WrapNote="" OptionTooltip="" Template="">Deflected from  RD</LISTITEM>
      <LISTITEM Id="75" value="" DependentOn="9" WrapNote="" OptionTooltip="" Template="">Deflected to SelfCare</LISTITEM>
      <LISTITEM Id="76" value="" DependentOn="9" WrapNote="" OptionTooltip="" Template="">No Action Required</LISTITEM>
      <LISTITEM Id="77" value="" DependentOn="9" WrapNote="" OptionTooltip="" Template="">Resolved</LISTITEM>
      <LISTITEM Id="78" value="" DependentOn="9" WrapNote="" OptionTooltip="" Template="">Unresolved</LISTITEM>
      <LISTITEM Id="79" value="" DependentOn="9" WrapNote="" OptionTooltip="" Template="">Unresolved - Email to EO</LISTITEM>
      <LISTITEM Id="80" value="" DependentOn="9" WrapNote="" OptionTooltip="" Template="">Unresolved - Email to RD</LISTITEM>
      <LISTITEM Id="81" value="" DependentOn="9" WrapNote="" OptionTooltip="" Template="">Unresolved - Email to SLS</LISTITEM>
      <LISTITEM Id="82" value="" DependentOn="10" WrapNote="" OptionTooltip="" Template="">Deflected from  1913</LISTITEM>
      <LISTITEM Id="83" value="" DependentOn="10" WrapNote="" OptionTooltip="" Template="">Deflected from  RD</LISTITEM>
      <LISTITEM Id="84" value="" DependentOn="10" WrapNote="" OptionTooltip="" Template="">Deflected to SelfCare</LISTITEM>
      <LISTITEM Id="85" value="" DependentOn="10" WrapNote="" OptionTooltip="" Template="">No Action Required</LISTITEM>
      <LISTITEM Id="86" value="" DependentOn="10" WrapNote="" OptionTooltip="" Template="">Resolved</LISTITEM>
      <LISTITEM Id="87" value="" DependentOn="10" WrapNote="" OptionTooltip="" Template="">Unresolved</LISTITEM>
      <LISTITEM Id="88" value="" DependentOn="10" WrapNote="" OptionTooltip="" Template="">Unresolved - Email to EO</LISTITEM>
      <LISTITEM Id="89" value="" DependentOn="10" WrapNote="" OptionTooltip="" Template="">Unresolved - Email to RD</LISTITEM>
      <LISTITEM Id="90" value="" DependentOn="10" WrapNote="" OptionTooltip="" Template="">Unresolved - Email to SLS</LISTITEM>
      <LISTITEM Id="91" value="" DependentOn="11" WrapNote="" OptionTooltip="" Template="">Deflected from  1913</LISTITEM>
      <LISTITEM Id="92" value="" DependentOn="11" WrapNote="" OptionTooltip="" Template="">Deflected from  RD</LISTITEM>
      <LISTITEM Id="93" value="" DependentOn="11" WrapNote="" OptionTooltip="" Template="">Deflected to SelfCare</LISTITEM>
      <LISTITEM Id="94" value="" DependentOn="11" WrapNote="" OptionTooltip="" Template="">No Action Required</LISTITEM>
      <LISTITEM Id="95" value="" DependentOn="11" WrapNote="" OptionTooltip="" Template="">Resolved</LISTITEM>
      <LISTITEM Id="96" value="" DependentOn="11" WrapNote="" OptionTooltip="" Template="">Unresolved</LISTITEM>
      <LISTITEM Id="97" value="" DependentOn="11" WrapNote="" OptionTooltip="" Template="">Unresolved - Email to EO</LISTITEM>
      <LISTITEM Id="98" value="" DependentOn="11" WrapNote="" OptionTooltip="" Template="">Unresolved - Email to RD</LISTITEM>
      <LISTITEM Id="99" value="" DependentOn="11" WrapNote="" OptionTooltip="" Template="">Unresolved - Email to SLS</LISTITEM>
      <LISTITEM Id="100" value="" DependentOn="12" WrapNote="" OptionTooltip="" Template="">Deflected from  1913</LISTITEM>
      <LISTITEM Id="101" value="" DependentOn="12" WrapNote="" OptionTooltip="" Template="">Deflected from  RD</LISTITEM>
      <LISTITEM Id="102" value="" DependentOn="12" WrapNote="" OptionTooltip="" Template="">Deflected to SelfCare</LISTITEM>
      <LISTITEM Id="103" value="" DependentOn="12" WrapNote="" OptionTooltip="" Template="">No Action Required</LISTITEM>
      <LISTITEM Id="104" value="" DependentOn="12" WrapNote="" OptionTooltip="" Template="">Resolved</LISTITEM>
      <LISTITEM Id="105" value="" DependentOn="12" WrapNote="" OptionTooltip="" Template="">Unresolved</LISTITEM>
      <LISTITEM Id="106" value="" DependentOn="12" WrapNote="" OptionTooltip="" Template="">Unresolved - Email to EO</LISTITEM>
      <LISTITEM Id="107" value="" DependentOn="12" WrapNote="" OptionTooltip="" Template="">Unresolved - Email to RD</LISTITEM>
      <LISTITEM Id="108" value="" DependentOn="12" WrapNote="" OptionTooltip="" Template="">Unresolved - Email to SLS</LISTITEM>
      <LISTITEM Id="109" value="" DependentOn="13" WrapNote="" OptionTooltip="" Template="">Deflected from  1913</LISTITEM>
      <LISTITEM Id="110" value="" DependentOn="13" WrapNote="" OptionTooltip="" Template="">Deflected from  RD</LISTITEM>
      <LISTITEM Id="111" value="" DependentOn="13" WrapNote="" OptionTooltip="" Template="">Deflected to SelfCare</LISTITEM>
      <LISTITEM Id="112" value="" DependentOn="13" WrapNote="" OptionTooltip="" Template="">No Action Required</LISTITEM>
      <LISTITEM Id="113" value="" DependentOn="13" WrapNote="" OptionTooltip="" Template="">Resolved</LISTITEM>
      <LISTITEM Id="114" value="" DependentOn="13" WrapNote="" OptionTooltip="" Template="">Unresolved</LISTITEM>
      <LISTITEM Id="115" value="" DependentOn="13" WrapNote="" OptionTooltip="" Template="">Unresolved - Email to EO</LISTITEM>
      <LISTITEM Id="116" value="" DependentOn="13" WrapNote="" OptionTooltip="" Template="">Unresolved - Email to RD</LISTITEM>
      <LISTITEM Id="117" value="" DependentOn="13" WrapNote="" OptionTooltip="" Template="">Unresolved - Email to SLS</LISTITEM>
    </LISTITEMS>
    <Tabindex>4</Tabindex>
    <IsHide>False</IsHide>
  </ListBox>
  <DataScript>
    <IsUpdated>True</IsUpdated>
    <Array>var Arraylb_0ListBox = new Array( 7 );
if (Arraylb_0ListBox[0] ==null) Arraylb_0ListBox[0] = new Array();
Arraylb_0ListBox[0][1]= new Array('Account Administration');
if (Arraylb_0ListBox[0][1].WN ==null) Arraylb_0ListBox[0][1].WN = '';
if (Arraylb_0ListBox[0][1].OT ==null) Arraylb_0ListBox[0][1].OT = '';
if (Arraylb_0ListBox[0][1].T ==null) Arraylb_0ListBox[0][1].T = '0';
if (Arraylb_0ListBox[0] ==null) Arraylb_0ListBox[0] = new Array();
Arraylb_0ListBox[0][2]= new Array('Billing &amp; Payments');
if (Arraylb_0ListBox[0][2].WN ==null) Arraylb_0ListBox[0][2].WN = '';
if (Arraylb_0ListBox[0][2].OT ==null) Arraylb_0ListBox[0][2].OT = '';
if (Arraylb_0ListBox[0][2].T ==null) Arraylb_0ListBox[0][2].T = '0';
if (Arraylb_0ListBox[0] ==null) Arraylb_0ListBox[0] = new Array();
Arraylb_0ListBox[0][3]= new Array('Feedback or Complaint');
if (Arraylb_0ListBox[0][3].WN ==null) Arraylb_0ListBox[0][3].WN = '';
if (Arraylb_0ListBox[0][3].OT ==null) Arraylb_0ListBox[0][3].OT = '';
if (Arraylb_0ListBox[0][3].T ==null) Arraylb_0ListBox[0][3].T = '0';
if (Arraylb_0ListBox[0] ==null) Arraylb_0ListBox[0] = new Array();
Arraylb_0ListBox[0][4]= new Array('Fixed Line');
if (Arraylb_0ListBox[0][4].WN ==null) Arraylb_0ListBox[0][4].WN = '';
if (Arraylb_0ListBox[0][4].OT ==null) Arraylb_0ListBox[0][4].OT = '';
if (Arraylb_0ListBox[0][4].T ==null) Arraylb_0ListBox[0][4].T = '0';
if (Arraylb_0ListBox[0] ==null) Arraylb_0ListBox[0] = new Array();
Arraylb_0ListBox[0][5]= new Array('Information Request');
if (Arraylb_0ListBox[0][5].WN ==null) Arraylb_0ListBox[0][5].WN = '';
if (Arraylb_0ListBox[0][5].OT ==null) Arraylb_0ListBox[0][5].OT = '';
if (Arraylb_0ListBox[0][5].T ==null) Arraylb_0ListBox[0][5].T = '0';
if (Arraylb_0ListBox[0] ==null) Arraylb_0ListBox[0] = new Array();
Arraylb_0ListBox[0][6]= new Array('My3');
if (Arraylb_0ListBox[0][6].WN ==null) Arraylb_0ListBox[0][6].WN = '';
if (Arraylb_0ListBox[0][6].OT ==null) Arraylb_0ListBox[0][6].OT = '';
if (Arraylb_0ListBox[0][6].T ==null) Arraylb_0ListBox[0][6].T = '0';
if (Arraylb_0ListBox[0] ==null) Arraylb_0ListBox[0] = new Array();
Arraylb_0ListBox[0][7]= new Array('Three Portfolio');
if (Arraylb_0ListBox[0][7].WN ==null) Arraylb_0ListBox[0][7].WN = '';
if (Arraylb_0ListBox[0][7].OT ==null) Arraylb_0ListBox[0][7].OT = '';
if (Arraylb_0ListBox[0][7].T ==null) Arraylb_0ListBox[0][7].T = '0';
var Arraylb_1ListBox = new Array( 13 );
if (Arraylb_1ListBox[1] ==null) Arraylb_1ListBox[1] = new Array();
Arraylb_1ListBox[1][1]= new Array('Account Manager Request');
if (Arraylb_1ListBox[1][1].WN ==null) Arraylb_1ListBox[1][1].WN = '';
if (Arraylb_1ListBox[1][1].OT ==null) Arraylb_1ListBox[1][1].OT = '';
if (Arraylb_1ListBox[1][1].T ==null) Arraylb_1ListBox[1][1].T = '0';
if (Arraylb_1ListBox[1] ==null) Arraylb_1ListBox[1] = new Array();
Arraylb_1ListBox[1][2]= new Array('Change Ownership');
if (Arraylb_1ListBox[1][2].WN ==null) Arraylb_1ListBox[1][2].WN = '';
if (Arraylb_1ListBox[1][2].OT ==null) Arraylb_1ListBox[1][2].OT = '';
if (Arraylb_1ListBox[1][2].T ==null) Arraylb_1ListBox[1][2].T = '0';
if (Arraylb_1ListBox[1] ==null) Arraylb_1ListBox[1] = new Array();
Arraylb_1ListBox[1][3]= new Array('Prepaid Blackberry');
if (Arraylb_1ListBox[1][3].WN ==null) Arraylb_1ListBox[1][3].WN = '';
if (Arraylb_1ListBox[1][3].OT ==null) Arraylb_1ListBox[1][3].OT = '';
if (Arraylb_1ListBox[1][3].T ==null) Arraylb_1ListBox[1][3].T = '0';
if (Arraylb_1ListBox[2] ==null) Arraylb_1ListBox[2] = new Array();
Arraylb_1ListBox[2][4]= new Array('Collections Query');
if (Arraylb_1ListBox[2][4].WN ==null) Arraylb_1ListBox[2][4].WN = '';
if (Arraylb_1ListBox[2][4].OT ==null) Arraylb_1ListBox[2][4].OT = '';
if (Arraylb_1ListBox[2][4].T ==null) Arraylb_1ListBox[2][4].T = '0';
if (Arraylb_1ListBox[2] ==null) Arraylb_1ListBox[2] = new Array();
Arraylb_1ListBox[2][5]= new Array('Copy Bill');
if (Arraylb_1ListBox[2][5].WN ==null) Arraylb_1ListBox[2][5].WN = '';
if (Arraylb_1ListBox[2][5].OT ==null) Arraylb_1ListBox[2][5].OT = '';
if (Arraylb_1ListBox[2][5].T ==null) Arraylb_1ListBox[2][5].T = '0';
if (Arraylb_1ListBox[2] ==null) Arraylb_1ListBox[2] = new Array();
Arraylb_1ListBox[2][6]= new Array('Premium Services Query');
if (Arraylb_1ListBox[2][6].WN ==null) Arraylb_1ListBox[2][6].WN = '';
if (Arraylb_1ListBox[2][6].OT ==null) Arraylb_1ListBox[2][6].OT = '';
if (Arraylb_1ListBox[2][6].T ==null) Arraylb_1ListBox[2][6].T = '0';
if (Arraylb_1ListBox[3] ==null) Arraylb_1ListBox[3] = new Array();
Arraylb_1ListBox[3][7]= new Array('IVR Issues');
if (Arraylb_1ListBox[3][7].WN ==null) Arraylb_1ListBox[3][7].WN = '';
if (Arraylb_1ListBox[3][7].OT ==null) Arraylb_1ListBox[3][7].OT = '';
if (Arraylb_1ListBox[3][7].T ==null) Arraylb_1ListBox[3][7].T = '0';
if (Arraylb_1ListBox[4] ==null) Arraylb_1ListBox[4] = new Array();
Arraylb_1ListBox[4][8]= new Array('Fixed Line Query');
if (Arraylb_1ListBox[4][8].WN ==null) Arraylb_1ListBox[4][8].WN = '';
if (Arraylb_1ListBox[4][8].OT ==null) Arraylb_1ListBox[4][8].OT = '';
if (Arraylb_1ListBox[4][8].T ==null) Arraylb_1ListBox[4][8].T = '0';
if (Arraylb_1ListBox[5] ==null) Arraylb_1ListBox[5] = new Array();
Arraylb_1ListBox[5][9]= new Array('Addendum');
if (Arraylb_1ListBox[5][9].WN ==null) Arraylb_1ListBox[5][9].WN = '';
if (Arraylb_1ListBox[5][9].OT ==null) Arraylb_1ListBox[5][9].OT = '';
if (Arraylb_1ListBox[5][9].T ==null) Arraylb_1ListBox[5][9].T = '0';
if (Arraylb_1ListBox[5] ==null) Arraylb_1ListBox[5] = new Array();
Arraylb_1ListBox[5][10]= new Array('Block It');
if (Arraylb_1ListBox[5][10].WN ==null) Arraylb_1ListBox[5][10].WN = '';
if (Arraylb_1ListBox[5][10].OT ==null) Arraylb_1ListBox[5][10].OT = '';
if (Arraylb_1ListBox[5][10].T ==null) Arraylb_1ListBox[5][10].T = '0';
if (Arraylb_1ListBox[5] ==null) Arraylb_1ListBox[5] = new Array();
Arraylb_1ListBox[5][11]= new Array('O2 Money Query');
if (Arraylb_1ListBox[5][11].WN ==null) Arraylb_1ListBox[5][11].WN = '';
if (Arraylb_1ListBox[5][11].OT ==null) Arraylb_1ListBox[5][11].OT = '';
if (Arraylb_1ListBox[5][11].T ==null) Arraylb_1ListBox[5][11].T = '0';
if (Arraylb_1ListBox[6] ==null) Arraylb_1ListBox[6] = new Array();
Arraylb_1ListBox[6][12]= new Array('O2 App');
if (Arraylb_1ListBox[6][12].WN ==null) Arraylb_1ListBox[6][12].WN = '';
if (Arraylb_1ListBox[6][12].OT ==null) Arraylb_1ListBox[6][12].OT = '';
if (Arraylb_1ListBox[6][12].T ==null) Arraylb_1ListBox[6][12].T = '0';
if (Arraylb_1ListBox[7] ==null) Arraylb_1ListBox[7] = new Array();
Arraylb_1ListBox[7][13]= new Array('Priority Moments');
if (Arraylb_1ListBox[7][13].WN ==null) Arraylb_1ListBox[7][13].WN = '';
if (Arraylb_1ListBox[7][13].OT ==null) Arraylb_1ListBox[7][13].OT = '';
if (Arraylb_1ListBox[7][13].T ==null) Arraylb_1ListBox[7][13].T = '0';
var Arraylb_2ListBox = new Array( 117 );
if (Arraylb_2ListBox[1] ==null) Arraylb_2ListBox[1] = new Array();
Arraylb_2ListBox[1][1]= new Array('Deflected from  1913');
if (Arraylb_2ListBox[1][1].WN ==null) Arraylb_2ListBox[1][1].WN = '';
if (Arraylb_2ListBox[1][1].OT ==null) Arraylb_2ListBox[1][1].OT = '';
if (Arraylb_2ListBox[1][1].T ==null) Arraylb_2ListBox[1][1].T = '0';
if (Arraylb_2ListBox[1] ==null) Arraylb_2ListBox[1] = new Array();
Arraylb_2ListBox[1][2]= new Array('Deflected from  RD');
if (Arraylb_2ListBox[1][2].WN ==null) Arraylb_2ListBox[1][2].WN = '';
if (Arraylb_2ListBox[1][2].OT ==null) Arraylb_2ListBox[1][2].OT = '';
if (Arraylb_2ListBox[1][2].T ==null) Arraylb_2ListBox[1][2].T = '0';
if (Arraylb_2ListBox[1] ==null) Arraylb_2ListBox[1] = new Array();
Arraylb_2ListBox[1][3]= new Array('Deflected to SelfCare');
if (Arraylb_2ListBox[1][3].WN ==null) Arraylb_2ListBox[1][3].WN = '';
if (Arraylb_2ListBox[1][3].OT ==null) Arraylb_2ListBox[1][3].OT = '';
if (Arraylb_2ListBox[1][3].T ==null) Arraylb_2ListBox[1][3].T = '0';
if (Arraylb_2ListBox[1] ==null) Arraylb_2ListBox[1] = new Array();
Arraylb_2ListBox[1][4]= new Array('No Action Required');
if (Arraylb_2ListBox[1][4].WN ==null) Arraylb_2ListBox[1][4].WN = '';
if (Arraylb_2ListBox[1][4].OT ==null) Arraylb_2ListBox[1][4].OT = '';
if (Arraylb_2ListBox[1][4].T ==null) Arraylb_2ListBox[1][4].T = '0';
if (Arraylb_2ListBox[1] ==null) Arraylb_2ListBox[1] = new Array();
Arraylb_2ListBox[1][5]= new Array('Resolved');
if (Arraylb_2ListBox[1][5].WN ==null) Arraylb_2ListBox[1][5].WN = '';
if (Arraylb_2ListBox[1][5].OT ==null) Arraylb_2ListBox[1][5].OT = '';
if (Arraylb_2ListBox[1][5].T ==null) Arraylb_2ListBox[1][5].T = '0';
if (Arraylb_2ListBox[1] ==null) Arraylb_2ListBox[1] = new Array();
Arraylb_2ListBox[1][6]= new Array('Unresolved');
if (Arraylb_2ListBox[1][6].WN ==null) Arraylb_2ListBox[1][6].WN = '';
if (Arraylb_2ListBox[1][6].OT ==null) Arraylb_2ListBox[1][6].OT = '';
if (Arraylb_2ListBox[1][6].T ==null) Arraylb_2ListBox[1][6].T = '0';
if (Arraylb_2ListBox[1] ==null) Arraylb_2ListBox[1] = new Array();
Arraylb_2ListBox[1][7]= new Array('Unresolved - Email to EO');
if (Arraylb_2ListBox[1][7].WN ==null) Arraylb_2ListBox[1][7].WN = '';
if (Arraylb_2ListBox[1][7].OT ==null) Arraylb_2ListBox[1][7].OT = '';
if (Arraylb_2ListBox[1][7].T ==null) Arraylb_2ListBox[1][7].T = '0';
if (Arraylb_2ListBox[1] ==null) Arraylb_2ListBox[1] = new Array();
Arraylb_2ListBox[1][8]= new Array('Unresolved - Email to RD');
if (Arraylb_2ListBox[1][8].WN ==null) Arraylb_2ListBox[1][8].WN = '';
if (Arraylb_2ListBox[1][8].OT ==null) Arraylb_2ListBox[1][8].OT = '';
if (Arraylb_2ListBox[1][8].T ==null) Arraylb_2ListBox[1][8].T = '0';
if (Arraylb_2ListBox[1] ==null) Arraylb_2ListBox[1] = new Array();
Arraylb_2ListBox[1][9]= new Array('Unresolved - Email to SLS');
if (Arraylb_2ListBox[1][9].WN ==null) Arraylb_2ListBox[1][9].WN = '';
if (Arraylb_2ListBox[1][9].OT ==null) Arraylb_2ListBox[1][9].OT = '';
if (Arraylb_2ListBox[1][9].T ==null) Arraylb_2ListBox[1][9].T = '0';
if (Arraylb_2ListBox[2] ==null) Arraylb_2ListBox[2] = new Array();
Arraylb_2ListBox[2][10]= new Array('Deflected from  1913');
if (Arraylb_2ListBox[2][10].WN ==null) Arraylb_2ListBox[2][10].WN = '';
if (Arraylb_2ListBox[2][10].OT ==null) Arraylb_2ListBox[2][10].OT = '';
if (Arraylb_2ListBox[2][10].T ==null) Arraylb_2ListBox[2][10].T = '0';
if (Arraylb_2ListBox[2] ==null) Arraylb_2ListBox[2] = new Array();
Arraylb_2ListBox[2][11]= new Array('Deflected from  RD');
if (Arraylb_2ListBox[2][11].WN ==null) Arraylb_2ListBox[2][11].WN = '';
if (Arraylb_2ListBox[2][11].OT ==null) Arraylb_2ListBox[2][11].OT = '';
if (Arraylb_2ListBox[2][11].T ==null) Arraylb_2ListBox[2][11].T = '0';
if (Arraylb_2ListBox[2] ==null) Arraylb_2ListBox[2] = new Array();
Arraylb_2ListBox[2][12]= new Array('Deflected to SelfCare');
if (Arraylb_2ListBox[2][12].WN ==null) Arraylb_2ListBox[2][12].WN = '';
if (Arraylb_2ListBox[2][12].OT ==null) Arraylb_2ListBox[2][12].OT = '';
if (Arraylb_2ListBox[2][12].T ==null) Arraylb_2ListBox[2][12].T = '0';
if (Arraylb_2ListBox[2] ==null) Arraylb_2ListBox[2] = new Array();
Arraylb_2ListBox[2][13]= new Array('No Action Required');
if (Arraylb_2ListBox[2][13].WN ==null) Arraylb_2ListBox[2][13].WN = '';
if (Arraylb_2ListBox[2][13].OT ==null) Arraylb_2ListBox[2][13].OT = '';
if (Arraylb_2ListBox[2][13].T ==null) Arraylb_2ListBox[2][13].T = '0';
if (Arraylb_2ListBox[2] ==null) Arraylb_2ListBox[2] = new Array();
Arraylb_2ListBox[2][14]= new Array('Resolved');
if (Arraylb_2ListBox[2][14].WN ==null) Arraylb_2ListBox[2][14].WN = '';
if (Arraylb_2ListBox[2][14].OT ==null) Arraylb_2ListBox[2][14].OT = '';
if (Arraylb_2ListBox[2][14].T ==null) Arraylb_2ListBox[2][14].T = '0';
if (Arraylb_2ListBox[2] ==null) Arraylb_2ListBox[2] = new Array();
Arraylb_2ListBox[2][15]= new Array('Unresolved');
if (Arraylb_2ListBox[2][15].WN ==null) Arraylb_2ListBox[2][15].WN = '';
if (Arraylb_2ListBox[2][15].OT ==null) Arraylb_2ListBox[2][15].OT = '';
if (Arraylb_2ListBox[2][15].T ==null) Arraylb_2ListBox[2][15].T = '0';
if (Arraylb_2ListBox[2] ==null) Arraylb_2ListBox[2] = new Array();
Arraylb_2ListBox[2][16]= new Array('Unresolved - Email to EO');
if (Arraylb_2ListBox[2][16].WN ==null) Arraylb_2ListBox[2][16].WN = '';
if (Arraylb_2ListBox[2][16].OT ==null) Arraylb_2ListBox[2][16].OT = '';
if (Arraylb_2ListBox[2][16].T ==null) Arraylb_2ListBox[2][16].T = '0';
if (Arraylb_2ListBox[2] ==null) Arraylb_2ListBox[2] = new Array();
Arraylb_2ListBox[2][17]= new Array('Unresolved - Email to RD');
if (Arraylb_2ListBox[2][17].WN ==null) Arraylb_2ListBox[2][17].WN = '';
if (Arraylb_2ListBox[2][17].OT ==null) Arraylb_2ListBox[2][17].OT = '';
if (Arraylb_2ListBox[2][17].T ==null) Arraylb_2ListBox[2][17].T = '0';
if (Arraylb_2ListBox[2] ==null) Arraylb_2ListBox[2] = new Array();
Arraylb_2ListBox[2][18]= new Array('Unresolved - Email to SLS');
if (Arraylb_2ListBox[2][18].WN ==null) Arraylb_2ListBox[2][18].WN = '';
if (Arraylb_2ListBox[2][18].OT ==null) Arraylb_2ListBox[2][18].OT = '';
if (Arraylb_2ListBox[2][18].T ==null) Arraylb_2ListBox[2][18].T = '0';
if (Arraylb_2ListBox[3] ==null) Arraylb_2ListBox[3] = new Array();
Arraylb_2ListBox[3][19]= new Array('Deflected from  1913');
if (Arraylb_2ListBox[3][19].WN ==null) Arraylb_2ListBox[3][19].WN = '';
if (Arraylb_2ListBox[3][19].OT ==null) Arraylb_2ListBox[3][19].OT = '';
if (Arraylb_2ListBox[3][19].T ==null) Arraylb_2ListBox[3][19].T = '0';
if (Arraylb_2ListBox[3] ==null) Arraylb_2ListBox[3] = new Array();
Arraylb_2ListBox[3][20]= new Array('Deflected from  RD');
if (Arraylb_2ListBox[3][20].WN ==null) Arraylb_2ListBox[3][20].WN = '';
if (Arraylb_2ListBox[3][20].OT ==null) Arraylb_2ListBox[3][20].OT = '';
if (Arraylb_2ListBox[3][20].T ==null) Arraylb_2ListBox[3][20].T = '0';
if (Arraylb_2ListBox[3] ==null) Arraylb_2ListBox[3] = new Array();
Arraylb_2ListBox[3][21]= new Array('Deflected to SelfCare');
if (Arraylb_2ListBox[3][21].WN ==null) Arraylb_2ListBox[3][21].WN = '';
if (Arraylb_2ListBox[3][21].OT ==null) Arraylb_2ListBox[3][21].OT = '';
if (Arraylb_2ListBox[3][21].T ==null) Arraylb_2ListBox[3][21].T = '0';
if (Arraylb_2ListBox[3] ==null) Arraylb_2ListBox[3] = new Array();
Arraylb_2ListBox[3][22]= new Array('No Action Required');
if (Arraylb_2ListBox[3][22].WN ==null) Arraylb_2ListBox[3][22].WN = '';
if (Arraylb_2ListBox[3][22].OT ==null) Arraylb_2ListBox[3][22].OT = '';
if (Arraylb_2ListBox[3][22].T ==null) Arraylb_2ListBox[3][22].T = '0';
if (Arraylb_2ListBox[3] ==null) Arraylb_2ListBox[3] = new Array();
Arraylb_2ListBox[3][23]= new Array('Resolved');
if (Arraylb_2ListBox[3][23].WN ==null) Arraylb_2ListBox[3][23].WN = '';
if (Arraylb_2ListBox[3][23].OT ==null) Arraylb_2ListBox[3][23].OT = '';
if (Arraylb_2ListBox[3][23].T ==null) Arraylb_2ListBox[3][23].T = '0';
if (Arraylb_2ListBox[3] ==null) Arraylb_2ListBox[3] = new Array();
Arraylb_2ListBox[3][24]= new Array('Unresolved');
if (Arraylb_2ListBox[3][24].WN ==null) Arraylb_2ListBox[3][24].WN = '';
if (Arraylb_2ListBox[3][24].OT ==null) Arraylb_2ListBox[3][24].OT = '';
if (Arraylb_2ListBox[3][24].T ==null) Arraylb_2ListBox[3][24].T = '0';
if (Arraylb_2ListBox[3] ==null) Arraylb_2ListBox[3] = new Array();
Arraylb_2ListBox[3][25]= new Array('Unresolved - Email to EO');
if (Arraylb_2ListBox[3][25].WN ==null) Arraylb_2ListBox[3][25].WN = '';
if (Arraylb_2ListBox[3][25].OT ==null) Arraylb_2ListBox[3][25].OT = '';
if (Arraylb_2ListBox[3][25].T ==null) Arraylb_2ListBox[3][25].T = '0';
if (Arraylb_2ListBox[3] ==null) Arraylb_2ListBox[3] = new Array();
Arraylb_2ListBox[3][26]= new Array('Unresolved - Email to RD');
if (Arraylb_2ListBox[3][26].WN ==null) Arraylb_2ListBox[3][26].WN = '';
if (Arraylb_2ListBox[3][26].OT ==null) Arraylb_2ListBox[3][26].OT = '';
if (Arraylb_2ListBox[3][26].T ==null) Arraylb_2ListBox[3][26].T = '0';
if (Arraylb_2ListBox[3] ==null) Arraylb_2ListBox[3] = new Array();
Arraylb_2ListBox[3][27]= new Array('Unresolved - Email to SLS');
if (Arraylb_2ListBox[3][27].WN ==null) Arraylb_2ListBox[3][27].WN = '';
if (Arraylb_2ListBox[3][27].OT ==null) Arraylb_2ListBox[3][27].OT = '';
if (Arraylb_2ListBox[3][27].T ==null) Arraylb_2ListBox[3][27].T = '0';
if (Arraylb_2ListBox[4] ==null) Arraylb_2ListBox[4] = new Array();
Arraylb_2ListBox[4][28]= new Array('Deflected from  1913');
if (Arraylb_2ListBox[4][28].WN ==null) Arraylb_2ListBox[4][28].WN = '';
if (Arraylb_2ListBox[4][28].OT ==null) Arraylb_2ListBox[4][28].OT = '';
if (Arraylb_2ListBox[4][28].T ==null) Arraylb_2ListBox[4][28].T = '0';
if (Arraylb_2ListBox[4] ==null) Arraylb_2ListBox[4] = new Array();
Arraylb_2ListBox[4][29]= new Array('Deflected from  RD');
if (Arraylb_2ListBox[4][29].WN ==null) Arraylb_2ListBox[4][29].WN = '';
if (Arraylb_2ListBox[4][29].OT ==null) Arraylb_2ListBox[4][29].OT = '';
if (Arraylb_2ListBox[4][29].T ==null) Arraylb_2ListBox[4][29].T = '0';
if (Arraylb_2ListBox[4] ==null) Arraylb_2ListBox[4] = new Array();
Arraylb_2ListBox[4][30]= new Array('Deflected to SelfCare');
if (Arraylb_2ListBox[4][30].WN ==null) Arraylb_2ListBox[4][30].WN = '';
if (Arraylb_2ListBox[4][30].OT ==null) Arraylb_2ListBox[4][30].OT = '';
if (Arraylb_2ListBox[4][30].T ==null) Arraylb_2ListBox[4][30].T = '0';
if (Arraylb_2ListBox[4] ==null) Arraylb_2ListBox[4] = new Array();
Arraylb_2ListBox[4][31]= new Array('No Action Required');
if (Arraylb_2ListBox[4][31].WN ==null) Arraylb_2ListBox[4][31].WN = '';
if (Arraylb_2ListBox[4][31].OT ==null) Arraylb_2ListBox[4][31].OT = '';
if (Arraylb_2ListBox[4][31].T ==null) Arraylb_2ListBox[4][31].T = '0';
if (Arraylb_2ListBox[4] ==null) Arraylb_2ListBox[4] = new Array();
Arraylb_2ListBox[4][32]= new Array('Resolved');
if (Arraylb_2ListBox[4][32].WN ==null) Arraylb_2ListBox[4][32].WN = '';
if (Arraylb_2ListBox[4][32].OT ==null) Arraylb_2ListBox[4][32].OT = '';
if (Arraylb_2ListBox[4][32].T ==null) Arraylb_2ListBox[4][32].T = '0';
if (Arraylb_2ListBox[4] ==null) Arraylb_2ListBox[4] = new Array();
Arraylb_2ListBox[4][33]= new Array('Unresolved');
if (Arraylb_2ListBox[4][33].WN ==null) Arraylb_2ListBox[4][33].WN = '';
if (Arraylb_2ListBox[4][33].OT ==null) Arraylb_2ListBox[4][33].OT = '';
if (Arraylb_2ListBox[4][33].T ==null) Arraylb_2ListBox[4][33].T = '0';
if (Arraylb_2ListBox[4] ==null) Arraylb_2ListBox[4] = new Array();
Arraylb_2ListBox[4][34]= new Array('Unresolved - Email to EO');
if (Arraylb_2ListBox[4][34].WN ==null) Arraylb_2ListBox[4][34].WN = '';
if (Arraylb_2ListBox[4][34].OT ==null) Arraylb_2ListBox[4][34].OT = '';
if (Arraylb_2ListBox[4][34].T ==null) Arraylb_2ListBox[4][34].T = '0';
if (Arraylb_2ListBox[4] ==null) Arraylb_2ListBox[4] = new Array();
Arraylb_2ListBox[4][35]= new Array('Unresolved - Email to RD');
if (Arraylb_2ListBox[4][35].WN ==null) Arraylb_2ListBox[4][35].WN = '';
if (Arraylb_2ListBox[4][35].OT ==null) Arraylb_2ListBox[4][35].OT = '';
if (Arraylb_2ListBox[4][35].T ==null) Arraylb_2ListBox[4][35].T = '0';
if (Arraylb_2ListBox[4] ==null) Arraylb_2ListBox[4] = new Array();
Arraylb_2ListBox[4][36]= new Array('Unresolved - Email to SLS');
if (Arraylb_2ListBox[4][36].WN ==null) Arraylb_2ListBox[4][36].WN = '';
if (Arraylb_2ListBox[4][36].OT ==null) Arraylb_2ListBox[4][36].OT = '';
if (Arraylb_2ListBox[4][36].T ==null) Arraylb_2ListBox[4][36].T = '0';
if (Arraylb_2ListBox[5] ==null) Arraylb_2ListBox[5] = new Array();
Arraylb_2ListBox[5][37]= new Array('Deflected from  1913');
if (Arraylb_2ListBox[5][37].WN ==null) Arraylb_2ListBox[5][37].WN = '';
if (Arraylb_2ListBox[5][37].OT ==null) Arraylb_2ListBox[5][37].OT = '';
if (Arraylb_2ListBox[5][37].T ==null) Arraylb_2ListBox[5][37].T = '0';
if (Arraylb_2ListBox[5] ==null) Arraylb_2ListBox[5] = new Array();
Arraylb_2ListBox[5][38]= new Array('Deflected from  RD');
if (Arraylb_2ListBox[5][38].WN ==null) Arraylb_2ListBox[5][38].WN = '';
if (Arraylb_2ListBox[5][38].OT ==null) Arraylb_2ListBox[5][38].OT = '';
if (Arraylb_2ListBox[5][38].T ==null) Arraylb_2ListBox[5][38].T = '0';
if (Arraylb_2ListBox[5] ==null) Arraylb_2ListBox[5] = new Array();
Arraylb_2ListBox[5][39]= new Array('Deflected to SelfCare');
if (Arraylb_2ListBox[5][39].WN ==null) Arraylb_2ListBox[5][39].WN = '';
if (Arraylb_2ListBox[5][39].OT ==null) Arraylb_2ListBox[5][39].OT = '';
if (Arraylb_2ListBox[5][39].T ==null) Arraylb_2ListBox[5][39].T = '0';
if (Arraylb_2ListBox[5] ==null) Arraylb_2ListBox[5] = new Array();
Arraylb_2ListBox[5][40]= new Array('No Action Required');
if (Arraylb_2ListBox[5][40].WN ==null) Arraylb_2ListBox[5][40].WN = '';
if (Arraylb_2ListBox[5][40].OT ==null) Arraylb_2ListBox[5][40].OT = '';
if (Arraylb_2ListBox[5][40].T ==null) Arraylb_2ListBox[5][40].T = '0';
if (Arraylb_2ListBox[5] ==null) Arraylb_2ListBox[5] = new Array();
Arraylb_2ListBox[5][41]= new Array('Resolved');
if (Arraylb_2ListBox[5][41].WN ==null) Arraylb_2ListBox[5][41].WN = '';
if (Arraylb_2ListBox[5][41].OT ==null) Arraylb_2ListBox[5][41].OT = '';
if (Arraylb_2ListBox[5][41].T ==null) Arraylb_2ListBox[5][41].T = '0';
if (Arraylb_2ListBox[5] ==null) Arraylb_2ListBox[5] = new Array();
Arraylb_2ListBox[5][42]= new Array('Unresolved');
if (Arraylb_2ListBox[5][42].WN ==null) Arraylb_2ListBox[5][42].WN = '';
if (Arraylb_2ListBox[5][42].OT ==null) Arraylb_2ListBox[5][42].OT = '';
if (Arraylb_2ListBox[5][42].T ==null) Arraylb_2ListBox[5][42].T = '0';
if (Arraylb_2ListBox[5] ==null) Arraylb_2ListBox[5] = new Array();
Arraylb_2ListBox[5][43]= new Array('Unresolved - Email to EO');
if (Arraylb_2ListBox[5][43].WN ==null) Arraylb_2ListBox[5][43].WN = '';
if (Arraylb_2ListBox[5][43].OT ==null) Arraylb_2ListBox[5][43].OT = '';
if (Arraylb_2ListBox[5][43].T ==null) Arraylb_2ListBox[5][43].T = '0';
if (Arraylb_2ListBox[5] ==null) Arraylb_2ListBox[5] = new Array();
Arraylb_2ListBox[5][44]= new Array('Unresolved - Email to RD');
if (Arraylb_2ListBox[5][44].WN ==null) Arraylb_2ListBox[5][44].WN = '';
if (Arraylb_2ListBox[5][44].OT ==null) Arraylb_2ListBox[5][44].OT = '';
if (Arraylb_2ListBox[5][44].T ==null) Arraylb_2ListBox[5][44].T = '0';
if (Arraylb_2ListBox[5] ==null) Arraylb_2ListBox[5] = new Array();
Arraylb_2ListBox[5][45]= new Array('Unresolved - Email to SLS');
if (Arraylb_2ListBox[5][45].WN ==null) Arraylb_2ListBox[5][45].WN = '';
if (Arraylb_2ListBox[5][45].OT ==null) Arraylb_2ListBox[5][45].OT = '';
if (Arraylb_2ListBox[5][45].T ==null) Arraylb_2ListBox[5][45].T = '0';
if (Arraylb_2ListBox[6] ==null) Arraylb_2ListBox[6] = new Array();
Arraylb_2ListBox[6][46]= new Array('Deflected from  1913');
if (Arraylb_2ListBox[6][46].WN ==null) Arraylb_2ListBox[6][46].WN = '';
if (Arraylb_2ListBox[6][46].OT ==null) Arraylb_2ListBox[6][46].OT = '';
if (Arraylb_2ListBox[6][46].T ==null) Arraylb_2ListBox[6][46].T = '0';
if (Arraylb_2ListBox[6] ==null) Arraylb_2ListBox[6] = new Array();
Arraylb_2ListBox[6][47]= new Array('Deflected from  RD');
if (Arraylb_2ListBox[6][47].WN ==null) Arraylb_2ListBox[6][47].WN = '';
if (Arraylb_2ListBox[6][47].OT ==null) Arraylb_2ListBox[6][47].OT = '';
if (Arraylb_2ListBox[6][47].T ==null) Arraylb_2ListBox[6][47].T = '0';
if (Arraylb_2ListBox[6] ==null) Arraylb_2ListBox[6] = new Array();
Arraylb_2ListBox[6][48]= new Array('Deflected to SelfCare');
if (Arraylb_2ListBox[6][48].WN ==null) Arraylb_2ListBox[6][48].WN = '';
if (Arraylb_2ListBox[6][48].OT ==null) Arraylb_2ListBox[6][48].OT = '';
if (Arraylb_2ListBox[6][48].T ==null) Arraylb_2ListBox[6][48].T = '0';
if (Arraylb_2ListBox[6] ==null) Arraylb_2ListBox[6] = new Array();
Arraylb_2ListBox[6][49]= new Array('No Action Required');
if (Arraylb_2ListBox[6][49].WN ==null) Arraylb_2ListBox[6][49].WN = '';
if (Arraylb_2ListBox[6][49].OT ==null) Arraylb_2ListBox[6][49].OT = '';
if (Arraylb_2ListBox[6][49].T ==null) Arraylb_2ListBox[6][49].T = '0';
if (Arraylb_2ListBox[6] ==null) Arraylb_2ListBox[6] = new Array();
Arraylb_2ListBox[6][50]= new Array('Resolved');
if (Arraylb_2ListBox[6][50].WN ==null) Arraylb_2ListBox[6][50].WN = '';
if (Arraylb_2ListBox[6][50].OT ==null) Arraylb_2ListBox[6][50].OT = '';
if (Arraylb_2ListBox[6][50].T ==null) Arraylb_2ListBox[6][50].T = '0';
if (Arraylb_2ListBox[6] ==null) Arraylb_2ListBox[6] = new Array();
Arraylb_2ListBox[6][51]= new Array('Unresolved');
if (Arraylb_2ListBox[6][51].WN ==null) Arraylb_2ListBox[6][51].WN = '';
if (Arraylb_2ListBox[6][51].OT ==null) Arraylb_2ListBox[6][51].OT = '';
if (Arraylb_2ListBox[6][51].T ==null) Arraylb_2ListBox[6][51].T = '0';
if (Arraylb_2ListBox[6] ==null) Arraylb_2ListBox[6] = new Array();
Arraylb_2ListBox[6][52]= new Array('Unresolved - Email to EO');
if (Arraylb_2ListBox[6][52].WN ==null) Arraylb_2ListBox[6][52].WN = '';
if (Arraylb_2ListBox[6][52].OT ==null) Arraylb_2ListBox[6][52].OT = '';
if (Arraylb_2ListBox[6][52].T ==null) Arraylb_2ListBox[6][52].T = '0';
if (Arraylb_2ListBox[6] ==null) Arraylb_2ListBox[6] = new Array();
Arraylb_2ListBox[6][53]= new Array('Unresolved - Email to RD');
if (Arraylb_2ListBox[6][53].WN ==null) Arraylb_2ListBox[6][53].WN = '';
if (Arraylb_2ListBox[6][53].OT ==null) Arraylb_2ListBox[6][53].OT = '';
if (Arraylb_2ListBox[6][53].T ==null) Arraylb_2ListBox[6][53].T = '0';
if (Arraylb_2ListBox[6] ==null) Arraylb_2ListBox[6] = new Array();
Arraylb_2ListBox[6][54]= new Array('Unresolved - Email to SLS');
if (Arraylb_2ListBox[6][54].WN ==null) Arraylb_2ListBox[6][54].WN = '';
if (Arraylb_2ListBox[6][54].OT ==null) Arraylb_2ListBox[6][54].OT = '';
if (Arraylb_2ListBox[6][54].T ==null) Arraylb_2ListBox[6][54].T = '0';
if (Arraylb_2ListBox[7] ==null) Arraylb_2ListBox[7] = new Array();
Arraylb_2ListBox[7][55]= new Array('Deflected from  1913');
if (Arraylb_2ListBox[7][55].WN ==null) Arraylb_2ListBox[7][55].WN = '';
if (Arraylb_2ListBox[7][55].OT ==null) Arraylb_2ListBox[7][55].OT = '';
if (Arraylb_2ListBox[7][55].T ==null) Arraylb_2ListBox[7][55].T = '0';
if (Arraylb_2ListBox[7] ==null) Arraylb_2ListBox[7] = new Array();
Arraylb_2ListBox[7][56]= new Array('Deflected from  RD');
if (Arraylb_2ListBox[7][56].WN ==null) Arraylb_2ListBox[7][56].WN = '';
if (Arraylb_2ListBox[7][56].OT ==null) Arraylb_2ListBox[7][56].OT = '';
if (Arraylb_2ListBox[7][56].T ==null) Arraylb_2ListBox[7][56].T = '0';
if (Arraylb_2ListBox[7] ==null) Arraylb_2ListBox[7] = new Array();
Arraylb_2ListBox[7][57]= new Array('Deflected to SelfCare');
if (Arraylb_2ListBox[7][57].WN ==null) Arraylb_2ListBox[7][57].WN = '';
if (Arraylb_2ListBox[7][57].OT ==null) Arraylb_2ListBox[7][57].OT = '';
if (Arraylb_2ListBox[7][57].T ==null) Arraylb_2ListBox[7][57].T = '0';
if (Arraylb_2ListBox[7] ==null) Arraylb_2ListBox[7] = new Array();
Arraylb_2ListBox[7][58]= new Array('No Action Required');
if (Arraylb_2ListBox[7][58].WN ==null) Arraylb_2ListBox[7][58].WN = '';
if (Arraylb_2ListBox[7][58].OT ==null) Arraylb_2ListBox[7][58].OT = '';
if (Arraylb_2ListBox[7][58].T ==null) Arraylb_2ListBox[7][58].T = '0';
if (Arraylb_2ListBox[7] ==null) Arraylb_2ListBox[7] = new Array();
Arraylb_2ListBox[7][59]= new Array('Resolved');
if (Arraylb_2ListBox[7][59].WN ==null) Arraylb_2ListBox[7][59].WN = '';
if (Arraylb_2ListBox[7][59].OT ==null) Arraylb_2ListBox[7][59].OT = '';
if (Arraylb_2ListBox[7][59].T ==null) Arraylb_2ListBox[7][59].T = '0';
if (Arraylb_2ListBox[7] ==null) Arraylb_2ListBox[7] = new Array();
Arraylb_2ListBox[7][60]= new Array('Unresolved');
if (Arraylb_2ListBox[7][60].WN ==null) Arraylb_2ListBox[7][60].WN = '';
if (Arraylb_2ListBox[7][60].OT ==null) Arraylb_2ListBox[7][60].OT = '';
if (Arraylb_2ListBox[7][60].T ==null) Arraylb_2ListBox[7][60].T = '0';
if (Arraylb_2ListBox[7] ==null) Arraylb_2ListBox[7] = new Array();
Arraylb_2ListBox[7][61]= new Array('Unresolved - Email to EO');
if (Arraylb_2ListBox[7][61].WN ==null) Arraylb_2ListBox[7][61].WN = '';
if (Arraylb_2ListBox[7][61].OT ==null) Arraylb_2ListBox[7][61].OT = '';
if (Arraylb_2ListBox[7][61].T ==null) Arraylb_2ListBox[7][61].T = '0';
if (Arraylb_2ListBox[7] ==null) Arraylb_2ListBox[7] = new Array();
Arraylb_2ListBox[7][62]= new Array('Unresolved - Email to RD');
if (Arraylb_2ListBox[7][62].WN ==null) Arraylb_2ListBox[7][62].WN = '';
if (Arraylb_2ListBox[7][62].OT ==null) Arraylb_2ListBox[7][62].OT = '';
if (Arraylb_2ListBox[7][62].T ==null) Arraylb_2ListBox[7][62].T = '0';
if (Arraylb_2ListBox[7] ==null) Arraylb_2ListBox[7] = new Array();
Arraylb_2ListBox[7][63]= new Array('Unresolved - Email to SLS');
if (Arraylb_2ListBox[7][63].WN ==null) Arraylb_2ListBox[7][63].WN = '';
if (Arraylb_2ListBox[7][63].OT ==null) Arraylb_2ListBox[7][63].OT = '';
if (Arraylb_2ListBox[7][63].T ==null) Arraylb_2ListBox[7][63].T = '0';
if (Arraylb_2ListBox[8] ==null) Arraylb_2ListBox[8] = new Array();
Arraylb_2ListBox[8][64]= new Array('Deflected from  1913');
if (Arraylb_2ListBox[8][64].WN ==null) Arraylb_2ListBox[8][64].WN = '';
if (Arraylb_2ListBox[8][64].OT ==null) Arraylb_2ListBox[8][64].OT = '';
if (Arraylb_2ListBox[8][64].T ==null) Arraylb_2ListBox[8][64].T = '0';
if (Arraylb_2ListBox[8] ==null) Arraylb_2ListBox[8] = new Array();
Arraylb_2ListBox[8][65]= new Array('Deflected from  RD');
if (Arraylb_2ListBox[8][65].WN ==null) Arraylb_2ListBox[8][65].WN = '';
if (Arraylb_2ListBox[8][65].OT ==null) Arraylb_2ListBox[8][65].OT = '';
if (Arraylb_2ListBox[8][65].T ==null) Arraylb_2ListBox[8][65].T = '0';
if (Arraylb_2ListBox[8] ==null) Arraylb_2ListBox[8] = new Array();
Arraylb_2ListBox[8][66]= new Array('Deflected to SelfCare');
if (Arraylb_2ListBox[8][66].WN ==null) Arraylb_2ListBox[8][66].WN = '';
if (Arraylb_2ListBox[8][66].OT ==null) Arraylb_2ListBox[8][66].OT = '';
if (Arraylb_2ListBox[8][66].T ==null) Arraylb_2ListBox[8][66].T = '0';
if (Arraylb_2ListBox[8] ==null) Arraylb_2ListBox[8] = new Array();
Arraylb_2ListBox[8][67]= new Array('No Action Required');
if (Arraylb_2ListBox[8][67].WN ==null) Arraylb_2ListBox[8][67].WN = '';
if (Arraylb_2ListBox[8][67].OT ==null) Arraylb_2ListBox[8][67].OT = '';
if (Arraylb_2ListBox[8][67].T ==null) Arraylb_2ListBox[8][67].T = '0';
if (Arraylb_2ListBox[8] ==null) Arraylb_2ListBox[8] = new Array();
Arraylb_2ListBox[8][68]= new Array('Resolved');
if (Arraylb_2ListBox[8][68].WN ==null) Arraylb_2ListBox[8][68].WN = '';
if (Arraylb_2ListBox[8][68].OT ==null) Arraylb_2ListBox[8][68].OT = '';
if (Arraylb_2ListBox[8][68].T ==null) Arraylb_2ListBox[8][68].T = '0';
if (Arraylb_2ListBox[8] ==null) Arraylb_2ListBox[8] = new Array();
Arraylb_2ListBox[8][69]= new Array('Unresolved');
if (Arraylb_2ListBox[8][69].WN ==null) Arraylb_2ListBox[8][69].WN = '';
if (Arraylb_2ListBox[8][69].OT ==null) Arraylb_2ListBox[8][69].OT = '';
if (Arraylb_2ListBox[8][69].T ==null) Arraylb_2ListBox[8][69].T = '0';
if (Arraylb_2ListBox[8] ==null) Arraylb_2ListBox[8] = new Array();
Arraylb_2ListBox[8][70]= new Array('Unresolved - Email to EO');
if (Arraylb_2ListBox[8][70].WN ==null) Arraylb_2ListBox[8][70].WN = '';
if (Arraylb_2ListBox[8][70].OT ==null) Arraylb_2ListBox[8][70].OT = '';
if (Arraylb_2ListBox[8][70].T ==null) Arraylb_2ListBox[8][70].T = '0';
if (Arraylb_2ListBox[8] ==null) Arraylb_2ListBox[8] = new Array();
Arraylb_2ListBox[8][71]= new Array('Unresolved - Email to RD');
if (Arraylb_2ListBox[8][71].WN ==null) Arraylb_2ListBox[8][71].WN = '';
if (Arraylb_2ListBox[8][71].OT ==null) Arraylb_2ListBox[8][71].OT = '';
if (Arraylb_2ListBox[8][71].T ==null) Arraylb_2ListBox[8][71].T = '0';
if (Arraylb_2ListBox[8] ==null) Arraylb_2ListBox[8] = new Array();
Arraylb_2ListBox[8][72]= new Array('Unresolved - Email to SLS');
if (Arraylb_2ListBox[8][72].WN ==null) Arraylb_2ListBox[8][72].WN = '';
if (Arraylb_2ListBox[8][72].OT ==null) Arraylb_2ListBox[8][72].OT = '';
if (Arraylb_2ListBox[8][72].T ==null) Arraylb_2ListBox[8][72].T = '0';
if (Arraylb_2ListBox[9] ==null) Arraylb_2ListBox[9] = new Array();
Arraylb_2ListBox[9][73]= new Array('Deflected from  1913');
if (Arraylb_2ListBox[9][73].WN ==null) Arraylb_2ListBox[9][73].WN = '';
if (Arraylb_2ListBox[9][73].OT ==null) Arraylb_2ListBox[9][73].OT = '';
if (Arraylb_2ListBox[9][73].T ==null) Arraylb_2ListBox[9][73].T = '0';
if (Arraylb_2ListBox[9] ==null) Arraylb_2ListBox[9] = new Array();
Arraylb_2ListBox[9][74]= new Array('Deflected from  RD');
if (Arraylb_2ListBox[9][74].WN ==null) Arraylb_2ListBox[9][74].WN = '';
if (Arraylb_2ListBox[9][74].OT ==null) Arraylb_2ListBox[9][74].OT = '';
if (Arraylb_2ListBox[9][74].T ==null) Arraylb_2ListBox[9][74].T = '0';
if (Arraylb_2ListBox[9] ==null) Arraylb_2ListBox[9] = new Array();
Arraylb_2ListBox[9][75]= new Array('Deflected to SelfCare');
if (Arraylb_2ListBox[9][75].WN ==null) Arraylb_2ListBox[9][75].WN = '';
if (Arraylb_2ListBox[9][75].OT ==null) Arraylb_2ListBox[9][75].OT = '';
if (Arraylb_2ListBox[9][75].T ==null) Arraylb_2ListBox[9][75].T = '0';
if (Arraylb_2ListBox[9] ==null) Arraylb_2ListBox[9] = new Array();
Arraylb_2ListBox[9][76]= new Array('No Action Required');
if (Arraylb_2ListBox[9][76].WN ==null) Arraylb_2ListBox[9][76].WN = '';
if (Arraylb_2ListBox[9][76].OT ==null) Arraylb_2ListBox[9][76].OT = '';
if (Arraylb_2ListBox[9][76].T ==null) Arraylb_2ListBox[9][76].T = '0';
if (Arraylb_2ListBox[9] ==null) Arraylb_2ListBox[9] = new Array();
Arraylb_2ListBox[9][77]= new Array('Resolved');
if (Arraylb_2ListBox[9][77].WN ==null) Arraylb_2ListBox[9][77].WN = '';
if (Arraylb_2ListBox[9][77].OT ==null) Arraylb_2ListBox[9][77].OT = '';
if (Arraylb_2ListBox[9][77].T ==null) Arraylb_2ListBox[9][77].T = '0';
if (Arraylb_2ListBox[9] ==null) Arraylb_2ListBox[9] = new Array();
Arraylb_2ListBox[9][78]= new Array('Unresolved');
if (Arraylb_2ListBox[9][78].WN ==null) Arraylb_2ListBox[9][78].WN = '';
if (Arraylb_2ListBox[9][78].OT ==null) Arraylb_2ListBox[9][78].OT = '';
if (Arraylb_2ListBox[9][78].T ==null) Arraylb_2ListBox[9][78].T = '0';
if (Arraylb_2ListBox[9] ==null) Arraylb_2ListBox[9] = new Array();
Arraylb_2ListBox[9][79]= new Array('Unresolved - Email to EO');
if (Arraylb_2ListBox[9][79].WN ==null) Arraylb_2ListBox[9][79].WN = '';
if (Arraylb_2ListBox[9][79].OT ==null) Arraylb_2ListBox[9][79].OT = '';
if (Arraylb_2ListBox[9][79].T ==null) Arraylb_2ListBox[9][79].T = '0';
if (Arraylb_2ListBox[9] ==null) Arraylb_2ListBox[9] = new Array();
Arraylb_2ListBox[9][80]= new Array('Unresolved - Email to RD');
if (Arraylb_2ListBox[9][80].WN ==null) Arraylb_2ListBox[9][80].WN = '';
if (Arraylb_2ListBox[9][80].OT ==null) Arraylb_2ListBox[9][80].OT = '';
if (Arraylb_2ListBox[9][80].T ==null) Arraylb_2ListBox[9][80].T = '0';
if (Arraylb_2ListBox[9] ==null) Arraylb_2ListBox[9] = new Array();
Arraylb_2ListBox[9][81]= new Array('Unresolved - Email to SLS');
if (Arraylb_2ListBox[9][81].WN ==null) Arraylb_2ListBox[9][81].WN = '';
if (Arraylb_2ListBox[9][81].OT ==null) Arraylb_2ListBox[9][81].OT = '';
if (Arraylb_2ListBox[9][81].T ==null) Arraylb_2ListBox[9][81].T = '0';
if (Arraylb_2ListBox[10] ==null) Arraylb_2ListBox[10] = new Array();
Arraylb_2ListBox[10][82]= new Array('Deflected from  1913');
if (Arraylb_2ListBox[10][82].WN ==null) Arraylb_2ListBox[10][82].WN = '';
if (Arraylb_2ListBox[10][82].OT ==null) Arraylb_2ListBox[10][82].OT = '';
if (Arraylb_2ListBox[10][82].T ==null) Arraylb_2ListBox[10][82].T = '0';
if (Arraylb_2ListBox[10] ==null) Arraylb_2ListBox[10] = new Array();
Arraylb_2ListBox[10][83]= new Array('Deflected from  RD');
if (Arraylb_2ListBox[10][83].WN ==null) Arraylb_2ListBox[10][83].WN = '';
if (Arraylb_2ListBox[10][83].OT ==null) Arraylb_2ListBox[10][83].OT = '';
if (Arraylb_2ListBox[10][83].T ==null) Arraylb_2ListBox[10][83].T = '0';
if (Arraylb_2ListBox[10] ==null) Arraylb_2ListBox[10] = new Array();
Arraylb_2ListBox[10][84]= new Array('Deflected to SelfCare');
if (Arraylb_2ListBox[10][84].WN ==null) Arraylb_2ListBox[10][84].WN = '';
if (Arraylb_2ListBox[10][84].OT ==null) Arraylb_2ListBox[10][84].OT = '';
if (Arraylb_2ListBox[10][84].T ==null) Arraylb_2ListBox[10][84].T = '0';
if (Arraylb_2ListBox[10] ==null) Arraylb_2ListBox[10] = new Array();
Arraylb_2ListBox[10][85]= new Array('No Action Required');
if (Arraylb_2ListBox[10][85].WN ==null) Arraylb_2ListBox[10][85].WN = '';
if (Arraylb_2ListBox[10][85].OT ==null) Arraylb_2ListBox[10][85].OT = '';
if (Arraylb_2ListBox[10][85].T ==null) Arraylb_2ListBox[10][85].T = '0';
if (Arraylb_2ListBox[10] ==null) Arraylb_2ListBox[10] = new Array();
Arraylb_2ListBox[10][86]= new Array('Resolved');
if (Arraylb_2ListBox[10][86].WN ==null) Arraylb_2ListBox[10][86].WN = '';
if (Arraylb_2ListBox[10][86].OT ==null) Arraylb_2ListBox[10][86].OT = '';
if (Arraylb_2ListBox[10][86].T ==null) Arraylb_2ListBox[10][86].T = '0';
if (Arraylb_2ListBox[10] ==null) Arraylb_2ListBox[10] = new Array();
Arraylb_2ListBox[10][87]= new Array('Unresolved');
if (Arraylb_2ListBox[10][87].WN ==null) Arraylb_2ListBox[10][87].WN = '';
if (Arraylb_2ListBox[10][87].OT ==null) Arraylb_2ListBox[10][87].OT = '';
if (Arraylb_2ListBox[10][87].T ==null) Arraylb_2ListBox[10][87].T = '0';
if (Arraylb_2ListBox[10] ==null) Arraylb_2ListBox[10] = new Array();
Arraylb_2ListBox[10][88]= new Array('Unresolved - Email to EO');
if (Arraylb_2ListBox[10][88].WN ==null) Arraylb_2ListBox[10][88].WN = '';
if (Arraylb_2ListBox[10][88].OT ==null) Arraylb_2ListBox[10][88].OT = '';
if (Arraylb_2ListBox[10][88].T ==null) Arraylb_2ListBox[10][88].T = '0';
if (Arraylb_2ListBox[10] ==null) Arraylb_2ListBox[10] = new Array();
Arraylb_2ListBox[10][89]= new Array('Unresolved - Email to RD');
if (Arraylb_2ListBox[10][89].WN ==null) Arraylb_2ListBox[10][89].WN = '';
if (Arraylb_2ListBox[10][89].OT ==null) Arraylb_2ListBox[10][89].OT = '';
if (Arraylb_2ListBox[10][89].T ==null) Arraylb_2ListBox[10][89].T = '0';
if (Arraylb_2ListBox[10] ==null) Arraylb_2ListBox[10] = new Array();
Arraylb_2ListBox[10][90]= new Array('Unresolved - Email to SLS');
if (Arraylb_2ListBox[10][90].WN ==null) Arraylb_2ListBox[10][90].WN = '';
if (Arraylb_2ListBox[10][90].OT ==null) Arraylb_2ListBox[10][90].OT = '';
if (Arraylb_2ListBox[10][90].T ==null) Arraylb_2ListBox[10][90].T = '0';
if (Arraylb_2ListBox[11] ==null) Arraylb_2ListBox[11] = new Array();
Arraylb_2ListBox[11][91]= new Array('Deflected from  1913');
if (Arraylb_2ListBox[11][91].WN ==null) Arraylb_2ListBox[11][91].WN = '';
if (Arraylb_2ListBox[11][91].OT ==null) Arraylb_2ListBox[11][91].OT = '';
if (Arraylb_2ListBox[11][91].T ==null) Arraylb_2ListBox[11][91].T = '0';
if (Arraylb_2ListBox[11] ==null) Arraylb_2ListBox[11] = new Array();
Arraylb_2ListBox[11][92]= new Array('Deflected from  RD');
if (Arraylb_2ListBox[11][92].WN ==null) Arraylb_2ListBox[11][92].WN = '';
if (Arraylb_2ListBox[11][92].OT ==null) Arraylb_2ListBox[11][92].OT = '';
if (Arraylb_2ListBox[11][92].T ==null) Arraylb_2ListBox[11][92].T = '0';
if (Arraylb_2ListBox[11] ==null) Arraylb_2ListBox[11] = new Array();
Arraylb_2ListBox[11][93]= new Array('Deflected to SelfCare');
if (Arraylb_2ListBox[11][93].WN ==null) Arraylb_2ListBox[11][93].WN = '';
if (Arraylb_2ListBox[11][93].OT ==null) Arraylb_2ListBox[11][93].OT = '';
if (Arraylb_2ListBox[11][93].T ==null) Arraylb_2ListBox[11][93].T = '0';
if (Arraylb_2ListBox[11] ==null) Arraylb_2ListBox[11] = new Array();
Arraylb_2ListBox[11][94]= new Array('No Action Required');
if (Arraylb_2ListBox[11][94].WN ==null) Arraylb_2ListBox[11][94].WN = '';
if (Arraylb_2ListBox[11][94].OT ==null) Arraylb_2ListBox[11][94].OT = '';
if (Arraylb_2ListBox[11][94].T ==null) Arraylb_2ListBox[11][94].T = '0';
if (Arraylb_2ListBox[11] ==null) Arraylb_2ListBox[11] = new Array();
Arraylb_2ListBox[11][95]= new Array('Resolved');
if (Arraylb_2ListBox[11][95].WN ==null) Arraylb_2ListBox[11][95].WN = '';
if (Arraylb_2ListBox[11][95].OT ==null) Arraylb_2ListBox[11][95].OT = '';
if (Arraylb_2ListBox[11][95].T ==null) Arraylb_2ListBox[11][95].T = '0';
if (Arraylb_2ListBox[11] ==null) Arraylb_2ListBox[11] = new Array();
Arraylb_2ListBox[11][96]= new Array('Unresolved');
if (Arraylb_2ListBox[11][96].WN ==null) Arraylb_2ListBox[11][96].WN = '';
if (Arraylb_2ListBox[11][96].OT ==null) Arraylb_2ListBox[11][96].OT = '';
if (Arraylb_2ListBox[11][96].T ==null) Arraylb_2ListBox[11][96].T = '0';
if (Arraylb_2ListBox[11] ==null) Arraylb_2ListBox[11] = new Array();
Arraylb_2ListBox[11][97]= new Array('Unresolved - Email to EO');
if (Arraylb_2ListBox[11][97].WN ==null) Arraylb_2ListBox[11][97].WN = '';
if (Arraylb_2ListBox[11][97].OT ==null) Arraylb_2ListBox[11][97].OT = '';
if (Arraylb_2ListBox[11][97].T ==null) Arraylb_2ListBox[11][97].T = '0';
if (Arraylb_2ListBox[11] ==null) Arraylb_2ListBox[11] = new Array();
Arraylb_2ListBox[11][98]= new Array('Unresolved - Email to RD');
if (Arraylb_2ListBox[11][98].WN ==null) Arraylb_2ListBox[11][98].WN = '';
if (Arraylb_2ListBox[11][98].OT ==null) Arraylb_2ListBox[11][98].OT = '';
if (Arraylb_2ListBox[11][98].T ==null) Arraylb_2ListBox[11][98].T = '0';
if (Arraylb_2ListBox[11] ==null) Arraylb_2ListBox[11] = new Array();
Arraylb_2ListBox[11][99]= new Array('Unresolved - Email to SLS');
if (Arraylb_2ListBox[11][99].WN ==null) Arraylb_2ListBox[11][99].WN = '';
if (Arraylb_2ListBox[11][99].OT ==null) Arraylb_2ListBox[11][99].OT = '';
if (Arraylb_2ListBox[11][99].T ==null) Arraylb_2ListBox[11][99].T = '0';
if (Arraylb_2ListBox[12] ==null) Arraylb_2ListBox[12] = new Array();
Arraylb_2ListBox[12][100]= new Array('Deflected from  1913');
if (Arraylb_2ListBox[12][100].WN ==null) Arraylb_2ListBox[12][100].WN = '';
if (Arraylb_2ListBox[12][100].OT ==null) Arraylb_2ListBox[12][100].OT = '';
if (Arraylb_2ListBox[12][100].T ==null) Arraylb_2ListBox[12][100].T = '0';
if (Arraylb_2ListBox[12] ==null) Arraylb_2ListBox[12] = new Array();
Arraylb_2ListBox[12][101]= new Array('Deflected from  RD');
if (Arraylb_2ListBox[12][101].WN ==null) Arraylb_2ListBox[12][101].WN = '';
if (Arraylb_2ListBox[12][101].OT ==null) Arraylb_2ListBox[12][101].OT = '';
if (Arraylb_2ListBox[12][101].T ==null) Arraylb_2ListBox[12][101].T = '0';
if (Arraylb_2ListBox[12] ==null) Arraylb_2ListBox[12] = new Array();
Arraylb_2ListBox[12][102]= new Array('Deflected to SelfCare');
if (Arraylb_2ListBox[12][102].WN ==null) Arraylb_2ListBox[12][102].WN = '';
if (Arraylb_2ListBox[12][102].OT ==null) Arraylb_2ListBox[12][102].OT = '';
if (Arraylb_2ListBox[12][102].T ==null) Arraylb_2ListBox[12][102].T = '0';
if (Arraylb_2ListBox[12] ==null) Arraylb_2ListBox[12] = new Array();
Arraylb_2ListBox[12][103]= new Array('No Action Required');
if (Arraylb_2ListBox[12][103].WN ==null) Arraylb_2ListBox[12][103].WN = '';
if (Arraylb_2ListBox[12][103].OT ==null) Arraylb_2ListBox[12][103].OT = '';
if (Arraylb_2ListBox[12][103].T ==null) Arraylb_2ListBox[12][103].T = '0';
if (Arraylb_2ListBox[12] ==null) Arraylb_2ListBox[12] = new Array();
Arraylb_2ListBox[12][104]= new Array('Resolved');
if (Arraylb_2ListBox[12][104].WN ==null) Arraylb_2ListBox[12][104].WN = '';
if (Arraylb_2ListBox[12][104].OT ==null) Arraylb_2ListBox[12][104].OT = '';
if (Arraylb_2ListBox[12][104].T ==null) Arraylb_2ListBox[12][104].T = '0';
if (Arraylb_2ListBox[12] ==null) Arraylb_2ListBox[12] = new Array();
Arraylb_2ListBox[12][105]= new Array('Unresolved');
if (Arraylb_2ListBox[12][105].WN ==null) Arraylb_2ListBox[12][105].WN = '';
if (Arraylb_2ListBox[12][105].OT ==null) Arraylb_2ListBox[12][105].OT = '';
if (Arraylb_2ListBox[12][105].T ==null) Arraylb_2ListBox[12][105].T = '0';
if (Arraylb_2ListBox[12] ==null) Arraylb_2ListBox[12] = new Array();
Arraylb_2ListBox[12][106]= new Array('Unresolved - Email to EO');
if (Arraylb_2ListBox[12][106].WN ==null) Arraylb_2ListBox[12][106].WN = '';
if (Arraylb_2ListBox[12][106].OT ==null) Arraylb_2ListBox[12][106].OT = '';
if (Arraylb_2ListBox[12][106].T ==null) Arraylb_2ListBox[12][106].T = '0';
if (Arraylb_2ListBox[12] ==null) Arraylb_2ListBox[12] = new Array();
Arraylb_2ListBox[12][107]= new Array('Unresolved - Email to RD');
if (Arraylb_2ListBox[12][107].WN ==null) Arraylb_2ListBox[12][107].WN = '';
if (Arraylb_2ListBox[12][107].OT ==null) Arraylb_2ListBox[12][107].OT = '';
if (Arraylb_2ListBox[12][107].T ==null) Arraylb_2ListBox[12][107].T = '0';
if (Arraylb_2ListBox[12] ==null) Arraylb_2ListBox[12] = new Array();
Arraylb_2ListBox[12][108]= new Array('Unresolved - Email to SLS');
if (Arraylb_2ListBox[12][108].WN ==null) Arraylb_2ListBox[12][108].WN = '';
if (Arraylb_2ListBox[12][108].OT ==null) Arraylb_2ListBox[12][108].OT = '';
if (Arraylb_2ListBox[12][108].T ==null) Arraylb_2ListBox[12][108].T = '0';
if (Arraylb_2ListBox[13] ==null) Arraylb_2ListBox[13] = new Array();
Arraylb_2ListBox[13][109]= new Array('Deflected from  1913');
if (Arraylb_2ListBox[13][109].WN ==null) Arraylb_2ListBox[13][109].WN = '';
if (Arraylb_2ListBox[13][109].OT ==null) Arraylb_2ListBox[13][109].OT = '';
if (Arraylb_2ListBox[13][109].T ==null) Arraylb_2ListBox[13][109].T = '0';
if (Arraylb_2ListBox[13] ==null) Arraylb_2ListBox[13] = new Array();
Arraylb_2ListBox[13][110]= new Array('Deflected from  RD');
if (Arraylb_2ListBox[13][110].WN ==null) Arraylb_2ListBox[13][110].WN = '';
if (Arraylb_2ListBox[13][110].OT ==null) Arraylb_2ListBox[13][110].OT = '';
if (Arraylb_2ListBox[13][110].T ==null) Arraylb_2ListBox[13][110].T = '0';
if (Arraylb_2ListBox[13] ==null) Arraylb_2ListBox[13] = new Array();
Arraylb_2ListBox[13][111]= new Array('Deflected to SelfCare');
if (Arraylb_2ListBox[13][111].WN ==null) Arraylb_2ListBox[13][111].WN = '';
if (Arraylb_2ListBox[13][111].OT ==null) Arraylb_2ListBox[13][111].OT = '';
if (Arraylb_2ListBox[13][111].T ==null) Arraylb_2ListBox[13][111].T = '0';
if (Arraylb_2ListBox[13] ==null) Arraylb_2ListBox[13] = new Array();
Arraylb_2ListBox[13][112]= new Array('No Action Required');
if (Arraylb_2ListBox[13][112].WN ==null) Arraylb_2ListBox[13][112].WN = '';
if (Arraylb_2ListBox[13][112].OT ==null) Arraylb_2ListBox[13][112].OT = '';
if (Arraylb_2ListBox[13][112].T ==null) Arraylb_2ListBox[13][112].T = '0';
if (Arraylb_2ListBox[13] ==null) Arraylb_2ListBox[13] = new Array();
Arraylb_2ListBox[13][113]= new Array('Resolved');
if (Arraylb_2ListBox[13][113].WN ==null) Arraylb_2ListBox[13][113].WN = '';
if (Arraylb_2ListBox[13][113].OT ==null) Arraylb_2ListBox[13][113].OT = '';
if (Arraylb_2ListBox[13][113].T ==null) Arraylb_2ListBox[13][113].T = '0';
if (Arraylb_2ListBox[13] ==null) Arraylb_2ListBox[13] = new Array();
Arraylb_2ListBox[13][114]= new Array('Unresolved');
if (Arraylb_2ListBox[13][114].WN ==null) Arraylb_2ListBox[13][114].WN = '';
if (Arraylb_2ListBox[13][114].OT ==null) Arraylb_2ListBox[13][114].OT = '';
if (Arraylb_2ListBox[13][114].T ==null) Arraylb_2ListBox[13][114].T = '0';
if (Arraylb_2ListBox[13] ==null) Arraylb_2ListBox[13] = new Array();
Arraylb_2ListBox[13][115]= new Array('Unresolved - Email to EO');
if (Arraylb_2ListBox[13][115].WN ==null) Arraylb_2ListBox[13][115].WN = '';
if (Arraylb_2ListBox[13][115].OT ==null) Arraylb_2ListBox[13][115].OT = '';
if (Arraylb_2ListBox[13][115].T ==null) Arraylb_2ListBox[13][115].T = '0';
if (Arraylb_2ListBox[13] ==null) Arraylb_2ListBox[13] = new Array();
Arraylb_2ListBox[13][116]= new Array('Unresolved - Email to RD');
if (Arraylb_2ListBox[13][116].WN ==null) Arraylb_2ListBox[13][116].WN = '';
if (Arraylb_2ListBox[13][116].OT ==null) Arraylb_2ListBox[13][116].OT = '';
if (Arraylb_2ListBox[13][116].T ==null) Arraylb_2ListBox[13][116].T = '0';
if (Arraylb_2ListBox[13] ==null) Arraylb_2ListBox[13] = new Array();
Arraylb_2ListBox[13][117]= new Array('Unresolved - Email to SLS');
if (Arraylb_2ListBox[13][117].WN ==null) Arraylb_2ListBox[13][117].WN = '';
if (Arraylb_2ListBox[13][117].OT ==null) Arraylb_2ListBox[13][117].OT = '';
if (Arraylb_2ListBox[13][117].T ==null) Arraylb_2ListBox[13][117].T = '0';
</Array>
  </DataScript>
</FORMS>