﻿<?xml version="1.0" encoding="utf-8"?>
<FORMS xmlns:xsi="http://www.w3.org/2001/XMLSchema-instance" FormID="43" VersionName="1.0">
  <DropDownList>
    <Label>
      <Text>Call Direction</Text>
    </Label>
    <ControlID>2</ControlID>
    <ControlType>Basic</ControlType>
    <FieldID>ddl_0DropDown</FieldID>
    <Title>Call Direction</Title>
    <DependentID>
    </DependentID>
    <X-Pos>10</X-Pos>
    <Y-Pos>10</Y-Pos>
    <Width>200</Width>
    <IsRequired>True</IsRequired>
    <IsManageable>True</IsManageable>
    <IsPostBack>False</IsPostBack>
    <Dependency>False</Dependency>
    <IsWrap>False</IsWrap>
    <PreWrap>
    </PreWrap>
    <PostWrap>
    </PostWrap>
    <PrevRef>
    </PrevRef>
    <IsQueryPattern>Contains</IsQueryPattern>
    <DataSource>XML</DataSource>
    <LISTITEMS>
      <LISTITEM Id="1" value="" DependentOn="0" WrapNote="" OptionTooltip="" Template="">Inbound</LISTITEM>
      <LISTITEM Id="2" value="" DependentOn="0" WrapNote="" OptionTooltip="" Template="">Outbound</LISTITEM>
      <LISTITEM Id="3" value="" DependentOn="0" WrapNote="" OptionTooltip="" Template="">Transfer</LISTITEM>
    </LISTITEMS>
    <Tabindex>1</Tabindex>
    <IsHide>False</IsHide>
  </DropDownList>
  <ListBox>
    <Label>
      <Text>CT1</Text>
    </Label>
    <ControlID>5</ControlID>
    <ControlType>Basic</ControlType>
    <FieldID>lb_0ListBox</FieldID>
    <Title>CT1</Title>
    <DependentID>lb_2ListBox</DependentID>
    <X-Pos>236</X-Pos>
    <Y-Pos>80</Y-Pos>
    <Width>100</Width>
    <IsRequired>True</IsRequired>
    <IsManageable>True</IsManageable>
    <IsPostBack>False</IsPostBack>
    <Dependency>True</Dependency>
    <IsWrap>False</IsWrap>
    <PreWrap>
    </PreWrap>
    <PostWrap>
    </PostWrap>
    <PrevRef>lb_1ListBox</PrevRef>
    <DataSource>XML</DataSource>
    <LISTITEMS>
      <LISTITEM Id="1" value="" DependentOn="1" WrapNote="" OptionTooltip="" Template="">1</LISTITEM>
    </LISTITEMS>
    <Tabindex>3</Tabindex>
    <IsHide>False</IsHide>
  </ListBox>
  <ListBox>
    <Label>
      <Text>CT</Text>
    </Label>
    <ControlID>5</ControlID>
    <ControlType>Basic</ControlType>
    <FieldID>lb_1ListBox</FieldID>
    <Title>CT</Title>
    <DependentID>lb_0ListBox</DependentID>
    <X-Pos>10</X-Pos>
    <Y-Pos>80</Y-Pos>
    <Width>100</Width>
    <IsRequired>True</IsRequired>
    <IsManageable>True</IsManageable>
    <IsPostBack>False</IsPostBack>
    <Dependency>True</Dependency>
    <IsWrap>False</IsWrap>
    <PreWrap>
    </PreWrap>
    <PostWrap>
    </PostWrap>
    <PrevRef>
    </PrevRef>
    <DataSource>XML</DataSource>
    <LISTITEMS>
      <LISTITEM Id="1" value="" DependentOn="0" WrapNote="" OptionTooltip="" Template="">1</LISTITEM>
    </LISTITEMS>
    <Tabindex>2</Tabindex>
    <IsHide>False</IsHide>
  </ListBox>
  <ListBox>
    <Label>
      <Text>CT2</Text>
    </Label>
    <ControlID>5</ControlID>
    <ControlType>Basic</ControlType>
    <FieldID>lb_2ListBox</FieldID>
    <Title>CT2</Title>
    <DependentID>lb_3ListBox</DependentID>
    <X-Pos>462</X-Pos>
    <Y-Pos>80</Y-Pos>
    <Width>100</Width>
    <IsRequired>True</IsRequired>
    <IsManageable>True</IsManageable>
    <IsPostBack>False</IsPostBack>
    <Dependency>True</Dependency>
    <IsWrap>False</IsWrap>
    <PreWrap>
    </PreWrap>
    <PostWrap>
    </PostWrap>
    <PrevRef>lb_0ListBox</PrevRef>
    <DataSource>XML</DataSource>
    <LISTITEMS>
      <LISTITEM Id="1" value="" DependentOn="1" WrapNote="" OptionTooltip="" Template="">1</LISTITEM>
    </LISTITEMS>
    <Tabindex>4</Tabindex>
    <IsHide>False</IsHide>
  </ListBox>
  <ListBox>
    <Label>
      <Text>Outcome</Text>
    </Label>
    <ControlID>5</ControlID>
    <ControlType>Basic</ControlType>
    <FieldID>lb_3ListBox</FieldID>
    <Title>Outcome</Title>
    <DependentID>
    </DependentID>
    <X-Pos>688</X-Pos>
    <Y-Pos>80</Y-Pos>
    <Width>100</Width>
    <IsRequired>True</IsRequired>
    <IsManageable>True</IsManageable>
    <IsPostBack>False</IsPostBack>
    <Dependency>True</Dependency>
    <IsWrap>False</IsWrap>
    <PreWrap>
    </PreWrap>
    <PostWrap>
    </PostWrap>
    <PrevRef>lb_2ListBox</PrevRef>
    <DataSource>XML</DataSource>
    <LISTITEMS>
      <LISTITEM Id="1" value="" DependentOn="1" WrapNote="" OptionTooltip="" Template="">1</LISTITEM>
    </LISTITEMS>
    <Tabindex>5</Tabindex>
    <IsHide>False</IsHide>
  </ListBox>
  <TextBox>
    <Label>
      <Text>Comments</Text>
    </Label>
    <ControlID>1</ControlID>
    <ControlType>Basic</ControlType>
    <FieldID>txt_0TextBox</FieldID>
    <Title>Comments</Title>
    <X-Pos>10</X-Pos>
    <Y-Pos>254</Y-Pos>
    <Width>200</Width>
    <IsRequired>False</IsRequired>
    <IsPostBack>False</IsPostBack>
    <IsWrap>False</IsWrap>
    <PreWrap>
    </PreWrap>
    <PostWrap>
    </PostWrap>
    <TextMode>Singleline</TextMode>
    <IsType>Numeric</IsType>
    <MaxLength>20</MaxLength>
    <Dependency>
    </Dependency>
    <PrevRef>
    </PrevRef>
    <DependentID>
    </DependentID>
    <Tabindex>6</Tabindex>
    <Height>50</Height>
    <IsHide>False</IsHide>
  </TextBox>
  <TextBox>
    <Label>
      <Text>Date Time of issue</Text>
    </Label>
    <ControlID>1</ControlID>
    <ControlType>Basic</ControlType>
    <FieldID>txt_1TextBox</FieldID>
    <Title>Date Time of issue</Title>
    <X-Pos>10</X-Pos>
    <Y-Pos>324</Y-Pos>
    <Width>200</Width>
    <IsRequired>False</IsRequired>
    <IsPostBack>False</IsPostBack>
    <IsWrap>False</IsWrap>
    <PreWrap>
    </PreWrap>
    <PostWrap>
    </PostWrap>
    <TextMode>Singleline</TextMode>
    <IsType>Date</IsType>
    <MaxLength>20</MaxLength>
    <Dependency>
    </Dependency>
    <PrevRef>
    </PrevRef>
    <DependentID>
    </DependentID>
    <Tabindex>7</Tabindex>
    <Height>50</Height>
    <IsHide>True</IsHide>
  </TextBox>
  <DropDownList>
    <Label>
      <Text>Issue Type</Text>
    </Label>
    <ControlID>2</ControlID>
    <ControlType>Basic</ControlType>
    <FieldID>ddl_1DropDown</FieldID>
    <Title>Issue Type</Title>
    <DependentID>
    </DependentID>
    <X-Pos>10</X-Pos>
    <Y-Pos>394</Y-Pos>
    <Width>200</Width>
    <IsRequired>True</IsRequired>
    <IsManageable>True</IsManageable>
    <IsPostBack>False</IsPostBack>
    <Dependency>False</Dependency>
    <IsWrap>False</IsWrap>
    <PreWrap>
    </PreWrap>
    <PostWrap>
    </PostWrap>
    <PrevRef>
    </PrevRef>
    <IsQueryPattern>Contains</IsQueryPattern>
    <DataSource>XML</DataSource>
    <LISTITEMS>
      <LISTITEM Id="1" value="" DependentOn="0" WrapNote="" OptionTooltip="" Template="">Always</LISTITEM>
      <LISTITEM Id="2" value="" DependentOn="0" WrapNote="" OptionTooltip="" Template="">Sudden</LISTITEM>
      <LISTITEM Id="3" value="" DependentOn="0" WrapNote="" OptionTooltip="" Template="">Intermittent</LISTITEM>
    </LISTITEMS>
    <Tabindex>8</Tabindex>
    <IsHide>True</IsHide>
  </DropDownList>
  <ListBox>
    <Label>
      <Text>Shillset</Text>
    </Label>
    <ControlID>5</ControlID>
    <ControlType>Basic</ControlType>
    <FieldID>lb_5ListBox</FieldID>
    <Title>Shillset</Title>
    <DependentID>
    </DependentID>
    <X-Pos>10</X-Pos>
    <Y-Pos>464</Y-Pos>
    <Width>100</Width>
    <IsRequired>False</IsRequired>
    <IsManageable>True</IsManageable>
    <IsPostBack>False</IsPostBack>
    <Dependency>False</Dependency>
    <IsWrap>False</IsWrap>
    <PreWrap>
    </PreWrap>
    <PostWrap>
    </PostWrap>
    <PrevRef>
    </PrevRef>
    <DataSource>XML</DataSource>
    <LISTITEMS>
      <LISTITEM Id="1" value="" DependentOn="0" WrapNote="" OptionTooltip="" Template="">FLS</LISTITEM>
      <LISTITEM Id="2" value="" DependentOn="0" WrapNote="" OptionTooltip="" Template="">Ecare</LISTITEM>
      <LISTITEM Id="3" value="" DependentOn="0" WrapNote="" OptionTooltip="" Template="">RS</LISTITEM>
      <LISTITEM Id="4" value="" DependentOn="0" WrapNote="" OptionTooltip="" Template="">Sales</LISTITEM>
      <LISTITEM Id="5" value="" DependentOn="0" WrapNote="" OptionTooltip="" Template="">Collection</LISTITEM>
    </LISTITEMS>
    <Tabindex>9</Tabindex>
    <IsHide>True</IsHide>
  </ListBox>
  <DataScript>
    <IsUpdated>True</IsUpdated>
    <Array>var Arrayddl_0DropDown = new Array( 3 );
if (Arrayddl_0DropDown[0] ==null) Arrayddl_0DropDown[0] = new Array();
Arrayddl_0DropDown[0][1]= new Array('Inbound');
if (Arrayddl_0DropDown[0][1].WN ==null) Arrayddl_0DropDown[0][1].WN = '';
if (Arrayddl_0DropDown[0][1].OT ==null) Arrayddl_0DropDown[0][1].OT = '';
if (Arrayddl_0DropDown[0][1].T ==null) Arrayddl_0DropDown[0][1].T = '0';
if (Arrayddl_0DropDown[0] ==null) Arrayddl_0DropDown[0] = new Array();
Arrayddl_0DropDown[0][2]= new Array('Outbound');
if (Arrayddl_0DropDown[0][2].WN ==null) Arrayddl_0DropDown[0][2].WN = '';
if (Arrayddl_0DropDown[0][2].OT ==null) Arrayddl_0DropDown[0][2].OT = '';
if (Arrayddl_0DropDown[0][2].T ==null) Arrayddl_0DropDown[0][2].T = '0';
if (Arrayddl_0DropDown[0] ==null) Arrayddl_0DropDown[0] = new Array();
Arrayddl_0DropDown[0][3]= new Array('Transfer');
if (Arrayddl_0DropDown[0][3].WN ==null) Arrayddl_0DropDown[0][3].WN = '';
if (Arrayddl_0DropDown[0][3].OT ==null) Arrayddl_0DropDown[0][3].OT = '';
if (Arrayddl_0DropDown[0][3].T ==null) Arrayddl_0DropDown[0][3].T = '0';
var Arrayddl_1DropDown = new Array( 3 );
if (Arrayddl_1DropDown[0] ==null) Arrayddl_1DropDown[0] = new Array();
Arrayddl_1DropDown[0][1]= new Array('Always');
if (Arrayddl_1DropDown[0][1].WN ==null) Arrayddl_1DropDown[0][1].WN = '';
if (Arrayddl_1DropDown[0][1].OT ==null) Arrayddl_1DropDown[0][1].OT = '';
if (Arrayddl_1DropDown[0][1].T ==null) Arrayddl_1DropDown[0][1].T = '0';
if (Arrayddl_1DropDown[0] ==null) Arrayddl_1DropDown[0] = new Array();
Arrayddl_1DropDown[0][2]= new Array('Sudden');
if (Arrayddl_1DropDown[0][2].WN ==null) Arrayddl_1DropDown[0][2].WN = '';
if (Arrayddl_1DropDown[0][2].OT ==null) Arrayddl_1DropDown[0][2].OT = '';
if (Arrayddl_1DropDown[0][2].T ==null) Arrayddl_1DropDown[0][2].T = '0';
if (Arrayddl_1DropDown[0] ==null) Arrayddl_1DropDown[0] = new Array();
Arrayddl_1DropDown[0][3]= new Array('Intermittent');
if (Arrayddl_1DropDown[0][3].WN ==null) Arrayddl_1DropDown[0][3].WN = '';
if (Arrayddl_1DropDown[0][3].OT ==null) Arrayddl_1DropDown[0][3].OT = '';
if (Arrayddl_1DropDown[0][3].T ==null) Arrayddl_1DropDown[0][3].T = '0';
var Arraylb_0ListBox = new Array( 1 );
if (Arraylb_0ListBox[1] ==null) Arraylb_0ListBox[1] = new Array();
Arraylb_0ListBox[1][1]= new Array('1');
if (Arraylb_0ListBox[1][1].WN ==null) Arraylb_0ListBox[1][1].WN = '';
if (Arraylb_0ListBox[1][1].OT ==null) Arraylb_0ListBox[1][1].OT = '';
if (Arraylb_0ListBox[1][1].T ==null) Arraylb_0ListBox[1][1].T = '0';
var Arraylb_1ListBox = new Array( 1 );
if (Arraylb_1ListBox[0] ==null) Arraylb_1ListBox[0] = new Array();
Arraylb_1ListBox[0][1]= new Array('1');
if (Arraylb_1ListBox[0][1].WN ==null) Arraylb_1ListBox[0][1].WN = '';
if (Arraylb_1ListBox[0][1].OT ==null) Arraylb_1ListBox[0][1].OT = '';
if (Arraylb_1ListBox[0][1].T ==null) Arraylb_1ListBox[0][1].T = '0';
var Arraylb_2ListBox = new Array( 1 );
if (Arraylb_2ListBox[1] ==null) Arraylb_2ListBox[1] = new Array();
Arraylb_2ListBox[1][1]= new Array('1');
if (Arraylb_2ListBox[1][1].WN ==null) Arraylb_2ListBox[1][1].WN = '';
if (Arraylb_2ListBox[1][1].OT ==null) Arraylb_2ListBox[1][1].OT = '';
if (Arraylb_2ListBox[1][1].T ==null) Arraylb_2ListBox[1][1].T = '0';
var Arraylb_3ListBox = new Array( 1 );
if (Arraylb_3ListBox[1] ==null) Arraylb_3ListBox[1] = new Array();
Arraylb_3ListBox[1][1]= new Array('1');
if (Arraylb_3ListBox[1][1].WN ==null) Arraylb_3ListBox[1][1].WN = '';
if (Arraylb_3ListBox[1][1].OT ==null) Arraylb_3ListBox[1][1].OT = '';
if (Arraylb_3ListBox[1][1].T ==null) Arraylb_3ListBox[1][1].T = '0';
var Arraylb_5ListBox = new Array( 5 );
if (Arraylb_5ListBox[0] ==null) Arraylb_5ListBox[0] = new Array();
Arraylb_5ListBox[0][1]= new Array('FLS');
if (Arraylb_5ListBox[0][1].WN ==null) Arraylb_5ListBox[0][1].WN = '';
if (Arraylb_5ListBox[0][1].OT ==null) Arraylb_5ListBox[0][1].OT = '';
if (Arraylb_5ListBox[0][1].T ==null) Arraylb_5ListBox[0][1].T = '0';
if (Arraylb_5ListBox[0] ==null) Arraylb_5ListBox[0] = new Array();
Arraylb_5ListBox[0][2]= new Array('Ecare');
if (Arraylb_5ListBox[0][2].WN ==null) Arraylb_5ListBox[0][2].WN = '';
if (Arraylb_5ListBox[0][2].OT ==null) Arraylb_5ListBox[0][2].OT = '';
if (Arraylb_5ListBox[0][2].T ==null) Arraylb_5ListBox[0][2].T = '0';
if (Arraylb_5ListBox[0] ==null) Arraylb_5ListBox[0] = new Array();
Arraylb_5ListBox[0][3]= new Array('RS');
if (Arraylb_5ListBox[0][3].WN ==null) Arraylb_5ListBox[0][3].WN = '';
if (Arraylb_5ListBox[0][3].OT ==null) Arraylb_5ListBox[0][3].OT = '';
if (Arraylb_5ListBox[0][3].T ==null) Arraylb_5ListBox[0][3].T = '0';
if (Arraylb_5ListBox[0] ==null) Arraylb_5ListBox[0] = new Array();
Arraylb_5ListBox[0][4]= new Array('Sales');
if (Arraylb_5ListBox[0][4].WN ==null) Arraylb_5ListBox[0][4].WN = '';
if (Arraylb_5ListBox[0][4].OT ==null) Arraylb_5ListBox[0][4].OT = '';
if (Arraylb_5ListBox[0][4].T ==null) Arraylb_5ListBox[0][4].T = '0';
if (Arraylb_5ListBox[0] ==null) Arraylb_5ListBox[0] = new Array();
Arraylb_5ListBox[0][5]= new Array('Collection');
if (Arraylb_5ListBox[0][5].WN ==null) Arraylb_5ListBox[0][5].WN = '';
if (Arraylb_5ListBox[0][5].OT ==null) Arraylb_5ListBox[0][5].OT = '';
if (Arraylb_5ListBox[0][5].T ==null) Arraylb_5ListBox[0][5].T = '0';
</Array>
  </DataScript>
</FORMS>