﻿<?xml version="1.0" encoding="utf-8"?>
<FORMS xmlns:xsi="http://www.w3.org/2001/XMLSchema-instance" FormID="43" VersionName="1.5">
  <DropDownList>
    <Label>
      <Text>Call Direction</Text>
    </Label>
    <ControlID>2</ControlID>
    <ControlType>Basic</ControlType>
    <FieldID>ddl_0DropDown</FieldID>
    <Title>Call Direction</Title>
    <DependentID>
    </DependentID>
    <X-Pos>10</X-Pos>
    <Y-Pos>10</Y-Pos>
    <Width>200</Width>
    <IsRequired>True</IsRequired>
    <IsManageable>True</IsManageable>
    <IsPostBack>False</IsPostBack>
    <Dependency>False</Dependency>
    <IsWrap>False</IsWrap>
    <PreWrap>
    </PreWrap>
    <PostWrap>
    </PostWrap>
    <PrevRef>
    </PrevRef>
    <IsQueryPattern>Contains</IsQueryPattern>
    <DataSource>XML</DataSource>
    <LISTITEMS>
      <LISTITEM Id="1" value="" DependentOn="0" WrapNote="" OptionTooltip="" Template="54">Inbound</LISTITEM>
      <LISTITEM Id="2" value="" DependentOn="0" WrapNote="" OptionTooltip="" Template="">Outbound</LISTITEM>
      <LISTITEM Id="3" value="" DependentOn="0" WrapNote="" OptionTooltip="" Template="">Transfer</LISTITEM>
    </LISTITEMS>
    <Tabindex>1</Tabindex>
    <IsHide>False</IsHide>
  </DropDownList>
  <ListBox>
    <Label>
      <Text>CT1</Text>
    </Label>
    <ControlID>5</ControlID>
    <ControlType>Basic</ControlType>
    <FieldID>lb_0ListBox</FieldID>
    <Title>CT1</Title>
    <DependentID>lb_2ListBox</DependentID>
    <X-Pos>236</X-Pos>
    <Y-Pos>80</Y-Pos>
    <Width>100</Width>
    <IsRequired>True</IsRequired>
    <IsManageable>True</IsManageable>
    <IsPostBack>False</IsPostBack>
    <Dependency>True</Dependency>
    <IsWrap>False</IsWrap>
    <PreWrap>
    </PreWrap>
    <PostWrap>
    </PostWrap>
    <PrevRef>lb_1ListBox</PrevRef>
    <DataSource>XML</DataSource>
    <LISTITEMS>
      <LISTITEM Id="1" value="" DependentOn="1" WrapNote="" OptionTooltip="" Template="">Prepay</LISTITEM>
      <LISTITEM Id="2" value="" DependentOn="2" WrapNote="" OptionTooltip="" Template="">Prepay</LISTITEM>
      <LISTITEM Id="3" value="" DependentOn="3" WrapNote="" OptionTooltip="" Template="">Modem</LISTITEM>
      <LISTITEM Id="4" value="" DependentOn="4" WrapNote="" OptionTooltip="" Template="">Credit Queries</LISTITEM>
      <LISTITEM Id="5" value="" DependentOn="5" WrapNote="" OptionTooltip="" Template="">Account Profile Update</LISTITEM>
      <LISTITEM Id="6" value="" DependentOn="5" WrapNote="" OptionTooltip="" Template="">Allowance Query</LISTITEM>
      <LISTITEM Id="7" value="" DependentOn="5" WrapNote="" OptionTooltip="" Template="">Change Internet Profile</LISTITEM>
      <LISTITEM Id="8" value="" DependentOn="5" WrapNote="" OptionTooltip="" Template="">Change Price Plan</LISTITEM>
      <LISTITEM Id="9" value="" DependentOn="5" WrapNote="" OptionTooltip="" Template="">Contract Dates</LISTITEM>
      <LISTITEM Id="10" value="" DependentOn="5" WrapNote="" OptionTooltip="" Template="">Credit Limit Breach</LISTITEM>
      <LISTITEM Id="11" value="" DependentOn="5" WrapNote="" OptionTooltip="" Template="">Delivery &amp; Logistics</LISTITEM>
      <LISTITEM Id="12" value="" DependentOn="5" WrapNote="" OptionTooltip="" Template="">Device Purchased</LISTITEM>
    </LISTITEMS>
    <Tabindex>3</Tabindex>
    <IsHide>False</IsHide>
  </ListBox>
  <ListBox>
    <Label>
      <Text>CT</Text>
    </Label>
    <ControlID>5</ControlID>
    <ControlType>Basic</ControlType>
    <FieldID>lb_1ListBox</FieldID>
    <Title>CT</Title>
    <DependentID>lb_0ListBox</DependentID>
    <X-Pos>10</X-Pos>
    <Y-Pos>80</Y-Pos>
    <Width>100</Width>
    <IsRequired>True</IsRequired>
    <IsManageable>True</IsManageable>
    <IsPostBack>False</IsPostBack>
    <Dependency>True</Dependency>
    <IsWrap>False</IsWrap>
    <PreWrap>
    </PreWrap>
    <PostWrap>
    </PostWrap>
    <PrevRef>
    </PrevRef>
    <DataSource>XML</DataSource>
    <LISTITEMS>
      <LISTITEM Id="1" value="" DependentOn="0" WrapNote="" OptionTooltip="" Template="">Complaint</LISTITEM>
      <LISTITEM Id="2" value="" DependentOn="0" WrapNote="" OptionTooltip="" Template="">Information Request</LISTITEM>
      <LISTITEM Id="3" value="" DependentOn="0" WrapNote="" OptionTooltip="" Template="">Network Service Performance</LISTITEM>
      <LISTITEM Id="4" value="" DependentOn="0" WrapNote="" OptionTooltip="" Template="">Prepay</LISTITEM>
      <LISTITEM Id="5" value="" DependentOn="0" WrapNote="" OptionTooltip="" Template="">Account Administration</LISTITEM>
    </LISTITEMS>
    <Tabindex>2</Tabindex>
    <IsHide>False</IsHide>
  </ListBox>
  <ListBox>
    <Label>
      <Text>CT2</Text>
    </Label>
    <ControlID>5</ControlID>
    <ControlType>Basic</ControlType>
    <FieldID>lb_2ListBox</FieldID>
    <Title>CT2</Title>
    <DependentID>lb_3ListBox</DependentID>
    <X-Pos>462</X-Pos>
    <Y-Pos>80</Y-Pos>
    <Width>100</Width>
    <IsRequired>True</IsRequired>
    <IsManageable>True</IsManageable>
    <IsPostBack>False</IsPostBack>
    <Dependency>True</Dependency>
    <IsWrap>False</IsWrap>
    <PreWrap>
    </PreWrap>
    <PostWrap>
    </PostWrap>
    <PrevRef>lb_0ListBox</PrevRef>
    <DataSource>XML</DataSource>
    <LISTITEMS>
      <LISTITEM Id="1" value="" DependentOn="1" WrapNote="" OptionTooltip="" Template="">Usage/ Balance Dispute</LISTITEM>
      <LISTITEM Id="2" value="" DependentOn="2" WrapNote="" OptionTooltip="" Template="">Balance allowance query</LISTITEM>
      <LISTITEM Id="3" value="" DependentOn="2" WrapNote="" OptionTooltip="" Template="">Usage report</LISTITEM>
      <LISTITEM Id="4" value="" DependentOn="3" WrapNote="" OptionTooltip="" Template="">Connected But Unable to Browse</LISTITEM>
      <LISTITEM Id="5" value="" DependentOn="3" WrapNote="" OptionTooltip="" Template="">Error 619- Connection Error</LISTITEM>
      <LISTITEM Id="6" value="" DependentOn="3" WrapNote="" OptionTooltip="" Template="">Frequent Disconnection</LISTITEM>
      <LISTITEM Id="7" value="" DependentOn="4" WrapNote="" OptionTooltip="" Template="">Missing MNP Credit</LISTITEM>
      <LISTITEM Id="8" value="" DependentOn="4" WrapNote="" OptionTooltip="" Template="">PDD</LISTITEM>
      <LISTITEM Id="9" value="" DependentOn="4" WrapNote="" OptionTooltip="" Template="">Registration credit</LISTITEM>
      <LISTITEM Id="10" value="" DependentOn="5" WrapNote="" OptionTooltip="" Template="">Add Authorised Contact</LISTITEM>
      <LISTITEM Id="11" value="" DependentOn="5" WrapNote="" OptionTooltip="" Template="">Change Marketing Preferences</LISTITEM>
      <LISTITEM Id="12" value="" DependentOn="5" WrapNote="" OptionTooltip="" Template="">Change MSISDN</LISTITEM>
      <LISTITEM Id="13" value="" DependentOn="5" WrapNote="" OptionTooltip="" Template="">Update Personal Information</LISTITEM>
      <LISTITEM Id="14" value="" DependentOn="6" WrapNote="" OptionTooltip="" Template="">Allowance Query.</LISTITEM>
      <LISTITEM Id="15" value="" DependentOn="7" WrapNote="" OptionTooltip="" Template="">Age Verification</LISTITEM>
      <LISTITEM Id="16" value="" DependentOn="8" WrapNote="" OptionTooltip="" Template="">€55 Unlimited</LISTITEM>
      <LISTITEM Id="17" value="" DependentOn="8" WrapNote="" OptionTooltip="" Template="">Decrease Price Plan</LISTITEM>
      <LISTITEM Id="18" value="" DependentOn="8" WrapNote="" OptionTooltip="" Template="">Increase Price Plan</LISTITEM>
      <LISTITEM Id="19" value="" DependentOn="9" WrapNote="" OptionTooltip="" Template="">Contract Dates.</LISTITEM>
      <LISTITEM Id="20" value="" DependentOn="10" WrapNote="" OptionTooltip="" Template="">Credit Limit Breach.</LISTITEM>
      <LISTITEM Id="21" value="" DependentOn="11" WrapNote="" OptionTooltip="" Template="">Change Delivery Address</LISTITEM>
      <LISTITEM Id="22" value="" DependentOn="11" WrapNote="" OptionTooltip="" Template="">Delayed Delivery Issue</LISTITEM>
      <LISTITEM Id="23" value="" DependentOn="11" WrapNote="" OptionTooltip="" Template="">Failed Delivery</LISTITEM>
      <LISTITEM Id="24" value="" DependentOn="11" WrapNote="" OptionTooltip="" Template="">Status Enquiry</LISTITEM>
      <LISTITEM Id="25" value="" DependentOn="12" WrapNote="" OptionTooltip="" Template="">Device Purchased.</LISTITEM>
    </LISTITEMS>
    <Tabindex>4</Tabindex>
    <IsHide>False</IsHide>
  </ListBox>
  <ListBox>
    <Label>
      <Text>Outcome</Text>
    </Label>
    <ControlID>5</ControlID>
    <ControlType>Basic</ControlType>
    <FieldID>lb_3ListBox</FieldID>
    <Title>Outcome</Title>
    <DependentID>
    </DependentID>
    <X-Pos>688</X-Pos>
    <Y-Pos>80</Y-Pos>
    <Width>100</Width>
    <IsRequired>True</IsRequired>
    <IsManageable>True</IsManageable>
    <IsPostBack>False</IsPostBack>
    <Dependency>True</Dependency>
    <IsWrap>False</IsWrap>
    <PreWrap>
    </PreWrap>
    <PostWrap>
    </PostWrap>
    <PrevRef>lb_2ListBox</PrevRef>
    <DataSource>XML</DataSource>
    <LISTITEMS>
      <LISTITEM Id="1" value="" DependentOn="1" WrapNote="" OptionTooltip="" Template="">Resolved</LISTITEM>
      <LISTITEM Id="2" value="" DependentOn="1" WrapNote="" OptionTooltip="" Template="">Resolved - Deflected</LISTITEM>
      <LISTITEM Id="3" value="" DependentOn="1" WrapNote="" OptionTooltip="" Template="">Resolved - Gave info and Deflected</LISTITEM>
      <LISTITEM Id="4" value="" DependentOn="1" WrapNote="" OptionTooltip="" Template="">Resolved - Nqueue Submitted</LISTITEM>
      <LISTITEM Id="5" value="" DependentOn="1" WrapNote="" OptionTooltip="" Template="">Unresolved</LISTITEM>
      <LISTITEM Id="6" value="" DependentOn="1" WrapNote="" OptionTooltip="" Template="">Unresolved - Awaiting Response</LISTITEM>
      <LISTITEM Id="7" value="" DependentOn="1" WrapNote="" OptionTooltip="" Template="">Unresolved - Case Raised</LISTITEM>
      <LISTITEM Id="8" value="" DependentOn="1" WrapNote="" OptionTooltip="" Template="">Unresolved - Escalation</LISTITEM>
      <LISTITEM Id="9" value="" DependentOn="1" WrapNote="" OptionTooltip="" Template="">Unresolved - Outage</LISTITEM>
      <LISTITEM Id="10" value="" DependentOn="1" WrapNote="" OptionTooltip="" Template="">Unresolved - Repairs</LISTITEM>
      <LISTITEM Id="11" value="" DependentOn="2" WrapNote="" OptionTooltip="" Template="">Resolved</LISTITEM>
      <LISTITEM Id="12" value="" DependentOn="2" WrapNote="" OptionTooltip="" Template="">Resolved - Deflected</LISTITEM>
      <LISTITEM Id="13" value="" DependentOn="2" WrapNote="" OptionTooltip="" Template="">Resolved - Gave info and Deflected</LISTITEM>
      <LISTITEM Id="14" value="" DependentOn="2" WrapNote="" OptionTooltip="" Template="">Resolved - Nqueue Submitted</LISTITEM>
      <LISTITEM Id="15" value="" DependentOn="2" WrapNote="" OptionTooltip="" Template="">Unresolved</LISTITEM>
      <LISTITEM Id="16" value="" DependentOn="2" WrapNote="" OptionTooltip="" Template="">Unresolved - Awaiting Response</LISTITEM>
      <LISTITEM Id="17" value="" DependentOn="2" WrapNote="" OptionTooltip="" Template="">Unresolved - Case Raised</LISTITEM>
      <LISTITEM Id="18" value="" DependentOn="2" WrapNote="" OptionTooltip="" Template="">Unresolved - Escalation</LISTITEM>
      <LISTITEM Id="19" value="" DependentOn="2" WrapNote="" OptionTooltip="" Template="">Unresolved - Outage</LISTITEM>
      <LISTITEM Id="20" value="" DependentOn="2" WrapNote="" OptionTooltip="" Template="">Unresolved - Repairs</LISTITEM>
      <LISTITEM Id="21" value="" DependentOn="3" WrapNote="" OptionTooltip="" Template="">Resolved</LISTITEM>
      <LISTITEM Id="22" value="" DependentOn="3" WrapNote="" OptionTooltip="" Template="">Resolved - Deflected</LISTITEM>
      <LISTITEM Id="23" value="" DependentOn="3" WrapNote="" OptionTooltip="" Template="">Resolved - Gave info and Deflected</LISTITEM>
      <LISTITEM Id="24" value="" DependentOn="3" WrapNote="" OptionTooltip="" Template="">Resolved - Nqueue Submitted</LISTITEM>
      <LISTITEM Id="25" value="" DependentOn="3" WrapNote="" OptionTooltip="" Template="">Unresolved</LISTITEM>
      <LISTITEM Id="26" value="" DependentOn="3" WrapNote="" OptionTooltip="" Template="">Unresolved - Awaiting Response</LISTITEM>
      <LISTITEM Id="27" value="" DependentOn="3" WrapNote="" OptionTooltip="" Template="">Unresolved - Case Raised</LISTITEM>
      <LISTITEM Id="28" value="" DependentOn="3" WrapNote="" OptionTooltip="" Template="">Unresolved - Escalation</LISTITEM>
      <LISTITEM Id="29" value="" DependentOn="3" WrapNote="" OptionTooltip="" Template="">Unresolved - Outage</LISTITEM>
      <LISTITEM Id="30" value="" DependentOn="3" WrapNote="" OptionTooltip="" Template="">Unresolved - Repairs</LISTITEM>
      <LISTITEM Id="31" value="" DependentOn="4" WrapNote="" OptionTooltip="" Template="">Resolved</LISTITEM>
      <LISTITEM Id="32" value="" DependentOn="4" WrapNote="" OptionTooltip="" Template="">Resolved - Deflected</LISTITEM>
      <LISTITEM Id="33" value="" DependentOn="4" WrapNote="" OptionTooltip="" Template="">Resolved - Gave info and Deflected</LISTITEM>
      <LISTITEM Id="34" value="" DependentOn="4" WrapNote="" OptionTooltip="" Template="">Resolved - Nqueue Submitted</LISTITEM>
      <LISTITEM Id="35" value="" DependentOn="4" WrapNote="" OptionTooltip="" Template="">Unresolved</LISTITEM>
      <LISTITEM Id="36" value="" DependentOn="4" WrapNote="" OptionTooltip="" Template="">Unresolved - Awaiting Response</LISTITEM>
      <LISTITEM Id="37" value="" DependentOn="4" WrapNote="" OptionTooltip="" Template="">Unresolved - Case Raised</LISTITEM>
      <LISTITEM Id="38" value="" DependentOn="4" WrapNote="" OptionTooltip="" Template="">Unresolved - Escalation</LISTITEM>
      <LISTITEM Id="39" value="" DependentOn="4" WrapNote="" OptionTooltip="" Template="">Unresolved - Outage</LISTITEM>
      <LISTITEM Id="40" value="" DependentOn="4" WrapNote="" OptionTooltip="" Template="">Unresolved - Repairs</LISTITEM>
      <LISTITEM Id="41" value="" DependentOn="5" WrapNote="" OptionTooltip="" Template="">Resolved</LISTITEM>
      <LISTITEM Id="42" value="" DependentOn="5" WrapNote="" OptionTooltip="" Template="">Resolved - Deflected</LISTITEM>
      <LISTITEM Id="43" value="" DependentOn="5" WrapNote="" OptionTooltip="" Template="">Resolved - Gave info and Deflected</LISTITEM>
      <LISTITEM Id="44" value="" DependentOn="5" WrapNote="" OptionTooltip="" Template="">Resolved - Nqueue Submitted</LISTITEM>
      <LISTITEM Id="45" value="" DependentOn="5" WrapNote="" OptionTooltip="" Template="">Unresolved</LISTITEM>
      <LISTITEM Id="46" value="" DependentOn="5" WrapNote="" OptionTooltip="" Template="">Unresolved - Awaiting Response</LISTITEM>
      <LISTITEM Id="47" value="" DependentOn="5" WrapNote="" OptionTooltip="" Template="">Unresolved - Case Raised</LISTITEM>
      <LISTITEM Id="48" value="" DependentOn="5" WrapNote="" OptionTooltip="" Template="">Unresolved - Escalation</LISTITEM>
      <LISTITEM Id="49" value="" DependentOn="5" WrapNote="" OptionTooltip="" Template="">Unresolved - Outage</LISTITEM>
      <LISTITEM Id="50" value="" DependentOn="5" WrapNote="" OptionTooltip="" Template="">Unresolved - Repairs</LISTITEM>
      <LISTITEM Id="51" value="" DependentOn="6" WrapNote="" OptionTooltip="" Template="">Resolved</LISTITEM>
      <LISTITEM Id="52" value="" DependentOn="6" WrapNote="" OptionTooltip="" Template="">Resolved - Deflected</LISTITEM>
      <LISTITEM Id="53" value="" DependentOn="6" WrapNote="" OptionTooltip="" Template="">Resolved - Gave info and Deflected</LISTITEM>
      <LISTITEM Id="54" value="" DependentOn="6" WrapNote="" OptionTooltip="" Template="">Resolved - Nqueue Submitted</LISTITEM>
      <LISTITEM Id="55" value="" DependentOn="6" WrapNote="" OptionTooltip="" Template="">Unresolved</LISTITEM>
      <LISTITEM Id="56" value="" DependentOn="6" WrapNote="" OptionTooltip="" Template="">Unresolved - Awaiting Response</LISTITEM>
      <LISTITEM Id="57" value="" DependentOn="6" WrapNote="" OptionTooltip="" Template="">Unresolved - Case Raised</LISTITEM>
      <LISTITEM Id="58" value="" DependentOn="6" WrapNote="" OptionTooltip="" Template="">Unresolved - Escalation</LISTITEM>
      <LISTITEM Id="59" value="" DependentOn="6" WrapNote="" OptionTooltip="" Template="">Unresolved - Outage</LISTITEM>
      <LISTITEM Id="60" value="" DependentOn="6" WrapNote="" OptionTooltip="" Template="">Unresolved - Repairs</LISTITEM>
      <LISTITEM Id="61" value="" DependentOn="7" WrapNote="" OptionTooltip="" Template="">Resolved</LISTITEM>
      <LISTITEM Id="62" value="" DependentOn="7" WrapNote="" OptionTooltip="" Template="">Resolved - Deflected</LISTITEM>
      <LISTITEM Id="63" value="" DependentOn="7" WrapNote="" OptionTooltip="" Template="">Resolved - Gave info and Deflected</LISTITEM>
      <LISTITEM Id="64" value="" DependentOn="7" WrapNote="" OptionTooltip="" Template="">Resolved - Nqueue Submitted</LISTITEM>
      <LISTITEM Id="65" value="" DependentOn="7" WrapNote="" OptionTooltip="" Template="">Unresolved</LISTITEM>
      <LISTITEM Id="66" value="" DependentOn="7" WrapNote="" OptionTooltip="" Template="">Unresolved - Awaiting Response</LISTITEM>
      <LISTITEM Id="67" value="" DependentOn="7" WrapNote="" OptionTooltip="" Template="">Unresolved - Case Raised</LISTITEM>
      <LISTITEM Id="68" value="" DependentOn="7" WrapNote="" OptionTooltip="" Template="">Unresolved - Escalation</LISTITEM>
      <LISTITEM Id="69" value="" DependentOn="7" WrapNote="" OptionTooltip="" Template="">Unresolved - Outage</LISTITEM>
      <LISTITEM Id="70" value="" DependentOn="7" WrapNote="" OptionTooltip="" Template="">Unresolved - Repairs</LISTITEM>
      <LISTITEM Id="71" value="" DependentOn="8" WrapNote="" OptionTooltip="" Template="">Resolved</LISTITEM>
      <LISTITEM Id="72" value="" DependentOn="8" WrapNote="" OptionTooltip="" Template="">Resolved - Deflected</LISTITEM>
      <LISTITEM Id="73" value="" DependentOn="8" WrapNote="" OptionTooltip="" Template="">Resolved - Gave info and Deflected</LISTITEM>
      <LISTITEM Id="74" value="" DependentOn="8" WrapNote="" OptionTooltip="" Template="">Resolved - Nqueue Submitted</LISTITEM>
      <LISTITEM Id="75" value="" DependentOn="8" WrapNote="" OptionTooltip="" Template="">Unresolved</LISTITEM>
      <LISTITEM Id="76" value="" DependentOn="8" WrapNote="" OptionTooltip="" Template="">Unresolved - Awaiting Response</LISTITEM>
      <LISTITEM Id="77" value="" DependentOn="8" WrapNote="" OptionTooltip="" Template="">Unresolved - Case Raised</LISTITEM>
      <LISTITEM Id="78" value="" DependentOn="8" WrapNote="" OptionTooltip="" Template="">Unresolved - Escalation</LISTITEM>
      <LISTITEM Id="79" value="" DependentOn="8" WrapNote="" OptionTooltip="" Template="">Unresolved - Outage</LISTITEM>
      <LISTITEM Id="80" value="" DependentOn="8" WrapNote="" OptionTooltip="" Template="">Unresolved - Repairs</LISTITEM>
      <LISTITEM Id="81" value="" DependentOn="9" WrapNote="" OptionTooltip="" Template="">Resolved</LISTITEM>
      <LISTITEM Id="82" value="" DependentOn="9" WrapNote="" OptionTooltip="" Template="">Resolved - Deflected</LISTITEM>
      <LISTITEM Id="83" value="" DependentOn="9" WrapNote="" OptionTooltip="" Template="">Resolved - Gave info and Deflected</LISTITEM>
      <LISTITEM Id="84" value="" DependentOn="9" WrapNote="" OptionTooltip="" Template="">Resolved - Nqueue Submitted</LISTITEM>
      <LISTITEM Id="85" value="" DependentOn="9" WrapNote="" OptionTooltip="" Template="">Unresolved</LISTITEM>
      <LISTITEM Id="86" value="" DependentOn="9" WrapNote="" OptionTooltip="" Template="">Unresolved - Awaiting Response</LISTITEM>
      <LISTITEM Id="87" value="" DependentOn="9" WrapNote="" OptionTooltip="" Template="">Unresolved - Case Raised</LISTITEM>
      <LISTITEM Id="88" value="" DependentOn="9" WrapNote="" OptionTooltip="" Template="">Unresolved - Escalation</LISTITEM>
      <LISTITEM Id="89" value="" DependentOn="9" WrapNote="" OptionTooltip="" Template="">Unresolved - Outage</LISTITEM>
      <LISTITEM Id="90" value="" DependentOn="9" WrapNote="" OptionTooltip="" Template="">Unresolved - Repairs</LISTITEM>
      <LISTITEM Id="91" value="" DependentOn="10" WrapNote="Dpa XX&#xA;To add Authorise Contact.&#xA;Registered authorised contact Name XX&#xA;2 Passwords  XX &amp;XX&#xA;Informed Authorised Contact cannot make any amendments but can only discuss account information" OptionTooltip="" Template="">Resolved</LISTITEM>
      <LISTITEM Id="92" value="" DependentOn="10" WrapNote="" OptionTooltip="" Template="">Unresolved</LISTITEM>
      <LISTITEM Id="93" value="" DependentOn="11" WrapNote="DPA XX&#xA;Request to change Marketing Preference due to unwanted calls from 3.&#xA;Attempted to deflect customer to my3  Yes orNo&#xA;Customer accepted  Yes orNo&#xA;hence changed preference on the account." OptionTooltip="" Template="">Resolved</LISTITEM>
      <LISTITEM Id="94" value="" DependentOn="11" WrapNote="" OptionTooltip="" Template="">Unresolved</LISTITEM>
      <LISTITEM Id="95" value="" DependentOn="12" WrapNote="DPA XX&#xA;Request to request change of Msisdn due to  nuisance ormalicious calls.&#xA;Raised SO XX&#xA;New Msisdn XX" OptionTooltip="" Template="">Resolved</LISTITEM>
      <LISTITEM Id="96" value="" DependentOn="12" WrapNote="" OptionTooltip="" Template="">Unresolved</LISTITEM>
      <LISTITEM Id="97" value="" DependentOn="13" WrapNote="DPA XX&#xA;Request to change XX&#xA;Attempted to deflect to my3  YES orNO&#xA;Customer accepted  Yes orNo&#xA;hence made changes  XX on the account" OptionTooltip="" Template="">Resolved</LISTITEM>
      <LISTITEM Id="98" value="" DependentOn="13" WrapNote="" OptionTooltip="" Template="">Unresolved</LISTITEM>
      <LISTITEM Id="99" value="" DependentOn="14" WrapNote="DPA XX&#xA;Wanted to enquire about remaining allowance. &#xA;Deflected to my3. refused my3 hence gave info from ask sid and promoted ivr XX" OptionTooltip="" Template="">Resolved</LISTITEM>
      <LISTITEM Id="100" value="" DependentOn="14" WrapNote="" OptionTooltip="" Template="">Unresolved</LISTITEM>
      <LISTITEM Id="101" value="" DependentOn="15" WrapNote="DPA XX&#xA;Request for Full Internet Access.&#xA;Informed he needs to register the card online on mipay  and if he does not want to register the card he needs to email us a copy of proof of age. Gave the 3 email address.XX&#xA;Raised a call back on CBMS for TL to follow up.SLA gave of 48 hrs once he registers  orsends email.Informed will receive sms once done&#xA;" OptionTooltip="" Template="">Resolved</LISTITEM>
      <LISTITEM Id="102" value="" DependentOn="15" WrapNote="" OptionTooltip="" Template="">Unresolved</LISTITEM>
      <LISTITEM Id="103" value="" DependentOn="16" WrapNote="" OptionTooltip="" Template="">Resolved</LISTITEM>
      <LISTITEM Id="104" value="" DependentOn="16" WrapNote="" OptionTooltip="" Template="">Unresolved</LISTITEM>
      <LISTITEM Id="105" value="" DependentOn="17" WrapNote="DPA XXXX&#xA;Request to downgrade the price plan from XXX to XX. Business rules met. SO Raised XX.&#xA;Nqueue ID   &#xA;information shared-new price plan will be effective from the next bill cycle date XXX  plan T&amp;C informed Yes orNa" OptionTooltip="" Template="">Resolved</LISTITEM>
      <LISTITEM Id="106" value="" DependentOn="17" WrapNote="" OptionTooltip="" Template="">Unresolved</LISTITEM>
      <LISTITEM Id="107" value="" DependentOn="18" WrapNote="DPA XX&#xA;Request to upgrade the price plan from  XXX TO XXX&#xA;business rules met.hence raised SO XX&#xA;Nqueue ID   &#xA;Information shared-new price plan XX will be effective from next Bill Cycle date XX&#xA; Plan T&amp;C informed  Yes  or NA&#xA;" OptionTooltip="" Template="">Resolved</LISTITEM>
      <LISTITEM Id="108" value="" DependentOn="18" WrapNote="" OptionTooltip="" Template="">Unresolved</LISTITEM>
      <LISTITEM Id="109" value="" DependentOn="19" WrapNote="DPA  XX&#xA;Wants to know contract end date.&#xA;deflected to ivr. Refused ivr XX hence gave info." OptionTooltip="" Template="">Resolved</LISTITEM>
      <LISTITEM Id="110" value="" DependentOn="19" WrapNote="" OptionTooltip="" Template="">Unresolved</LISTITEM>
      <LISTITEM Id="111" value="" DependentOn="20" WrapNote="DPA XX&#xA;Unable to use services due to credit limit breach.explained about credit limit XX and unbilled amount XX and out of bundle charges.advised to make interim payment. Refused as will wait till next allowance date XXX&#xA;My 3 Promotion  " OptionTooltip="" Template="">Resolved</LISTITEM>
      <LISTITEM Id="112" value="" DependentOn="20" WrapNote="" OptionTooltip="" Template="">Unresolved</LISTITEM>
      <LISTITEM Id="113" value="" DependentOn="21" WrapNote="DPA XX&#xA;Request to change delivery address.&#xA;Order not dispatched hence placed request on Nqueue.&#xA;New address XX &#xA;Nqueue ID XXX&#xA;" OptionTooltip="" Template="">Resolved</LISTITEM>
      <LISTITEM Id="114" value="" DependentOn="21" WrapNote="" OptionTooltip="" Template="">Unresolved</LISTITEM>
      <LISTITEM Id="115" value="" DependentOn="22" WrapNote="DPA XX&#xA;enquiry about delivery status.&#xA;DPD reference no.XXX&#xA;Status attempted but not delivered or XX . hence rearranged the delivery for XX&#xA;Nqueue id XX&#xA;" OptionTooltip="" Template="">Resolved</LISTITEM>
      <LISTITEM Id="116" value="" DependentOn="22" WrapNote="" OptionTooltip="" Template="">Unresolved</LISTITEM>
      <LISTITEM Id="117" value="" DependentOn="23" WrapNote="DPA &#xA;Enquiry about delivery status.&#xA;DPD refence no XXX&#xA;Status  Failed and returend to our warehouse. advised to place new order. refused hence sent email to CC 1st line to cancel the account and process refund.&#xA;Sla for refund 28days" OptionTooltip="" Template="">Resolved</LISTITEM>
      <LISTITEM Id="118" value="" DependentOn="23" WrapNote="" OptionTooltip="" Template="">Unresolved</LISTITEM>
      <LISTITEM Id="119" value="" DependentOn="24" WrapNote="DPA XX&#xA;enquiry about delivery status.Order ref no XX &#xA;DPD reference no XX&#xA;Order Status XX hence informed will receive the order on  XX" OptionTooltip="" Template="">Resolved</LISTITEM>
      <LISTITEM Id="120" value="" DependentOn="24" WrapNote="" OptionTooltip="" Template="">Unresolved</LISTITEM>
      <LISTITEM Id="121" value="" DependentOn="25" WrapNote="DPA XX&#xA;Request for replacement full cost device.&#xA;Reason XX Amount XX. &#xA;Refused  or will decide and call back" OptionTooltip="" Template="">Resolved</LISTITEM>
      <LISTITEM Id="122" value="" DependentOn="25" WrapNote="" OptionTooltip="" Template="">Unresolved</LISTITEM>
    </LISTITEMS>
    <Tabindex>5</Tabindex>
    <IsHide>False</IsHide>
  </ListBox>
  <TextBox>
    <Label>
      <Text>Comments</Text>
    </Label>
    <ControlID>1</ControlID>
    <ControlType>Basic</ControlType>
    <FieldID>txt_0TextBox</FieldID>
    <Title>Comments</Title>
    <X-Pos>741</X-Pos>
    <Y-Pos>254</Y-Pos>
    <Width>200</Width>
    <IsRequired>False</IsRequired>
    <IsPostBack>False</IsPostBack>
    <IsWrap>False</IsWrap>
    <PreWrap>
    </PreWrap>
    <PostWrap>
    </PostWrap>
    <TextMode>Multiline</TextMode>
    <IsType>Numeric</IsType>
    <MaxLength>500</MaxLength>
    <Dependency>
    </Dependency>
    <PrevRef>
    </PrevRef>
    <DependentID>
    </DependentID>
    <Tabindex>9</Tabindex>
    <Height>100</Height>
    <IsHide>False</IsHide>
  </TextBox>
  <TextBox>
    <Label>
      <Text>Date Time of issue</Text>
    </Label>
    <ControlID>1</ControlID>
    <ControlType>Basic</ControlType>
    <FieldID>txt_1TextBox</FieldID>
    <Title>Date Time of issue</Title>
    <X-Pos>449</X-Pos>
    <Y-Pos>254</Y-Pos>
    <Width>200</Width>
    <IsRequired>False</IsRequired>
    <IsPostBack>False</IsPostBack>
    <IsWrap>True</IsWrap>
    <PreWrap>Date Time</PreWrap>
    <PostWrap>
    </PostWrap>
    <TextMode>Singleline</TextMode>
    <IsType>Date</IsType>
    <MaxLength>20</MaxLength>
    <Dependency>
    </Dependency>
    <PrevRef>
    </PrevRef>
    <DependentID>
    </DependentID>
    <Tabindex>8</Tabindex>
    <Height>50</Height>
    <IsHide>True</IsHide>
  </TextBox>
  <DropDownList>
    <Label>
      <Text>Issue Type</Text>
    </Label>
    <ControlID>2</ControlID>
    <ControlType>Basic</ControlType>
    <FieldID>ddl_1DropDown</FieldID>
    <Title>Issue Type</Title>
    <DependentID>
    </DependentID>
    <X-Pos>10</X-Pos>
    <Y-Pos>254</Y-Pos>
    <Width>200</Width>
    <IsRequired>True</IsRequired>
    <IsManageable>True</IsManageable>
    <IsPostBack>False</IsPostBack>
    <Dependency>False</Dependency>
    <IsWrap>False</IsWrap>
    <PreWrap>
    </PreWrap>
    <PostWrap>
    </PostWrap>
    <PrevRef>
    </PrevRef>
    <IsQueryPattern>Contains</IsQueryPattern>
    <DataSource>XML</DataSource>
    <LISTITEMS>
      <LISTITEM Id="1" value="" DependentOn="0" WrapNote="" OptionTooltip="" Template="">Always</LISTITEM>
      <LISTITEM Id="2" value="" DependentOn="0" WrapNote="" OptionTooltip="" Template="">Sudden</LISTITEM>
      <LISTITEM Id="3" value="" DependentOn="0" WrapNote="" OptionTooltip="" Template="">Intermittent</LISTITEM>
    </LISTITEMS>
    <Tabindex>6</Tabindex>
    <IsHide>True</IsHide>
  </DropDownList>
  <ListBox>
    <Label>
      <Text>TBS Checklist</Text>
    </Label>
    <ControlID>5</ControlID>
    <ControlType>Basic</ControlType>
    <FieldID>lb_4ListBox</FieldID>
    <Title>TBS Checklist</Title>
    <DependentID>
    </DependentID>
    <X-Pos>223</X-Pos>
    <Y-Pos>254</Y-Pos>
    <Width>100</Width>
    <IsRequired>True</IsRequired>
    <IsManageable>True</IsManageable>
    <IsPostBack>False</IsPostBack>
    <Dependency>False</Dependency>
    <IsWrap>True</IsWrap>
    <PreWrap>TBS Checklist -</PreWrap>
    <PostWrap>
    </PostWrap>
    <PrevRef>
    </PrevRef>
    <DataSource>XML</DataSource>
    <LISTITEMS>
      <LISTITEM Id="1" value="" DependentOn="0" WrapNote="" OptionTooltip="" Template="">MBB customer called due to Connected but unable to browse issues</LISTITEM>
      <LISTITEM Id="2" value="" DependentOn="0" WrapNote="" OptionTooltip="" Template="">NBS customer called due to Connected but unable to browse issues.</LISTITEM>
      <LISTITEM Id="3" value="" DependentOn="0" WrapNote="" OptionTooltip="" Template="">Account is Active/Suspended/Disconnected</LISTITEM>
      <LISTITEM Id="4" value="" DependentOn="0" WrapNote="" OptionTooltip="" Template="">Available allowance/credit is</LISTITEM>
      <LISTITEM Id="5" value="" DependentOn="0" WrapNote="" OptionTooltip="" Template="">It is a Sudden/Intermittent/Always issue.</LISTITEM>
      <LISTITEM Id="6" value="" DependentOn="0" WrapNote="" OptionTooltip="" Template="">Top site as per Velocent is</LISTITEM>
      <LISTITEM Id="7" value="" DependentOn="0" WrapNote="" OptionTooltip="" Template="">Top Site is down/working fine as per Backstage/bizmaps.</LISTITEM>
      <LISTITEM Id="8" value="" DependentOn="0" WrapNote="" OptionTooltip="" Template="">Issue is evident on Velocent</LISTITEM>
      <LISTITEM Id="9" value="" DependentOn="0" WrapNote="" OptionTooltip="" Template="">Modem reboot done and issue was resolved/unresolved</LISTITEM>
      <LISTITEM Id="10" value="" DependentOn="0" WrapNote="" OptionTooltip="" Template="">Customer was able/unable to access the router homepage.</LISTITEM>
      <LISTITEM Id="11" value="" DependentOn="0" WrapNote="" OptionTooltip="" Template="">performed ping test and the result was 0% Packet loss/Request timed out/Ping request could not find host.</LISTITEM>
      <LISTITEM Id="12" value="" DependentOn="0" WrapNote="" OptionTooltip="" Template="">Optimized the browser.</LISTITEM>
      <LISTITEM Id="13" value="" DependentOn="0" WrapNote="" OptionTooltip="" Template="">Sent factsheets to the customer.</LISTITEM>
      <LISTITEM Id="14" value="" DependentOn="0" WrapNote="" OptionTooltip="" Template="">Issue was resolved/unresolved.</LISTITEM>
      <LISTITEM Id="15" value="" DependentOn="0" WrapNote="" OptionTooltip="" Template="">Raised a case to second line support and told the customer that we will review your case within the next 24-48 hours. Our network team may call you back if they require more information.</LISTITEM>
    </LISTITEMS>
    <Tabindex>7</Tabindex>
    <IsHide>True</IsHide>
  </ListBox>
  <DataScript>
    <IsUpdated>True</IsUpdated>
    <Array>var Arrayddl_0DropDown = new Array( 3 );
if (Arrayddl_0DropDown[0] ==null) Arrayddl_0DropDown[0] = new Array();
Arrayddl_0DropDown[0][1]= new Array('Inbound');
if (Arrayddl_0DropDown[0][1].WN ==null) Arrayddl_0DropDown[0][1].WN = '';
if (Arrayddl_0DropDown[0][1].OT ==null) Arrayddl_0DropDown[0][1].OT = '';
if (Arrayddl_0DropDown[0][1].T ==null) Arrayddl_0DropDown[0][1].T = '54';
if (Arrayddl_0DropDown[0] ==null) Arrayddl_0DropDown[0] = new Array();
Arrayddl_0DropDown[0][2]= new Array('Outbound');
if (Arrayddl_0DropDown[0][2].WN ==null) Arrayddl_0DropDown[0][2].WN = '';
if (Arrayddl_0DropDown[0][2].OT ==null) Arrayddl_0DropDown[0][2].OT = '';
if (Arrayddl_0DropDown[0][2].T ==null) Arrayddl_0DropDown[0][2].T = '0';
if (Arrayddl_0DropDown[0] ==null) Arrayddl_0DropDown[0] = new Array();
Arrayddl_0DropDown[0][3]= new Array('Transfer');
if (Arrayddl_0DropDown[0][3].WN ==null) Arrayddl_0DropDown[0][3].WN = '';
if (Arrayddl_0DropDown[0][3].OT ==null) Arrayddl_0DropDown[0][3].OT = '';
if (Arrayddl_0DropDown[0][3].T ==null) Arrayddl_0DropDown[0][3].T = '0';
var Arrayddl_1DropDown = new Array( 3 );
if (Arrayddl_1DropDown[0] ==null) Arrayddl_1DropDown[0] = new Array();
Arrayddl_1DropDown[0][1]= new Array('Always');
if (Arrayddl_1DropDown[0][1].WN ==null) Arrayddl_1DropDown[0][1].WN = '';
if (Arrayddl_1DropDown[0][1].OT ==null) Arrayddl_1DropDown[0][1].OT = '';
if (Arrayddl_1DropDown[0][1].T ==null) Arrayddl_1DropDown[0][1].T = '0';
if (Arrayddl_1DropDown[0] ==null) Arrayddl_1DropDown[0] = new Array();
Arrayddl_1DropDown[0][2]= new Array('Sudden');
if (Arrayddl_1DropDown[0][2].WN ==null) Arrayddl_1DropDown[0][2].WN = '';
if (Arrayddl_1DropDown[0][2].OT ==null) Arrayddl_1DropDown[0][2].OT = '';
if (Arrayddl_1DropDown[0][2].T ==null) Arrayddl_1DropDown[0][2].T = '0';
if (Arrayddl_1DropDown[0] ==null) Arrayddl_1DropDown[0] = new Array();
Arrayddl_1DropDown[0][3]= new Array('Intermittent');
if (Arrayddl_1DropDown[0][3].WN ==null) Arrayddl_1DropDown[0][3].WN = '';
if (Arrayddl_1DropDown[0][3].OT ==null) Arrayddl_1DropDown[0][3].OT = '';
if (Arrayddl_1DropDown[0][3].T ==null) Arrayddl_1DropDown[0][3].T = '0';
var Arraylb_0ListBox = new Array( 12 );
if (Arraylb_0ListBox[1] ==null) Arraylb_0ListBox[1] = new Array();
Arraylb_0ListBox[1][1]= new Array('Prepay');
if (Arraylb_0ListBox[1][1].WN ==null) Arraylb_0ListBox[1][1].WN = '';
if (Arraylb_0ListBox[1][1].OT ==null) Arraylb_0ListBox[1][1].OT = '';
if (Arraylb_0ListBox[1][1].T ==null) Arraylb_0ListBox[1][1].T = '0';
if (Arraylb_0ListBox[2] ==null) Arraylb_0ListBox[2] = new Array();
Arraylb_0ListBox[2][2]= new Array('Prepay');
if (Arraylb_0ListBox[2][2].WN ==null) Arraylb_0ListBox[2][2].WN = '';
if (Arraylb_0ListBox[2][2].OT ==null) Arraylb_0ListBox[2][2].OT = '';
if (Arraylb_0ListBox[2][2].T ==null) Arraylb_0ListBox[2][2].T = '0';
if (Arraylb_0ListBox[3] ==null) Arraylb_0ListBox[3] = new Array();
Arraylb_0ListBox[3][3]= new Array('Modem');
if (Arraylb_0ListBox[3][3].WN ==null) Arraylb_0ListBox[3][3].WN = '';
if (Arraylb_0ListBox[3][3].OT ==null) Arraylb_0ListBox[3][3].OT = '';
if (Arraylb_0ListBox[3][3].T ==null) Arraylb_0ListBox[3][3].T = '0';
if (Arraylb_0ListBox[4] ==null) Arraylb_0ListBox[4] = new Array();
Arraylb_0ListBox[4][4]= new Array('Credit Queries');
if (Arraylb_0ListBox[4][4].WN ==null) Arraylb_0ListBox[4][4].WN = '';
if (Arraylb_0ListBox[4][4].OT ==null) Arraylb_0ListBox[4][4].OT = '';
if (Arraylb_0ListBox[4][4].T ==null) Arraylb_0ListBox[4][4].T = '0';
if (Arraylb_0ListBox[5] ==null) Arraylb_0ListBox[5] = new Array();
Arraylb_0ListBox[5][5]= new Array('Account Profile Update');
if (Arraylb_0ListBox[5][5].WN ==null) Arraylb_0ListBox[5][5].WN = '';
if (Arraylb_0ListBox[5][5].OT ==null) Arraylb_0ListBox[5][5].OT = '';
if (Arraylb_0ListBox[5][5].T ==null) Arraylb_0ListBox[5][5].T = '0';
if (Arraylb_0ListBox[5] ==null) Arraylb_0ListBox[5] = new Array();
Arraylb_0ListBox[5][6]= new Array('Allowance Query');
if (Arraylb_0ListBox[5][6].WN ==null) Arraylb_0ListBox[5][6].WN = '';
if (Arraylb_0ListBox[5][6].OT ==null) Arraylb_0ListBox[5][6].OT = '';
if (Arraylb_0ListBox[5][6].T ==null) Arraylb_0ListBox[5][6].T = '0';
if (Arraylb_0ListBox[5] ==null) Arraylb_0ListBox[5] = new Array();
Arraylb_0ListBox[5][7]= new Array('Change Internet Profile');
if (Arraylb_0ListBox[5][7].WN ==null) Arraylb_0ListBox[5][7].WN = '';
if (Arraylb_0ListBox[5][7].OT ==null) Arraylb_0ListBox[5][7].OT = '';
if (Arraylb_0ListBox[5][7].T ==null) Arraylb_0ListBox[5][7].T = '0';
if (Arraylb_0ListBox[5] ==null) Arraylb_0ListBox[5] = new Array();
Arraylb_0ListBox[5][8]= new Array('Change Price Plan');
if (Arraylb_0ListBox[5][8].WN ==null) Arraylb_0ListBox[5][8].WN = '';
if (Arraylb_0ListBox[5][8].OT ==null) Arraylb_0ListBox[5][8].OT = '';
if (Arraylb_0ListBox[5][8].T ==null) Arraylb_0ListBox[5][8].T = '0';
if (Arraylb_0ListBox[5] ==null) Arraylb_0ListBox[5] = new Array();
Arraylb_0ListBox[5][9]= new Array('Contract Dates');
if (Arraylb_0ListBox[5][9].WN ==null) Arraylb_0ListBox[5][9].WN = '';
if (Arraylb_0ListBox[5][9].OT ==null) Arraylb_0ListBox[5][9].OT = '';
if (Arraylb_0ListBox[5][9].T ==null) Arraylb_0ListBox[5][9].T = '0';
if (Arraylb_0ListBox[5] ==null) Arraylb_0ListBox[5] = new Array();
Arraylb_0ListBox[5][10]= new Array('Credit Limit Breach');
if (Arraylb_0ListBox[5][10].WN ==null) Arraylb_0ListBox[5][10].WN = '';
if (Arraylb_0ListBox[5][10].OT ==null) Arraylb_0ListBox[5][10].OT = '';
if (Arraylb_0ListBox[5][10].T ==null) Arraylb_0ListBox[5][10].T = '0';
if (Arraylb_0ListBox[5] ==null) Arraylb_0ListBox[5] = new Array();
Arraylb_0ListBox[5][11]= new Array('Delivery &amp; Logistics');
if (Arraylb_0ListBox[5][11].WN ==null) Arraylb_0ListBox[5][11].WN = '';
if (Arraylb_0ListBox[5][11].OT ==null) Arraylb_0ListBox[5][11].OT = '';
if (Arraylb_0ListBox[5][11].T ==null) Arraylb_0ListBox[5][11].T = '0';
if (Arraylb_0ListBox[5] ==null) Arraylb_0ListBox[5] = new Array();
Arraylb_0ListBox[5][12]= new Array('Device Purchased');
if (Arraylb_0ListBox[5][12].WN ==null) Arraylb_0ListBox[5][12].WN = '';
if (Arraylb_0ListBox[5][12].OT ==null) Arraylb_0ListBox[5][12].OT = '';
if (Arraylb_0ListBox[5][12].T ==null) Arraylb_0ListBox[5][12].T = '0';
var Arraylb_1ListBox = new Array( 5 );
if (Arraylb_1ListBox[0] ==null) Arraylb_1ListBox[0] = new Array();
Arraylb_1ListBox[0][1]= new Array('Complaint');
if (Arraylb_1ListBox[0][1].WN ==null) Arraylb_1ListBox[0][1].WN = '';
if (Arraylb_1ListBox[0][1].OT ==null) Arraylb_1ListBox[0][1].OT = '';
if (Arraylb_1ListBox[0][1].T ==null) Arraylb_1ListBox[0][1].T = '0';
if (Arraylb_1ListBox[0] ==null) Arraylb_1ListBox[0] = new Array();
Arraylb_1ListBox[0][2]= new Array('Information Request');
if (Arraylb_1ListBox[0][2].WN ==null) Arraylb_1ListBox[0][2].WN = '';
if (Arraylb_1ListBox[0][2].OT ==null) Arraylb_1ListBox[0][2].OT = '';
if (Arraylb_1ListBox[0][2].T ==null) Arraylb_1ListBox[0][2].T = '0';
if (Arraylb_1ListBox[0] ==null) Arraylb_1ListBox[0] = new Array();
Arraylb_1ListBox[0][3]= new Array('Network Service Performance');
if (Arraylb_1ListBox[0][3].WN ==null) Arraylb_1ListBox[0][3].WN = '';
if (Arraylb_1ListBox[0][3].OT ==null) Arraylb_1ListBox[0][3].OT = '';
if (Arraylb_1ListBox[0][3].T ==null) Arraylb_1ListBox[0][3].T = '0';
if (Arraylb_1ListBox[0] ==null) Arraylb_1ListBox[0] = new Array();
Arraylb_1ListBox[0][4]= new Array('Prepay');
if (Arraylb_1ListBox[0][4].WN ==null) Arraylb_1ListBox[0][4].WN = '';
if (Arraylb_1ListBox[0][4].OT ==null) Arraylb_1ListBox[0][4].OT = '';
if (Arraylb_1ListBox[0][4].T ==null) Arraylb_1ListBox[0][4].T = '0';
if (Arraylb_1ListBox[0] ==null) Arraylb_1ListBox[0] = new Array();
Arraylb_1ListBox[0][5]= new Array('Account Administration');
if (Arraylb_1ListBox[0][5].WN ==null) Arraylb_1ListBox[0][5].WN = '';
if (Arraylb_1ListBox[0][5].OT ==null) Arraylb_1ListBox[0][5].OT = '';
if (Arraylb_1ListBox[0][5].T ==null) Arraylb_1ListBox[0][5].T = '0';
var Arraylb_2ListBox = new Array( 25 );
if (Arraylb_2ListBox[1] ==null) Arraylb_2ListBox[1] = new Array();
Arraylb_2ListBox[1][1]= new Array('Usage/ Balance Dispute');
if (Arraylb_2ListBox[1][1].WN ==null) Arraylb_2ListBox[1][1].WN = '';
if (Arraylb_2ListBox[1][1].OT ==null) Arraylb_2ListBox[1][1].OT = '';
if (Arraylb_2ListBox[1][1].T ==null) Arraylb_2ListBox[1][1].T = '0';
if (Arraylb_2ListBox[2] ==null) Arraylb_2ListBox[2] = new Array();
Arraylb_2ListBox[2][2]= new Array('Balance allowance query');
if (Arraylb_2ListBox[2][2].WN ==null) Arraylb_2ListBox[2][2].WN = '';
if (Arraylb_2ListBox[2][2].OT ==null) Arraylb_2ListBox[2][2].OT = '';
if (Arraylb_2ListBox[2][2].T ==null) Arraylb_2ListBox[2][2].T = '0';
if (Arraylb_2ListBox[2] ==null) Arraylb_2ListBox[2] = new Array();
Arraylb_2ListBox[2][3]= new Array('Usage report');
if (Arraylb_2ListBox[2][3].WN ==null) Arraylb_2ListBox[2][3].WN = '';
if (Arraylb_2ListBox[2][3].OT ==null) Arraylb_2ListBox[2][3].OT = '';
if (Arraylb_2ListBox[2][3].T ==null) Arraylb_2ListBox[2][3].T = '0';
if (Arraylb_2ListBox[3] ==null) Arraylb_2ListBox[3] = new Array();
Arraylb_2ListBox[3][4]= new Array('Connected But Unable to Browse');
if (Arraylb_2ListBox[3][4].WN ==null) Arraylb_2ListBox[3][4].WN = '';
if (Arraylb_2ListBox[3][4].OT ==null) Arraylb_2ListBox[3][4].OT = '';
if (Arraylb_2ListBox[3][4].T ==null) Arraylb_2ListBox[3][4].T = '0';
if (Arraylb_2ListBox[3] ==null) Arraylb_2ListBox[3] = new Array();
Arraylb_2ListBox[3][5]= new Array('Error 619- Connection Error');
if (Arraylb_2ListBox[3][5].WN ==null) Arraylb_2ListBox[3][5].WN = '';
if (Arraylb_2ListBox[3][5].OT ==null) Arraylb_2ListBox[3][5].OT = '';
if (Arraylb_2ListBox[3][5].T ==null) Arraylb_2ListBox[3][5].T = '0';
if (Arraylb_2ListBox[3] ==null) Arraylb_2ListBox[3] = new Array();
Arraylb_2ListBox[3][6]= new Array('Frequent Disconnection');
if (Arraylb_2ListBox[3][6].WN ==null) Arraylb_2ListBox[3][6].WN = '';
if (Arraylb_2ListBox[3][6].OT ==null) Arraylb_2ListBox[3][6].OT = '';
if (Arraylb_2ListBox[3][6].T ==null) Arraylb_2ListBox[3][6].T = '0';
if (Arraylb_2ListBox[4] ==null) Arraylb_2ListBox[4] = new Array();
Arraylb_2ListBox[4][7]= new Array('Missing MNP Credit');
if (Arraylb_2ListBox[4][7].WN ==null) Arraylb_2ListBox[4][7].WN = '';
if (Arraylb_2ListBox[4][7].OT ==null) Arraylb_2ListBox[4][7].OT = '';
if (Arraylb_2ListBox[4][7].T ==null) Arraylb_2ListBox[4][7].T = '0';
if (Arraylb_2ListBox[4] ==null) Arraylb_2ListBox[4] = new Array();
Arraylb_2ListBox[4][8]= new Array('PDD');
if (Arraylb_2ListBox[4][8].WN ==null) Arraylb_2ListBox[4][8].WN = '';
if (Arraylb_2ListBox[4][8].OT ==null) Arraylb_2ListBox[4][8].OT = '';
if (Arraylb_2ListBox[4][8].T ==null) Arraylb_2ListBox[4][8].T = '0';
if (Arraylb_2ListBox[4] ==null) Arraylb_2ListBox[4] = new Array();
Arraylb_2ListBox[4][9]= new Array('Registration credit');
if (Arraylb_2ListBox[4][9].WN ==null) Arraylb_2ListBox[4][9].WN = '';
if (Arraylb_2ListBox[4][9].OT ==null) Arraylb_2ListBox[4][9].OT = '';
if (Arraylb_2ListBox[4][9].T ==null) Arraylb_2ListBox[4][9].T = '0';
if (Arraylb_2ListBox[5] ==null) Arraylb_2ListBox[5] = new Array();
Arraylb_2ListBox[5][10]= new Array('Add Authorised Contact');
if (Arraylb_2ListBox[5][10].WN ==null) Arraylb_2ListBox[5][10].WN = '';
if (Arraylb_2ListBox[5][10].OT ==null) Arraylb_2ListBox[5][10].OT = '';
if (Arraylb_2ListBox[5][10].T ==null) Arraylb_2ListBox[5][10].T = '0';
if (Arraylb_2ListBox[5] ==null) Arraylb_2ListBox[5] = new Array();
Arraylb_2ListBox[5][11]= new Array('Change Marketing Preferences');
if (Arraylb_2ListBox[5][11].WN ==null) Arraylb_2ListBox[5][11].WN = '';
if (Arraylb_2ListBox[5][11].OT ==null) Arraylb_2ListBox[5][11].OT = '';
if (Arraylb_2ListBox[5][11].T ==null) Arraylb_2ListBox[5][11].T = '0';
if (Arraylb_2ListBox[5] ==null) Arraylb_2ListBox[5] = new Array();
Arraylb_2ListBox[5][12]= new Array('Change MSISDN');
if (Arraylb_2ListBox[5][12].WN ==null) Arraylb_2ListBox[5][12].WN = '';
if (Arraylb_2ListBox[5][12].OT ==null) Arraylb_2ListBox[5][12].OT = '';
if (Arraylb_2ListBox[5][12].T ==null) Arraylb_2ListBox[5][12].T = '0';
if (Arraylb_2ListBox[5] ==null) Arraylb_2ListBox[5] = new Array();
Arraylb_2ListBox[5][13]= new Array('Update Personal Information');
if (Arraylb_2ListBox[5][13].WN ==null) Arraylb_2ListBox[5][13].WN = '';
if (Arraylb_2ListBox[5][13].OT ==null) Arraylb_2ListBox[5][13].OT = '';
if (Arraylb_2ListBox[5][13].T ==null) Arraylb_2ListBox[5][13].T = '0';
if (Arraylb_2ListBox[6] ==null) Arraylb_2ListBox[6] = new Array();
Arraylb_2ListBox[6][14]= new Array('Allowance Query.');
if (Arraylb_2ListBox[6][14].WN ==null) Arraylb_2ListBox[6][14].WN = '';
if (Arraylb_2ListBox[6][14].OT ==null) Arraylb_2ListBox[6][14].OT = '';
if (Arraylb_2ListBox[6][14].T ==null) Arraylb_2ListBox[6][14].T = '0';
if (Arraylb_2ListBox[7] ==null) Arraylb_2ListBox[7] = new Array();
Arraylb_2ListBox[7][15]= new Array('Age Verification');
if (Arraylb_2ListBox[7][15].WN ==null) Arraylb_2ListBox[7][15].WN = '';
if (Arraylb_2ListBox[7][15].OT ==null) Arraylb_2ListBox[7][15].OT = '';
if (Arraylb_2ListBox[7][15].T ==null) Arraylb_2ListBox[7][15].T = '0';
if (Arraylb_2ListBox[8] ==null) Arraylb_2ListBox[8] = new Array();
Arraylb_2ListBox[8][16]= new Array('€55 Unlimited');
if (Arraylb_2ListBox[8][16].WN ==null) Arraylb_2ListBox[8][16].WN = '';
if (Arraylb_2ListBox[8][16].OT ==null) Arraylb_2ListBox[8][16].OT = '';
if (Arraylb_2ListBox[8][16].T ==null) Arraylb_2ListBox[8][16].T = '0';
if (Arraylb_2ListBox[8] ==null) Arraylb_2ListBox[8] = new Array();
Arraylb_2ListBox[8][17]= new Array('Decrease Price Plan');
if (Arraylb_2ListBox[8][17].WN ==null) Arraylb_2ListBox[8][17].WN = '';
if (Arraylb_2ListBox[8][17].OT ==null) Arraylb_2ListBox[8][17].OT = '';
if (Arraylb_2ListBox[8][17].T ==null) Arraylb_2ListBox[8][17].T = '0';
if (Arraylb_2ListBox[8] ==null) Arraylb_2ListBox[8] = new Array();
Arraylb_2ListBox[8][18]= new Array('Increase Price Plan');
if (Arraylb_2ListBox[8][18].WN ==null) Arraylb_2ListBox[8][18].WN = '';
if (Arraylb_2ListBox[8][18].OT ==null) Arraylb_2ListBox[8][18].OT = '';
if (Arraylb_2ListBox[8][18].T ==null) Arraylb_2ListBox[8][18].T = '0';
if (Arraylb_2ListBox[9] ==null) Arraylb_2ListBox[9] = new Array();
Arraylb_2ListBox[9][19]= new Array('Contract Dates.');
if (Arraylb_2ListBox[9][19].WN ==null) Arraylb_2ListBox[9][19].WN = '';
if (Arraylb_2ListBox[9][19].OT ==null) Arraylb_2ListBox[9][19].OT = '';
if (Arraylb_2ListBox[9][19].T ==null) Arraylb_2ListBox[9][19].T = '0';
if (Arraylb_2ListBox[10] ==null) Arraylb_2ListBox[10] = new Array();
Arraylb_2ListBox[10][20]= new Array('Credit Limit Breach.');
if (Arraylb_2ListBox[10][20].WN ==null) Arraylb_2ListBox[10][20].WN = '';
if (Arraylb_2ListBox[10][20].OT ==null) Arraylb_2ListBox[10][20].OT = '';
if (Arraylb_2ListBox[10][20].T ==null) Arraylb_2ListBox[10][20].T = '0';
if (Arraylb_2ListBox[11] ==null) Arraylb_2ListBox[11] = new Array();
Arraylb_2ListBox[11][21]= new Array('Change Delivery Address');
if (Arraylb_2ListBox[11][21].WN ==null) Arraylb_2ListBox[11][21].WN = '';
if (Arraylb_2ListBox[11][21].OT ==null) Arraylb_2ListBox[11][21].OT = '';
if (Arraylb_2ListBox[11][21].T ==null) Arraylb_2ListBox[11][21].T = '0';
if (Arraylb_2ListBox[11] ==null) Arraylb_2ListBox[11] = new Array();
Arraylb_2ListBox[11][22]= new Array('Delayed Delivery Issue');
if (Arraylb_2ListBox[11][22].WN ==null) Arraylb_2ListBox[11][22].WN = '';
if (Arraylb_2ListBox[11][22].OT ==null) Arraylb_2ListBox[11][22].OT = '';
if (Arraylb_2ListBox[11][22].T ==null) Arraylb_2ListBox[11][22].T = '0';
if (Arraylb_2ListBox[11] ==null) Arraylb_2ListBox[11] = new Array();
Arraylb_2ListBox[11][23]= new Array('Failed Delivery');
if (Arraylb_2ListBox[11][23].WN ==null) Arraylb_2ListBox[11][23].WN = '';
if (Arraylb_2ListBox[11][23].OT ==null) Arraylb_2ListBox[11][23].OT = '';
if (Arraylb_2ListBox[11][23].T ==null) Arraylb_2ListBox[11][23].T = '0';
if (Arraylb_2ListBox[11] ==null) Arraylb_2ListBox[11] = new Array();
Arraylb_2ListBox[11][24]= new Array('Status Enquiry');
if (Arraylb_2ListBox[11][24].WN ==null) Arraylb_2ListBox[11][24].WN = '';
if (Arraylb_2ListBox[11][24].OT ==null) Arraylb_2ListBox[11][24].OT = '';
if (Arraylb_2ListBox[11][24].T ==null) Arraylb_2ListBox[11][24].T = '0';
if (Arraylb_2ListBox[12] ==null) Arraylb_2ListBox[12] = new Array();
Arraylb_2ListBox[12][25]= new Array('Device Purchased.');
if (Arraylb_2ListBox[12][25].WN ==null) Arraylb_2ListBox[12][25].WN = '';
if (Arraylb_2ListBox[12][25].OT ==null) Arraylb_2ListBox[12][25].OT = '';
if (Arraylb_2ListBox[12][25].T ==null) Arraylb_2ListBox[12][25].T = '0';
var Arraylb_3ListBox = new Array( 122 );
if (Arraylb_3ListBox[1] ==null) Arraylb_3ListBox[1] = new Array();
Arraylb_3ListBox[1][1]= new Array('Resolved');
if (Arraylb_3ListBox[1][1].WN ==null) Arraylb_3ListBox[1][1].WN = '';
if (Arraylb_3ListBox[1][1].OT ==null) Arraylb_3ListBox[1][1].OT = '';
if (Arraylb_3ListBox[1][1].T ==null) Arraylb_3ListBox[1][1].T = '0';
if (Arraylb_3ListBox[1] ==null) Arraylb_3ListBox[1] = new Array();
Arraylb_3ListBox[1][2]= new Array('Resolved - Deflected');
if (Arraylb_3ListBox[1][2].WN ==null) Arraylb_3ListBox[1][2].WN = '';
if (Arraylb_3ListBox[1][2].OT ==null) Arraylb_3ListBox[1][2].OT = '';
if (Arraylb_3ListBox[1][2].T ==null) Arraylb_3ListBox[1][2].T = '0';
if (Arraylb_3ListBox[1] ==null) Arraylb_3ListBox[1] = new Array();
Arraylb_3ListBox[1][3]= new Array('Resolved - Gave info and Deflected');
if (Arraylb_3ListBox[1][3].WN ==null) Arraylb_3ListBox[1][3].WN = '';
if (Arraylb_3ListBox[1][3].OT ==null) Arraylb_3ListBox[1][3].OT = '';
if (Arraylb_3ListBox[1][3].T ==null) Arraylb_3ListBox[1][3].T = '0';
if (Arraylb_3ListBox[1] ==null) Arraylb_3ListBox[1] = new Array();
Arraylb_3ListBox[1][4]= new Array('Resolved - Nqueue Submitted');
if (Arraylb_3ListBox[1][4].WN ==null) Arraylb_3ListBox[1][4].WN = '';
if (Arraylb_3ListBox[1][4].OT ==null) Arraylb_3ListBox[1][4].OT = '';
if (Arraylb_3ListBox[1][4].T ==null) Arraylb_3ListBox[1][4].T = '0';
if (Arraylb_3ListBox[1] ==null) Arraylb_3ListBox[1] = new Array();
Arraylb_3ListBox[1][5]= new Array('Unresolved');
if (Arraylb_3ListBox[1][5].WN ==null) Arraylb_3ListBox[1][5].WN = '';
if (Arraylb_3ListBox[1][5].OT ==null) Arraylb_3ListBox[1][5].OT = '';
if (Arraylb_3ListBox[1][5].T ==null) Arraylb_3ListBox[1][5].T = '0';
if (Arraylb_3ListBox[1] ==null) Arraylb_3ListBox[1] = new Array();
Arraylb_3ListBox[1][6]= new Array('Unresolved - Awaiting Response');
if (Arraylb_3ListBox[1][6].WN ==null) Arraylb_3ListBox[1][6].WN = '';
if (Arraylb_3ListBox[1][6].OT ==null) Arraylb_3ListBox[1][6].OT = '';
if (Arraylb_3ListBox[1][6].T ==null) Arraylb_3ListBox[1][6].T = '0';
if (Arraylb_3ListBox[1] ==null) Arraylb_3ListBox[1] = new Array();
Arraylb_3ListBox[1][7]= new Array('Unresolved - Case Raised');
if (Arraylb_3ListBox[1][7].WN ==null) Arraylb_3ListBox[1][7].WN = '';
if (Arraylb_3ListBox[1][7].OT ==null) Arraylb_3ListBox[1][7].OT = '';
if (Arraylb_3ListBox[1][7].T ==null) Arraylb_3ListBox[1][7].T = '0';
if (Arraylb_3ListBox[1] ==null) Arraylb_3ListBox[1] = new Array();
Arraylb_3ListBox[1][8]= new Array('Unresolved - Escalation');
if (Arraylb_3ListBox[1][8].WN ==null) Arraylb_3ListBox[1][8].WN = '';
if (Arraylb_3ListBox[1][8].OT ==null) Arraylb_3ListBox[1][8].OT = '';
if (Arraylb_3ListBox[1][8].T ==null) Arraylb_3ListBox[1][8].T = '0';
if (Arraylb_3ListBox[1] ==null) Arraylb_3ListBox[1] = new Array();
Arraylb_3ListBox[1][9]= new Array('Unresolved - Outage');
if (Arraylb_3ListBox[1][9].WN ==null) Arraylb_3ListBox[1][9].WN = '';
if (Arraylb_3ListBox[1][9].OT ==null) Arraylb_3ListBox[1][9].OT = '';
if (Arraylb_3ListBox[1][9].T ==null) Arraylb_3ListBox[1][9].T = '0';
if (Arraylb_3ListBox[1] ==null) Arraylb_3ListBox[1] = new Array();
Arraylb_3ListBox[1][10]= new Array('Unresolved - Repairs');
if (Arraylb_3ListBox[1][10].WN ==null) Arraylb_3ListBox[1][10].WN = '';
if (Arraylb_3ListBox[1][10].OT ==null) Arraylb_3ListBox[1][10].OT = '';
if (Arraylb_3ListBox[1][10].T ==null) Arraylb_3ListBox[1][10].T = '0';
if (Arraylb_3ListBox[2] ==null) Arraylb_3ListBox[2] = new Array();
Arraylb_3ListBox[2][11]= new Array('Resolved');
if (Arraylb_3ListBox[2][11].WN ==null) Arraylb_3ListBox[2][11].WN = '';
if (Arraylb_3ListBox[2][11].OT ==null) Arraylb_3ListBox[2][11].OT = '';
if (Arraylb_3ListBox[2][11].T ==null) Arraylb_3ListBox[2][11].T = '0';
if (Arraylb_3ListBox[2] ==null) Arraylb_3ListBox[2] = new Array();
Arraylb_3ListBox[2][12]= new Array('Resolved - Deflected');
if (Arraylb_3ListBox[2][12].WN ==null) Arraylb_3ListBox[2][12].WN = '';
if (Arraylb_3ListBox[2][12].OT ==null) Arraylb_3ListBox[2][12].OT = '';
if (Arraylb_3ListBox[2][12].T ==null) Arraylb_3ListBox[2][12].T = '0';
if (Arraylb_3ListBox[2] ==null) Arraylb_3ListBox[2] = new Array();
Arraylb_3ListBox[2][13]= new Array('Resolved - Gave info and Deflected');
if (Arraylb_3ListBox[2][13].WN ==null) Arraylb_3ListBox[2][13].WN = '';
if (Arraylb_3ListBox[2][13].OT ==null) Arraylb_3ListBox[2][13].OT = '';
if (Arraylb_3ListBox[2][13].T ==null) Arraylb_3ListBox[2][13].T = '0';
if (Arraylb_3ListBox[2] ==null) Arraylb_3ListBox[2] = new Array();
Arraylb_3ListBox[2][14]= new Array('Resolved - Nqueue Submitted');
if (Arraylb_3ListBox[2][14].WN ==null) Arraylb_3ListBox[2][14].WN = '';
if (Arraylb_3ListBox[2][14].OT ==null) Arraylb_3ListBox[2][14].OT = '';
if (Arraylb_3ListBox[2][14].T ==null) Arraylb_3ListBox[2][14].T = '0';
if (Arraylb_3ListBox[2] ==null) Arraylb_3ListBox[2] = new Array();
Arraylb_3ListBox[2][15]= new Array('Unresolved');
if (Arraylb_3ListBox[2][15].WN ==null) Arraylb_3ListBox[2][15].WN = '';
if (Arraylb_3ListBox[2][15].OT ==null) Arraylb_3ListBox[2][15].OT = '';
if (Arraylb_3ListBox[2][15].T ==null) Arraylb_3ListBox[2][15].T = '0';
if (Arraylb_3ListBox[2] ==null) Arraylb_3ListBox[2] = new Array();
Arraylb_3ListBox[2][16]= new Array('Unresolved - Awaiting Response');
if (Arraylb_3ListBox[2][16].WN ==null) Arraylb_3ListBox[2][16].WN = '';
if (Arraylb_3ListBox[2][16].OT ==null) Arraylb_3ListBox[2][16].OT = '';
if (Arraylb_3ListBox[2][16].T ==null) Arraylb_3ListBox[2][16].T = '0';
if (Arraylb_3ListBox[2] ==null) Arraylb_3ListBox[2] = new Array();
Arraylb_3ListBox[2][17]= new Array('Unresolved - Case Raised');
if (Arraylb_3ListBox[2][17].WN ==null) Arraylb_3ListBox[2][17].WN = '';
if (Arraylb_3ListBox[2][17].OT ==null) Arraylb_3ListBox[2][17].OT = '';
if (Arraylb_3ListBox[2][17].T ==null) Arraylb_3ListBox[2][17].T = '0';
if (Arraylb_3ListBox[2] ==null) Arraylb_3ListBox[2] = new Array();
Arraylb_3ListBox[2][18]= new Array('Unresolved - Escalation');
if (Arraylb_3ListBox[2][18].WN ==null) Arraylb_3ListBox[2][18].WN = '';
if (Arraylb_3ListBox[2][18].OT ==null) Arraylb_3ListBox[2][18].OT = '';
if (Arraylb_3ListBox[2][18].T ==null) Arraylb_3ListBox[2][18].T = '0';
if (Arraylb_3ListBox[2] ==null) Arraylb_3ListBox[2] = new Array();
Arraylb_3ListBox[2][19]= new Array('Unresolved - Outage');
if (Arraylb_3ListBox[2][19].WN ==null) Arraylb_3ListBox[2][19].WN = '';
if (Arraylb_3ListBox[2][19].OT ==null) Arraylb_3ListBox[2][19].OT = '';
if (Arraylb_3ListBox[2][19].T ==null) Arraylb_3ListBox[2][19].T = '0';
if (Arraylb_3ListBox[2] ==null) Arraylb_3ListBox[2] = new Array();
Arraylb_3ListBox[2][20]= new Array('Unresolved - Repairs');
if (Arraylb_3ListBox[2][20].WN ==null) Arraylb_3ListBox[2][20].WN = '';
if (Arraylb_3ListBox[2][20].OT ==null) Arraylb_3ListBox[2][20].OT = '';
if (Arraylb_3ListBox[2][20].T ==null) Arraylb_3ListBox[2][20].T = '0';
if (Arraylb_3ListBox[3] ==null) Arraylb_3ListBox[3] = new Array();
Arraylb_3ListBox[3][21]= new Array('Resolved');
if (Arraylb_3ListBox[3][21].WN ==null) Arraylb_3ListBox[3][21].WN = '';
if (Arraylb_3ListBox[3][21].OT ==null) Arraylb_3ListBox[3][21].OT = '';
if (Arraylb_3ListBox[3][21].T ==null) Arraylb_3ListBox[3][21].T = '0';
if (Arraylb_3ListBox[3] ==null) Arraylb_3ListBox[3] = new Array();
Arraylb_3ListBox[3][22]= new Array('Resolved - Deflected');
if (Arraylb_3ListBox[3][22].WN ==null) Arraylb_3ListBox[3][22].WN = '';
if (Arraylb_3ListBox[3][22].OT ==null) Arraylb_3ListBox[3][22].OT = '';
if (Arraylb_3ListBox[3][22].T ==null) Arraylb_3ListBox[3][22].T = '0';
if (Arraylb_3ListBox[3] ==null) Arraylb_3ListBox[3] = new Array();
Arraylb_3ListBox[3][23]= new Array('Resolved - Gave info and Deflected');
if (Arraylb_3ListBox[3][23].WN ==null) Arraylb_3ListBox[3][23].WN = '';
if (Arraylb_3ListBox[3][23].OT ==null) Arraylb_3ListBox[3][23].OT = '';
if (Arraylb_3ListBox[3][23].T ==null) Arraylb_3ListBox[3][23].T = '0';
if (Arraylb_3ListBox[3] ==null) Arraylb_3ListBox[3] = new Array();
Arraylb_3ListBox[3][24]= new Array('Resolved - Nqueue Submitted');
if (Arraylb_3ListBox[3][24].WN ==null) Arraylb_3ListBox[3][24].WN = '';
if (Arraylb_3ListBox[3][24].OT ==null) Arraylb_3ListBox[3][24].OT = '';
if (Arraylb_3ListBox[3][24].T ==null) Arraylb_3ListBox[3][24].T = '0';
if (Arraylb_3ListBox[3] ==null) Arraylb_3ListBox[3] = new Array();
Arraylb_3ListBox[3][25]= new Array('Unresolved');
if (Arraylb_3ListBox[3][25].WN ==null) Arraylb_3ListBox[3][25].WN = '';
if (Arraylb_3ListBox[3][25].OT ==null) Arraylb_3ListBox[3][25].OT = '';
if (Arraylb_3ListBox[3][25].T ==null) Arraylb_3ListBox[3][25].T = '0';
if (Arraylb_3ListBox[3] ==null) Arraylb_3ListBox[3] = new Array();
Arraylb_3ListBox[3][26]= new Array('Unresolved - Awaiting Response');
if (Arraylb_3ListBox[3][26].WN ==null) Arraylb_3ListBox[3][26].WN = '';
if (Arraylb_3ListBox[3][26].OT ==null) Arraylb_3ListBox[3][26].OT = '';
if (Arraylb_3ListBox[3][26].T ==null) Arraylb_3ListBox[3][26].T = '0';
if (Arraylb_3ListBox[3] ==null) Arraylb_3ListBox[3] = new Array();
Arraylb_3ListBox[3][27]= new Array('Unresolved - Case Raised');
if (Arraylb_3ListBox[3][27].WN ==null) Arraylb_3ListBox[3][27].WN = '';
if (Arraylb_3ListBox[3][27].OT ==null) Arraylb_3ListBox[3][27].OT = '';
if (Arraylb_3ListBox[3][27].T ==null) Arraylb_3ListBox[3][27].T = '0';
if (Arraylb_3ListBox[3] ==null) Arraylb_3ListBox[3] = new Array();
Arraylb_3ListBox[3][28]= new Array('Unresolved - Escalation');
if (Arraylb_3ListBox[3][28].WN ==null) Arraylb_3ListBox[3][28].WN = '';
if (Arraylb_3ListBox[3][28].OT ==null) Arraylb_3ListBox[3][28].OT = '';
if (Arraylb_3ListBox[3][28].T ==null) Arraylb_3ListBox[3][28].T = '0';
if (Arraylb_3ListBox[3] ==null) Arraylb_3ListBox[3] = new Array();
Arraylb_3ListBox[3][29]= new Array('Unresolved - Outage');
if (Arraylb_3ListBox[3][29].WN ==null) Arraylb_3ListBox[3][29].WN = '';
if (Arraylb_3ListBox[3][29].OT ==null) Arraylb_3ListBox[3][29].OT = '';
if (Arraylb_3ListBox[3][29].T ==null) Arraylb_3ListBox[3][29].T = '0';
if (Arraylb_3ListBox[3] ==null) Arraylb_3ListBox[3] = new Array();
Arraylb_3ListBox[3][30]= new Array('Unresolved - Repairs');
if (Arraylb_3ListBox[3][30].WN ==null) Arraylb_3ListBox[3][30].WN = '';
if (Arraylb_3ListBox[3][30].OT ==null) Arraylb_3ListBox[3][30].OT = '';
if (Arraylb_3ListBox[3][30].T ==null) Arraylb_3ListBox[3][30].T = '0';
if (Arraylb_3ListBox[4] ==null) Arraylb_3ListBox[4] = new Array();
Arraylb_3ListBox[4][31]= new Array('Resolved');
if (Arraylb_3ListBox[4][31].WN ==null) Arraylb_3ListBox[4][31].WN = '';
if (Arraylb_3ListBox[4][31].OT ==null) Arraylb_3ListBox[4][31].OT = '';
if (Arraylb_3ListBox[4][31].T ==null) Arraylb_3ListBox[4][31].T = '0';
if (Arraylb_3ListBox[4] ==null) Arraylb_3ListBox[4] = new Array();
Arraylb_3ListBox[4][32]= new Array('Resolved - Deflected');
if (Arraylb_3ListBox[4][32].WN ==null) Arraylb_3ListBox[4][32].WN = '';
if (Arraylb_3ListBox[4][32].OT ==null) Arraylb_3ListBox[4][32].OT = '';
if (Arraylb_3ListBox[4][32].T ==null) Arraylb_3ListBox[4][32].T = '0';
if (Arraylb_3ListBox[4] ==null) Arraylb_3ListBox[4] = new Array();
Arraylb_3ListBox[4][33]= new Array('Resolved - Gave info and Deflected');
if (Arraylb_3ListBox[4][33].WN ==null) Arraylb_3ListBox[4][33].WN = '';
if (Arraylb_3ListBox[4][33].OT ==null) Arraylb_3ListBox[4][33].OT = '';
if (Arraylb_3ListBox[4][33].T ==null) Arraylb_3ListBox[4][33].T = '0';
if (Arraylb_3ListBox[4] ==null) Arraylb_3ListBox[4] = new Array();
Arraylb_3ListBox[4][34]= new Array('Resolved - Nqueue Submitted');
if (Arraylb_3ListBox[4][34].WN ==null) Arraylb_3ListBox[4][34].WN = '';
if (Arraylb_3ListBox[4][34].OT ==null) Arraylb_3ListBox[4][34].OT = '';
if (Arraylb_3ListBox[4][34].T ==null) Arraylb_3ListBox[4][34].T = '0';
if (Arraylb_3ListBox[4] ==null) Arraylb_3ListBox[4] = new Array();
Arraylb_3ListBox[4][35]= new Array('Unresolved');
if (Arraylb_3ListBox[4][35].WN ==null) Arraylb_3ListBox[4][35].WN = '';
if (Arraylb_3ListBox[4][35].OT ==null) Arraylb_3ListBox[4][35].OT = '';
if (Arraylb_3ListBox[4][35].T ==null) Arraylb_3ListBox[4][35].T = '0';
if (Arraylb_3ListBox[4] ==null) Arraylb_3ListBox[4] = new Array();
Arraylb_3ListBox[4][36]= new Array('Unresolved - Awaiting Response');
if (Arraylb_3ListBox[4][36].WN ==null) Arraylb_3ListBox[4][36].WN = '';
if (Arraylb_3ListBox[4][36].OT ==null) Arraylb_3ListBox[4][36].OT = '';
if (Arraylb_3ListBox[4][36].T ==null) Arraylb_3ListBox[4][36].T = '0';
if (Arraylb_3ListBox[4] ==null) Arraylb_3ListBox[4] = new Array();
Arraylb_3ListBox[4][37]= new Array('Unresolved - Case Raised');
if (Arraylb_3ListBox[4][37].WN ==null) Arraylb_3ListBox[4][37].WN = '';
if (Arraylb_3ListBox[4][37].OT ==null) Arraylb_3ListBox[4][37].OT = '';
if (Arraylb_3ListBox[4][37].T ==null) Arraylb_3ListBox[4][37].T = '0';
if (Arraylb_3ListBox[4] ==null) Arraylb_3ListBox[4] = new Array();
Arraylb_3ListBox[4][38]= new Array('Unresolved - Escalation');
if (Arraylb_3ListBox[4][38].WN ==null) Arraylb_3ListBox[4][38].WN = '';
if (Arraylb_3ListBox[4][38].OT ==null) Arraylb_3ListBox[4][38].OT = '';
if (Arraylb_3ListBox[4][38].T ==null) Arraylb_3ListBox[4][38].T = '0';
if (Arraylb_3ListBox[4] ==null) Arraylb_3ListBox[4] = new Array();
Arraylb_3ListBox[4][39]= new Array('Unresolved - Outage');
if (Arraylb_3ListBox[4][39].WN ==null) Arraylb_3ListBox[4][39].WN = '';
if (Arraylb_3ListBox[4][39].OT ==null) Arraylb_3ListBox[4][39].OT = '';
if (Arraylb_3ListBox[4][39].T ==null) Arraylb_3ListBox[4][39].T = '0';
if (Arraylb_3ListBox[4] ==null) Arraylb_3ListBox[4] = new Array();
Arraylb_3ListBox[4][40]= new Array('Unresolved - Repairs');
if (Arraylb_3ListBox[4][40].WN ==null) Arraylb_3ListBox[4][40].WN = '';
if (Arraylb_3ListBox[4][40].OT ==null) Arraylb_3ListBox[4][40].OT = '';
if (Arraylb_3ListBox[4][40].T ==null) Arraylb_3ListBox[4][40].T = '0';
if (Arraylb_3ListBox[5] ==null) Arraylb_3ListBox[5] = new Array();
Arraylb_3ListBox[5][41]= new Array('Resolved');
if (Arraylb_3ListBox[5][41].WN ==null) Arraylb_3ListBox[5][41].WN = '';
if (Arraylb_3ListBox[5][41].OT ==null) Arraylb_3ListBox[5][41].OT = '';
if (Arraylb_3ListBox[5][41].T ==null) Arraylb_3ListBox[5][41].T = '0';
if (Arraylb_3ListBox[5] ==null) Arraylb_3ListBox[5] = new Array();
Arraylb_3ListBox[5][42]= new Array('Resolved - Deflected');
if (Arraylb_3ListBox[5][42].WN ==null) Arraylb_3ListBox[5][42].WN = '';
if (Arraylb_3ListBox[5][42].OT ==null) Arraylb_3ListBox[5][42].OT = '';
if (Arraylb_3ListBox[5][42].T ==null) Arraylb_3ListBox[5][42].T = '0';
if (Arraylb_3ListBox[5] ==null) Arraylb_3ListBox[5] = new Array();
Arraylb_3ListBox[5][43]= new Array('Resolved - Gave info and Deflected');
if (Arraylb_3ListBox[5][43].WN ==null) Arraylb_3ListBox[5][43].WN = '';
if (Arraylb_3ListBox[5][43].OT ==null) Arraylb_3ListBox[5][43].OT = '';
if (Arraylb_3ListBox[5][43].T ==null) Arraylb_3ListBox[5][43].T = '0';
if (Arraylb_3ListBox[5] ==null) Arraylb_3ListBox[5] = new Array();
Arraylb_3ListBox[5][44]= new Array('Resolved - Nqueue Submitted');
if (Arraylb_3ListBox[5][44].WN ==null) Arraylb_3ListBox[5][44].WN = '';
if (Arraylb_3ListBox[5][44].OT ==null) Arraylb_3ListBox[5][44].OT = '';
if (Arraylb_3ListBox[5][44].T ==null) Arraylb_3ListBox[5][44].T = '0';
if (Arraylb_3ListBox[5] ==null) Arraylb_3ListBox[5] = new Array();
Arraylb_3ListBox[5][45]= new Array('Unresolved');
if (Arraylb_3ListBox[5][45].WN ==null) Arraylb_3ListBox[5][45].WN = '';
if (Arraylb_3ListBox[5][45].OT ==null) Arraylb_3ListBox[5][45].OT = '';
if (Arraylb_3ListBox[5][45].T ==null) Arraylb_3ListBox[5][45].T = '0';
if (Arraylb_3ListBox[5] ==null) Arraylb_3ListBox[5] = new Array();
Arraylb_3ListBox[5][46]= new Array('Unresolved - Awaiting Response');
if (Arraylb_3ListBox[5][46].WN ==null) Arraylb_3ListBox[5][46].WN = '';
if (Arraylb_3ListBox[5][46].OT ==null) Arraylb_3ListBox[5][46].OT = '';
if (Arraylb_3ListBox[5][46].T ==null) Arraylb_3ListBox[5][46].T = '0';
if (Arraylb_3ListBox[5] ==null) Arraylb_3ListBox[5] = new Array();
Arraylb_3ListBox[5][47]= new Array('Unresolved - Case Raised');
if (Arraylb_3ListBox[5][47].WN ==null) Arraylb_3ListBox[5][47].WN = '';
if (Arraylb_3ListBox[5][47].OT ==null) Arraylb_3ListBox[5][47].OT = '';
if (Arraylb_3ListBox[5][47].T ==null) Arraylb_3ListBox[5][47].T = '0';
if (Arraylb_3ListBox[5] ==null) Arraylb_3ListBox[5] = new Array();
Arraylb_3ListBox[5][48]= new Array('Unresolved - Escalation');
if (Arraylb_3ListBox[5][48].WN ==null) Arraylb_3ListBox[5][48].WN = '';
if (Arraylb_3ListBox[5][48].OT ==null) Arraylb_3ListBox[5][48].OT = '';
if (Arraylb_3ListBox[5][48].T ==null) Arraylb_3ListBox[5][48].T = '0';
if (Arraylb_3ListBox[5] ==null) Arraylb_3ListBox[5] = new Array();
Arraylb_3ListBox[5][49]= new Array('Unresolved - Outage');
if (Arraylb_3ListBox[5][49].WN ==null) Arraylb_3ListBox[5][49].WN = '';
if (Arraylb_3ListBox[5][49].OT ==null) Arraylb_3ListBox[5][49].OT = '';
if (Arraylb_3ListBox[5][49].T ==null) Arraylb_3ListBox[5][49].T = '0';
if (Arraylb_3ListBox[5] ==null) Arraylb_3ListBox[5] = new Array();
Arraylb_3ListBox[5][50]= new Array('Unresolved - Repairs');
if (Arraylb_3ListBox[5][50].WN ==null) Arraylb_3ListBox[5][50].WN = '';
if (Arraylb_3ListBox[5][50].OT ==null) Arraylb_3ListBox[5][50].OT = '';
if (Arraylb_3ListBox[5][50].T ==null) Arraylb_3ListBox[5][50].T = '0';
if (Arraylb_3ListBox[6] ==null) Arraylb_3ListBox[6] = new Array();
Arraylb_3ListBox[6][51]= new Array('Resolved');
if (Arraylb_3ListBox[6][51].WN ==null) Arraylb_3ListBox[6][51].WN = '';
if (Arraylb_3ListBox[6][51].OT ==null) Arraylb_3ListBox[6][51].OT = '';
if (Arraylb_3ListBox[6][51].T ==null) Arraylb_3ListBox[6][51].T = '0';
if (Arraylb_3ListBox[6] ==null) Arraylb_3ListBox[6] = new Array();
Arraylb_3ListBox[6][52]= new Array('Resolved - Deflected');
if (Arraylb_3ListBox[6][52].WN ==null) Arraylb_3ListBox[6][52].WN = '';
if (Arraylb_3ListBox[6][52].OT ==null) Arraylb_3ListBox[6][52].OT = '';
if (Arraylb_3ListBox[6][52].T ==null) Arraylb_3ListBox[6][52].T = '0';
if (Arraylb_3ListBox[6] ==null) Arraylb_3ListBox[6] = new Array();
Arraylb_3ListBox[6][53]= new Array('Resolved - Gave info and Deflected');
if (Arraylb_3ListBox[6][53].WN ==null) Arraylb_3ListBox[6][53].WN = '';
if (Arraylb_3ListBox[6][53].OT ==null) Arraylb_3ListBox[6][53].OT = '';
if (Arraylb_3ListBox[6][53].T ==null) Arraylb_3ListBox[6][53].T = '0';
if (Arraylb_3ListBox[6] ==null) Arraylb_3ListBox[6] = new Array();
Arraylb_3ListBox[6][54]= new Array('Resolved - Nqueue Submitted');
if (Arraylb_3ListBox[6][54].WN ==null) Arraylb_3ListBox[6][54].WN = '';
if (Arraylb_3ListBox[6][54].OT ==null) Arraylb_3ListBox[6][54].OT = '';
if (Arraylb_3ListBox[6][54].T ==null) Arraylb_3ListBox[6][54].T = '0';
if (Arraylb_3ListBox[6] ==null) Arraylb_3ListBox[6] = new Array();
Arraylb_3ListBox[6][55]= new Array('Unresolved');
if (Arraylb_3ListBox[6][55].WN ==null) Arraylb_3ListBox[6][55].WN = '';
if (Arraylb_3ListBox[6][55].OT ==null) Arraylb_3ListBox[6][55].OT = '';
if (Arraylb_3ListBox[6][55].T ==null) Arraylb_3ListBox[6][55].T = '0';
if (Arraylb_3ListBox[6] ==null) Arraylb_3ListBox[6] = new Array();
Arraylb_3ListBox[6][56]= new Array('Unresolved - Awaiting Response');
if (Arraylb_3ListBox[6][56].WN ==null) Arraylb_3ListBox[6][56].WN = '';
if (Arraylb_3ListBox[6][56].OT ==null) Arraylb_3ListBox[6][56].OT = '';
if (Arraylb_3ListBox[6][56].T ==null) Arraylb_3ListBox[6][56].T = '0';
if (Arraylb_3ListBox[6] ==null) Arraylb_3ListBox[6] = new Array();
Arraylb_3ListBox[6][57]= new Array('Unresolved - Case Raised');
if (Arraylb_3ListBox[6][57].WN ==null) Arraylb_3ListBox[6][57].WN = '';
if (Arraylb_3ListBox[6][57].OT ==null) Arraylb_3ListBox[6][57].OT = '';
if (Arraylb_3ListBox[6][57].T ==null) Arraylb_3ListBox[6][57].T = '0';
if (Arraylb_3ListBox[6] ==null) Arraylb_3ListBox[6] = new Array();
Arraylb_3ListBox[6][58]= new Array('Unresolved - Escalation');
if (Arraylb_3ListBox[6][58].WN ==null) Arraylb_3ListBox[6][58].WN = '';
if (Arraylb_3ListBox[6][58].OT ==null) Arraylb_3ListBox[6][58].OT = '';
if (Arraylb_3ListBox[6][58].T ==null) Arraylb_3ListBox[6][58].T = '0';
if (Arraylb_3ListBox[6] ==null) Arraylb_3ListBox[6] = new Array();
Arraylb_3ListBox[6][59]= new Array('Unresolved - Outage');
if (Arraylb_3ListBox[6][59].WN ==null) Arraylb_3ListBox[6][59].WN = '';
if (Arraylb_3ListBox[6][59].OT ==null) Arraylb_3ListBox[6][59].OT = '';
if (Arraylb_3ListBox[6][59].T ==null) Arraylb_3ListBox[6][59].T = '0';
if (Arraylb_3ListBox[6] ==null) Arraylb_3ListBox[6] = new Array();
Arraylb_3ListBox[6][60]= new Array('Unresolved - Repairs');
if (Arraylb_3ListBox[6][60].WN ==null) Arraylb_3ListBox[6][60].WN = '';
if (Arraylb_3ListBox[6][60].OT ==null) Arraylb_3ListBox[6][60].OT = '';
if (Arraylb_3ListBox[6][60].T ==null) Arraylb_3ListBox[6][60].T = '0';
if (Arraylb_3ListBox[7] ==null) Arraylb_3ListBox[7] = new Array();
Arraylb_3ListBox[7][61]= new Array('Resolved');
if (Arraylb_3ListBox[7][61].WN ==null) Arraylb_3ListBox[7][61].WN = '';
if (Arraylb_3ListBox[7][61].OT ==null) Arraylb_3ListBox[7][61].OT = '';
if (Arraylb_3ListBox[7][61].T ==null) Arraylb_3ListBox[7][61].T = '0';
if (Arraylb_3ListBox[7] ==null) Arraylb_3ListBox[7] = new Array();
Arraylb_3ListBox[7][62]= new Array('Resolved - Deflected');
if (Arraylb_3ListBox[7][62].WN ==null) Arraylb_3ListBox[7][62].WN = '';
if (Arraylb_3ListBox[7][62].OT ==null) Arraylb_3ListBox[7][62].OT = '';
if (Arraylb_3ListBox[7][62].T ==null) Arraylb_3ListBox[7][62].T = '0';
if (Arraylb_3ListBox[7] ==null) Arraylb_3ListBox[7] = new Array();
Arraylb_3ListBox[7][63]= new Array('Resolved - Gave info and Deflected');
if (Arraylb_3ListBox[7][63].WN ==null) Arraylb_3ListBox[7][63].WN = '';
if (Arraylb_3ListBox[7][63].OT ==null) Arraylb_3ListBox[7][63].OT = '';
if (Arraylb_3ListBox[7][63].T ==null) Arraylb_3ListBox[7][63].T = '0';
if (Arraylb_3ListBox[7] ==null) Arraylb_3ListBox[7] = new Array();
Arraylb_3ListBox[7][64]= new Array('Resolved - Nqueue Submitted');
if (Arraylb_3ListBox[7][64].WN ==null) Arraylb_3ListBox[7][64].WN = '';
if (Arraylb_3ListBox[7][64].OT ==null) Arraylb_3ListBox[7][64].OT = '';
if (Arraylb_3ListBox[7][64].T ==null) Arraylb_3ListBox[7][64].T = '0';
if (Arraylb_3ListBox[7] ==null) Arraylb_3ListBox[7] = new Array();
Arraylb_3ListBox[7][65]= new Array('Unresolved');
if (Arraylb_3ListBox[7][65].WN ==null) Arraylb_3ListBox[7][65].WN = '';
if (Arraylb_3ListBox[7][65].OT ==null) Arraylb_3ListBox[7][65].OT = '';
if (Arraylb_3ListBox[7][65].T ==null) Arraylb_3ListBox[7][65].T = '0';
if (Arraylb_3ListBox[7] ==null) Arraylb_3ListBox[7] = new Array();
Arraylb_3ListBox[7][66]= new Array('Unresolved - Awaiting Response');
if (Arraylb_3ListBox[7][66].WN ==null) Arraylb_3ListBox[7][66].WN = '';
if (Arraylb_3ListBox[7][66].OT ==null) Arraylb_3ListBox[7][66].OT = '';
if (Arraylb_3ListBox[7][66].T ==null) Arraylb_3ListBox[7][66].T = '0';
if (Arraylb_3ListBox[7] ==null) Arraylb_3ListBox[7] = new Array();
Arraylb_3ListBox[7][67]= new Array('Unresolved - Case Raised');
if (Arraylb_3ListBox[7][67].WN ==null) Arraylb_3ListBox[7][67].WN = '';
if (Arraylb_3ListBox[7][67].OT ==null) Arraylb_3ListBox[7][67].OT = '';
if (Arraylb_3ListBox[7][67].T ==null) Arraylb_3ListBox[7][67].T = '0';
if (Arraylb_3ListBox[7] ==null) Arraylb_3ListBox[7] = new Array();
Arraylb_3ListBox[7][68]= new Array('Unresolved - Escalation');
if (Arraylb_3ListBox[7][68].WN ==null) Arraylb_3ListBox[7][68].WN = '';
if (Arraylb_3ListBox[7][68].OT ==null) Arraylb_3ListBox[7][68].OT = '';
if (Arraylb_3ListBox[7][68].T ==null) Arraylb_3ListBox[7][68].T = '0';
if (Arraylb_3ListBox[7] ==null) Arraylb_3ListBox[7] = new Array();
Arraylb_3ListBox[7][69]= new Array('Unresolved - Outage');
if (Arraylb_3ListBox[7][69].WN ==null) Arraylb_3ListBox[7][69].WN = '';
if (Arraylb_3ListBox[7][69].OT ==null) Arraylb_3ListBox[7][69].OT = '';
if (Arraylb_3ListBox[7][69].T ==null) Arraylb_3ListBox[7][69].T = '0';
if (Arraylb_3ListBox[7] ==null) Arraylb_3ListBox[7] = new Array();
Arraylb_3ListBox[7][70]= new Array('Unresolved - Repairs');
if (Arraylb_3ListBox[7][70].WN ==null) Arraylb_3ListBox[7][70].WN = '';
if (Arraylb_3ListBox[7][70].OT ==null) Arraylb_3ListBox[7][70].OT = '';
if (Arraylb_3ListBox[7][70].T ==null) Arraylb_3ListBox[7][70].T = '0';
if (Arraylb_3ListBox[8] ==null) Arraylb_3ListBox[8] = new Array();
Arraylb_3ListBox[8][71]= new Array('Resolved');
if (Arraylb_3ListBox[8][71].WN ==null) Arraylb_3ListBox[8][71].WN = '';
if (Arraylb_3ListBox[8][71].OT ==null) Arraylb_3ListBox[8][71].OT = '';
if (Arraylb_3ListBox[8][71].T ==null) Arraylb_3ListBox[8][71].T = '0';
if (Arraylb_3ListBox[8] ==null) Arraylb_3ListBox[8] = new Array();
Arraylb_3ListBox[8][72]= new Array('Resolved - Deflected');
if (Arraylb_3ListBox[8][72].WN ==null) Arraylb_3ListBox[8][72].WN = '';
if (Arraylb_3ListBox[8][72].OT ==null) Arraylb_3ListBox[8][72].OT = '';
if (Arraylb_3ListBox[8][72].T ==null) Arraylb_3ListBox[8][72].T = '0';
if (Arraylb_3ListBox[8] ==null) Arraylb_3ListBox[8] = new Array();
Arraylb_3ListBox[8][73]= new Array('Resolved - Gave info and Deflected');
if (Arraylb_3ListBox[8][73].WN ==null) Arraylb_3ListBox[8][73].WN = '';
if (Arraylb_3ListBox[8][73].OT ==null) Arraylb_3ListBox[8][73].OT = '';
if (Arraylb_3ListBox[8][73].T ==null) Arraylb_3ListBox[8][73].T = '0';
if (Arraylb_3ListBox[8] ==null) Arraylb_3ListBox[8] = new Array();
Arraylb_3ListBox[8][74]= new Array('Resolved - Nqueue Submitted');
if (Arraylb_3ListBox[8][74].WN ==null) Arraylb_3ListBox[8][74].WN = '';
if (Arraylb_3ListBox[8][74].OT ==null) Arraylb_3ListBox[8][74].OT = '';
if (Arraylb_3ListBox[8][74].T ==null) Arraylb_3ListBox[8][74].T = '0';
if (Arraylb_3ListBox[8] ==null) Arraylb_3ListBox[8] = new Array();
Arraylb_3ListBox[8][75]= new Array('Unresolved');
if (Arraylb_3ListBox[8][75].WN ==null) Arraylb_3ListBox[8][75].WN = '';
if (Arraylb_3ListBox[8][75].OT ==null) Arraylb_3ListBox[8][75].OT = '';
if (Arraylb_3ListBox[8][75].T ==null) Arraylb_3ListBox[8][75].T = '0';
if (Arraylb_3ListBox[8] ==null) Arraylb_3ListBox[8] = new Array();
Arraylb_3ListBox[8][76]= new Array('Unresolved - Awaiting Response');
if (Arraylb_3ListBox[8][76].WN ==null) Arraylb_3ListBox[8][76].WN = '';
if (Arraylb_3ListBox[8][76].OT ==null) Arraylb_3ListBox[8][76].OT = '';
if (Arraylb_3ListBox[8][76].T ==null) Arraylb_3ListBox[8][76].T = '0';
if (Arraylb_3ListBox[8] ==null) Arraylb_3ListBox[8] = new Array();
Arraylb_3ListBox[8][77]= new Array('Unresolved - Case Raised');
if (Arraylb_3ListBox[8][77].WN ==null) Arraylb_3ListBox[8][77].WN = '';
if (Arraylb_3ListBox[8][77].OT ==null) Arraylb_3ListBox[8][77].OT = '';
if (Arraylb_3ListBox[8][77].T ==null) Arraylb_3ListBox[8][77].T = '0';
if (Arraylb_3ListBox[8] ==null) Arraylb_3ListBox[8] = new Array();
Arraylb_3ListBox[8][78]= new Array('Unresolved - Escalation');
if (Arraylb_3ListBox[8][78].WN ==null) Arraylb_3ListBox[8][78].WN = '';
if (Arraylb_3ListBox[8][78].OT ==null) Arraylb_3ListBox[8][78].OT = '';
if (Arraylb_3ListBox[8][78].T ==null) Arraylb_3ListBox[8][78].T = '0';
if (Arraylb_3ListBox[8] ==null) Arraylb_3ListBox[8] = new Array();
Arraylb_3ListBox[8][79]= new Array('Unresolved - Outage');
if (Arraylb_3ListBox[8][79].WN ==null) Arraylb_3ListBox[8][79].WN = '';
if (Arraylb_3ListBox[8][79].OT ==null) Arraylb_3ListBox[8][79].OT = '';
if (Arraylb_3ListBox[8][79].T ==null) Arraylb_3ListBox[8][79].T = '0';
if (Arraylb_3ListBox[8] ==null) Arraylb_3ListBox[8] = new Array();
Arraylb_3ListBox[8][80]= new Array('Unresolved - Repairs');
if (Arraylb_3ListBox[8][80].WN ==null) Arraylb_3ListBox[8][80].WN = '';
if (Arraylb_3ListBox[8][80].OT ==null) Arraylb_3ListBox[8][80].OT = '';
if (Arraylb_3ListBox[8][80].T ==null) Arraylb_3ListBox[8][80].T = '0';
if (Arraylb_3ListBox[9] ==null) Arraylb_3ListBox[9] = new Array();
Arraylb_3ListBox[9][81]= new Array('Resolved');
if (Arraylb_3ListBox[9][81].WN ==null) Arraylb_3ListBox[9][81].WN = '';
if (Arraylb_3ListBox[9][81].OT ==null) Arraylb_3ListBox[9][81].OT = '';
if (Arraylb_3ListBox[9][81].T ==null) Arraylb_3ListBox[9][81].T = '0';
if (Arraylb_3ListBox[9] ==null) Arraylb_3ListBox[9] = new Array();
Arraylb_3ListBox[9][82]= new Array('Resolved - Deflected');
if (Arraylb_3ListBox[9][82].WN ==null) Arraylb_3ListBox[9][82].WN = '';
if (Arraylb_3ListBox[9][82].OT ==null) Arraylb_3ListBox[9][82].OT = '';
if (Arraylb_3ListBox[9][82].T ==null) Arraylb_3ListBox[9][82].T = '0';
if (Arraylb_3ListBox[9] ==null) Arraylb_3ListBox[9] = new Array();
Arraylb_3ListBox[9][83]= new Array('Resolved - Gave info and Deflected');
if (Arraylb_3ListBox[9][83].WN ==null) Arraylb_3ListBox[9][83].WN = '';
if (Arraylb_3ListBox[9][83].OT ==null) Arraylb_3ListBox[9][83].OT = '';
if (Arraylb_3ListBox[9][83].T ==null) Arraylb_3ListBox[9][83].T = '0';
if (Arraylb_3ListBox[9] ==null) Arraylb_3ListBox[9] = new Array();
Arraylb_3ListBox[9][84]= new Array('Resolved - Nqueue Submitted');
if (Arraylb_3ListBox[9][84].WN ==null) Arraylb_3ListBox[9][84].WN = '';
if (Arraylb_3ListBox[9][84].OT ==null) Arraylb_3ListBox[9][84].OT = '';
if (Arraylb_3ListBox[9][84].T ==null) Arraylb_3ListBox[9][84].T = '0';
if (Arraylb_3ListBox[9] ==null) Arraylb_3ListBox[9] = new Array();
Arraylb_3ListBox[9][85]= new Array('Unresolved');
if (Arraylb_3ListBox[9][85].WN ==null) Arraylb_3ListBox[9][85].WN = '';
if (Arraylb_3ListBox[9][85].OT ==null) Arraylb_3ListBox[9][85].OT = '';
if (Arraylb_3ListBox[9][85].T ==null) Arraylb_3ListBox[9][85].T = '0';
if (Arraylb_3ListBox[9] ==null) Arraylb_3ListBox[9] = new Array();
Arraylb_3ListBox[9][86]= new Array('Unresolved - Awaiting Response');
if (Arraylb_3ListBox[9][86].WN ==null) Arraylb_3ListBox[9][86].WN = '';
if (Arraylb_3ListBox[9][86].OT ==null) Arraylb_3ListBox[9][86].OT = '';
if (Arraylb_3ListBox[9][86].T ==null) Arraylb_3ListBox[9][86].T = '0';
if (Arraylb_3ListBox[9] ==null) Arraylb_3ListBox[9] = new Array();
Arraylb_3ListBox[9][87]= new Array('Unresolved - Case Raised');
if (Arraylb_3ListBox[9][87].WN ==null) Arraylb_3ListBox[9][87].WN = '';
if (Arraylb_3ListBox[9][87].OT ==null) Arraylb_3ListBox[9][87].OT = '';
if (Arraylb_3ListBox[9][87].T ==null) Arraylb_3ListBox[9][87].T = '0';
if (Arraylb_3ListBox[9] ==null) Arraylb_3ListBox[9] = new Array();
Arraylb_3ListBox[9][88]= new Array('Unresolved - Escalation');
if (Arraylb_3ListBox[9][88].WN ==null) Arraylb_3ListBox[9][88].WN = '';
if (Arraylb_3ListBox[9][88].OT ==null) Arraylb_3ListBox[9][88].OT = '';
if (Arraylb_3ListBox[9][88].T ==null) Arraylb_3ListBox[9][88].T = '0';
if (Arraylb_3ListBox[9] ==null) Arraylb_3ListBox[9] = new Array();
Arraylb_3ListBox[9][89]= new Array('Unresolved - Outage');
if (Arraylb_3ListBox[9][89].WN ==null) Arraylb_3ListBox[9][89].WN = '';
if (Arraylb_3ListBox[9][89].OT ==null) Arraylb_3ListBox[9][89].OT = '';
if (Arraylb_3ListBox[9][89].T ==null) Arraylb_3ListBox[9][89].T = '0';
if (Arraylb_3ListBox[9] ==null) Arraylb_3ListBox[9] = new Array();
Arraylb_3ListBox[9][90]= new Array('Unresolved - Repairs');
if (Arraylb_3ListBox[9][90].WN ==null) Arraylb_3ListBox[9][90].WN = '';
if (Arraylb_3ListBox[9][90].OT ==null) Arraylb_3ListBox[9][90].OT = '';
if (Arraylb_3ListBox[9][90].T ==null) Arraylb_3ListBox[9][90].T = '0';
if (Arraylb_3ListBox[10] ==null) Arraylb_3ListBox[10] = new Array();
Arraylb_3ListBox[10][91]= new Array('Resolved');
if (Arraylb_3ListBox[10][91].WN ==null) Arraylb_3ListBox[10][91].WN = 'Dpa XX
To add Authorise Contact.
Registered authorised contact Name XX
2 Passwords  XX &amp;XX
Informed Authorised Contact cannot make any amendments but can only discuss account information';
if (Arraylb_3ListBox[10][91].OT ==null) Arraylb_3ListBox[10][91].OT = '';
if (Arraylb_3ListBox[10][91].T ==null) Arraylb_3ListBox[10][91].T = '0';
if (Arraylb_3ListBox[10] ==null) Arraylb_3ListBox[10] = new Array();
Arraylb_3ListBox[10][92]= new Array('Unresolved');
if (Arraylb_3ListBox[10][92].WN ==null) Arraylb_3ListBox[10][92].WN = '';
if (Arraylb_3ListBox[10][92].OT ==null) Arraylb_3ListBox[10][92].OT = '';
if (Arraylb_3ListBox[10][92].T ==null) Arraylb_3ListBox[10][92].T = '0';
if (Arraylb_3ListBox[11] ==null) Arraylb_3ListBox[11] = new Array();
Arraylb_3ListBox[11][93]= new Array('Resolved');
if (Arraylb_3ListBox[11][93].WN ==null) Arraylb_3ListBox[11][93].WN = 'DPA XX
Request to change Marketing Preference due to unwanted calls from 3.
Attempted to deflect customer to my3  Yes orNo
Customer accepted  Yes orNo
hence changed preference on the account.';
if (Arraylb_3ListBox[11][93].OT ==null) Arraylb_3ListBox[11][93].OT = '';
if (Arraylb_3ListBox[11][93].T ==null) Arraylb_3ListBox[11][93].T = '0';
if (Arraylb_3ListBox[11] ==null) Arraylb_3ListBox[11] = new Array();
Arraylb_3ListBox[11][94]= new Array('Unresolved');
if (Arraylb_3ListBox[11][94].WN ==null) Arraylb_3ListBox[11][94].WN = '';
if (Arraylb_3ListBox[11][94].OT ==null) Arraylb_3ListBox[11][94].OT = '';
if (Arraylb_3ListBox[11][94].T ==null) Arraylb_3ListBox[11][94].T = '0';
if (Arraylb_3ListBox[12] ==null) Arraylb_3ListBox[12] = new Array();
Arraylb_3ListBox[12][95]= new Array('Resolved');
if (Arraylb_3ListBox[12][95].WN ==null) Arraylb_3ListBox[12][95].WN = 'DPA XX
Request to request change of Msisdn due to  nuisance ormalicious calls.
Raised SO XX
New Msisdn XX';
if (Arraylb_3ListBox[12][95].OT ==null) Arraylb_3ListBox[12][95].OT = '';
if (Arraylb_3ListBox[12][95].T ==null) Arraylb_3ListBox[12][95].T = '0';
if (Arraylb_3ListBox[12] ==null) Arraylb_3ListBox[12] = new Array();
Arraylb_3ListBox[12][96]= new Array('Unresolved');
if (Arraylb_3ListBox[12][96].WN ==null) Arraylb_3ListBox[12][96].WN = '';
if (Arraylb_3ListBox[12][96].OT ==null) Arraylb_3ListBox[12][96].OT = '';
if (Arraylb_3ListBox[12][96].T ==null) Arraylb_3ListBox[12][96].T = '0';
if (Arraylb_3ListBox[13] ==null) Arraylb_3ListBox[13] = new Array();
Arraylb_3ListBox[13][97]= new Array('Resolved');
if (Arraylb_3ListBox[13][97].WN ==null) Arraylb_3ListBox[13][97].WN = 'DPA XX
Request to change XX
Attempted to deflect to my3  YES orNO
Customer accepted  Yes orNo
hence made changes  XX on the account';
if (Arraylb_3ListBox[13][97].OT ==null) Arraylb_3ListBox[13][97].OT = '';
if (Arraylb_3ListBox[13][97].T ==null) Arraylb_3ListBox[13][97].T = '0';
if (Arraylb_3ListBox[13] ==null) Arraylb_3ListBox[13] = new Array();
Arraylb_3ListBox[13][98]= new Array('Unresolved');
if (Arraylb_3ListBox[13][98].WN ==null) Arraylb_3ListBox[13][98].WN = '';
if (Arraylb_3ListBox[13][98].OT ==null) Arraylb_3ListBox[13][98].OT = '';
if (Arraylb_3ListBox[13][98].T ==null) Arraylb_3ListBox[13][98].T = '0';
if (Arraylb_3ListBox[14] ==null) Arraylb_3ListBox[14] = new Array();
Arraylb_3ListBox[14][99]= new Array('Resolved');
if (Arraylb_3ListBox[14][99].WN ==null) Arraylb_3ListBox[14][99].WN = 'DPA XX
Wanted to enquire about remaining allowance. 
Deflected to my3. refused my3 hence gave info from ask sid and promoted ivr XX';
if (Arraylb_3ListBox[14][99].OT ==null) Arraylb_3ListBox[14][99].OT = '';
if (Arraylb_3ListBox[14][99].T ==null) Arraylb_3ListBox[14][99].T = '0';
if (Arraylb_3ListBox[14] ==null) Arraylb_3ListBox[14] = new Array();
Arraylb_3ListBox[14][100]= new Array('Unresolved');
if (Arraylb_3ListBox[14][100].WN ==null) Arraylb_3ListBox[14][100].WN = '';
if (Arraylb_3ListBox[14][100].OT ==null) Arraylb_3ListBox[14][100].OT = '';
if (Arraylb_3ListBox[14][100].T ==null) Arraylb_3ListBox[14][100].T = '0';
if (Arraylb_3ListBox[15] ==null) Arraylb_3ListBox[15] = new Array();
Arraylb_3ListBox[15][101]= new Array('Resolved');
if (Arraylb_3ListBox[15][101].WN ==null) Arraylb_3ListBox[15][101].WN = 'DPA XX
Request for Full Internet Access.
Informed he needs to register the card online on mipay  and if he does not want to register the card he needs to email us a copy of proof of age. Gave the 3 email address.XX
Raised a call back on CBMS for TL to follow up.SLA gave of 48 hrs once he registers  orsends email.Informed will receive sms once done';
if (Arraylb_3ListBox[15][101].OT ==null) Arraylb_3ListBox[15][101].OT = '';
if (Arraylb_3ListBox[15][101].T ==null) Arraylb_3ListBox[15][101].T = '0';
if (Arraylb_3ListBox[15] ==null) Arraylb_3ListBox[15] = new Array();
Arraylb_3ListBox[15][102]= new Array('Unresolved');
if (Arraylb_3ListBox[15][102].WN ==null) Arraylb_3ListBox[15][102].WN = '';
if (Arraylb_3ListBox[15][102].OT ==null) Arraylb_3ListBox[15][102].OT = '';
if (Arraylb_3ListBox[15][102].T ==null) Arraylb_3ListBox[15][102].T = '0';
if (Arraylb_3ListBox[16] ==null) Arraylb_3ListBox[16] = new Array();
Arraylb_3ListBox[16][103]= new Array('Resolved');
if (Arraylb_3ListBox[16][103].WN ==null) Arraylb_3ListBox[16][103].WN = '';
if (Arraylb_3ListBox[16][103].OT ==null) Arraylb_3ListBox[16][103].OT = '';
if (Arraylb_3ListBox[16][103].T ==null) Arraylb_3ListBox[16][103].T = '0';
if (Arraylb_3ListBox[16] ==null) Arraylb_3ListBox[16] = new Array();
Arraylb_3ListBox[16][104]= new Array('Unresolved');
if (Arraylb_3ListBox[16][104].WN ==null) Arraylb_3ListBox[16][104].WN = '';
if (Arraylb_3ListBox[16][104].OT ==null) Arraylb_3ListBox[16][104].OT = '';
if (Arraylb_3ListBox[16][104].T ==null) Arraylb_3ListBox[16][104].T = '0';
if (Arraylb_3ListBox[17] ==null) Arraylb_3ListBox[17] = new Array();
Arraylb_3ListBox[17][105]= new Array('Resolved');
if (Arraylb_3ListBox[17][105].WN ==null) Arraylb_3ListBox[17][105].WN = 'DPA XXXX
Request to downgrade the price plan from XXX to XX. Business rules met. SO Raised XX.
Nqueue ID   
information shared-new price plan will be effective from the next bill cycle date XXX  plan T&amp;C informed Yes orNa';
if (Arraylb_3ListBox[17][105].OT ==null) Arraylb_3ListBox[17][105].OT = '';
if (Arraylb_3ListBox[17][105].T ==null) Arraylb_3ListBox[17][105].T = '0';
if (Arraylb_3ListBox[17] ==null) Arraylb_3ListBox[17] = new Array();
Arraylb_3ListBox[17][106]= new Array('Unresolved');
if (Arraylb_3ListBox[17][106].WN ==null) Arraylb_3ListBox[17][106].WN = '';
if (Arraylb_3ListBox[17][106].OT ==null) Arraylb_3ListBox[17][106].OT = '';
if (Arraylb_3ListBox[17][106].T ==null) Arraylb_3ListBox[17][106].T = '0';
if (Arraylb_3ListBox[18] ==null) Arraylb_3ListBox[18] = new Array();
Arraylb_3ListBox[18][107]= new Array('Resolved');
if (Arraylb_3ListBox[18][107].WN ==null) Arraylb_3ListBox[18][107].WN = 'DPA XX
Request to upgrade the price plan from  XXX TO XXX
business rules met.hence raised SO XX
Nqueue ID   
Information shared-new price plan XX will be effective from next Bill Cycle date XX
 Plan T&amp;C informed  Yes  or NA';
if (Arraylb_3ListBox[18][107].OT ==null) Arraylb_3ListBox[18][107].OT = '';
if (Arraylb_3ListBox[18][107].T ==null) Arraylb_3ListBox[18][107].T = '0';
if (Arraylb_3ListBox[18] ==null) Arraylb_3ListBox[18] = new Array();
Arraylb_3ListBox[18][108]= new Array('Unresolved');
if (Arraylb_3ListBox[18][108].WN ==null) Arraylb_3ListBox[18][108].WN = '';
if (Arraylb_3ListBox[18][108].OT ==null) Arraylb_3ListBox[18][108].OT = '';
if (Arraylb_3ListBox[18][108].T ==null) Arraylb_3ListBox[18][108].T = '0';
if (Arraylb_3ListBox[19] ==null) Arraylb_3ListBox[19] = new Array();
Arraylb_3ListBox[19][109]= new Array('Resolved');
if (Arraylb_3ListBox[19][109].WN ==null) Arraylb_3ListBox[19][109].WN = 'DPA  XX
Wants to know contract end date.
deflected to ivr. Refused ivr XX hence gave info.';
if (Arraylb_3ListBox[19][109].OT ==null) Arraylb_3ListBox[19][109].OT = '';
if (Arraylb_3ListBox[19][109].T ==null) Arraylb_3ListBox[19][109].T = '0';
if (Arraylb_3ListBox[19] ==null) Arraylb_3ListBox[19] = new Array();
Arraylb_3ListBox[19][110]= new Array('Unresolved');
if (Arraylb_3ListBox[19][110].WN ==null) Arraylb_3ListBox[19][110].WN = '';
if (Arraylb_3ListBox[19][110].OT ==null) Arraylb_3ListBox[19][110].OT = '';
if (Arraylb_3ListBox[19][110].T ==null) Arraylb_3ListBox[19][110].T = '0';
if (Arraylb_3ListBox[20] ==null) Arraylb_3ListBox[20] = new Array();
Arraylb_3ListBox[20][111]= new Array('Resolved');
if (Arraylb_3ListBox[20][111].WN ==null) Arraylb_3ListBox[20][111].WN = 'DPA XX
Unable to use services due to credit limit breach.explained about credit limit XX and unbilled amount XX and out of bundle charges.advised to make interim payment. Refused as will wait till next allowance date XXX
My 3 Promotion';
if (Arraylb_3ListBox[20][111].OT ==null) Arraylb_3ListBox[20][111].OT = '';
if (Arraylb_3ListBox[20][111].T ==null) Arraylb_3ListBox[20][111].T = '0';
if (Arraylb_3ListBox[20] ==null) Arraylb_3ListBox[20] = new Array();
Arraylb_3ListBox[20][112]= new Array('Unresolved');
if (Arraylb_3ListBox[20][112].WN ==null) Arraylb_3ListBox[20][112].WN = '';
if (Arraylb_3ListBox[20][112].OT ==null) Arraylb_3ListBox[20][112].OT = '';
if (Arraylb_3ListBox[20][112].T ==null) Arraylb_3ListBox[20][112].T = '0';
if (Arraylb_3ListBox[21] ==null) Arraylb_3ListBox[21] = new Array();
Arraylb_3ListBox[21][113]= new Array('Resolved');
if (Arraylb_3ListBox[21][113].WN ==null) Arraylb_3ListBox[21][113].WN = 'DPA XX
Request to change delivery address.
Order not dispatched hence placed request on Nqueue.
New address XX 
Nqueue ID XXX';
if (Arraylb_3ListBox[21][113].OT ==null) Arraylb_3ListBox[21][113].OT = '';
if (Arraylb_3ListBox[21][113].T ==null) Arraylb_3ListBox[21][113].T = '0';
if (Arraylb_3ListBox[21] ==null) Arraylb_3ListBox[21] = new Array();
Arraylb_3ListBox[21][114]= new Array('Unresolved');
if (Arraylb_3ListBox[21][114].WN ==null) Arraylb_3ListBox[21][114].WN = '';
if (Arraylb_3ListBox[21][114].OT ==null) Arraylb_3ListBox[21][114].OT = '';
if (Arraylb_3ListBox[21][114].T ==null) Arraylb_3ListBox[21][114].T = '0';
if (Arraylb_3ListBox[22] ==null) Arraylb_3ListBox[22] = new Array();
Arraylb_3ListBox[22][115]= new Array('Resolved');
if (Arraylb_3ListBox[22][115].WN ==null) Arraylb_3ListBox[22][115].WN = 'DPA XX
enquiry about delivery status.
DPD reference no.XXX
Status attempted but not delivered or XX . hence rearranged the delivery for XX
Nqueue id XX';
if (Arraylb_3ListBox[22][115].OT ==null) Arraylb_3ListBox[22][115].OT = '';
if (Arraylb_3ListBox[22][115].T ==null) Arraylb_3ListBox[22][115].T = '0';
if (Arraylb_3ListBox[22] ==null) Arraylb_3ListBox[22] = new Array();
Arraylb_3ListBox[22][116]= new Array('Unresolved');
if (Arraylb_3ListBox[22][116].WN ==null) Arraylb_3ListBox[22][116].WN = '';
if (Arraylb_3ListBox[22][116].OT ==null) Arraylb_3ListBox[22][116].OT = '';
if (Arraylb_3ListBox[22][116].T ==null) Arraylb_3ListBox[22][116].T = '0';
if (Arraylb_3ListBox[23] ==null) Arraylb_3ListBox[23] = new Array();
Arraylb_3ListBox[23][117]= new Array('Resolved');
if (Arraylb_3ListBox[23][117].WN ==null) Arraylb_3ListBox[23][117].WN = 'DPA 
Enquiry about delivery status.
DPD refence no XXX
Status  Failed and returend to our warehouse. advised to place new order. refused hence sent email to CC 1st line to cancel the account and process refund.
Sla for refund 28days';
if (Arraylb_3ListBox[23][117].OT ==null) Arraylb_3ListBox[23][117].OT = '';
if (Arraylb_3ListBox[23][117].T ==null) Arraylb_3ListBox[23][117].T = '0';
if (Arraylb_3ListBox[23] ==null) Arraylb_3ListBox[23] = new Array();
Arraylb_3ListBox[23][118]= new Array('Unresolved');
if (Arraylb_3ListBox[23][118].WN ==null) Arraylb_3ListBox[23][118].WN = '';
if (Arraylb_3ListBox[23][118].OT ==null) Arraylb_3ListBox[23][118].OT = '';
if (Arraylb_3ListBox[23][118].T ==null) Arraylb_3ListBox[23][118].T = '0';
if (Arraylb_3ListBox[24] ==null) Arraylb_3ListBox[24] = new Array();
Arraylb_3ListBox[24][119]= new Array('Resolved');
if (Arraylb_3ListBox[24][119].WN ==null) Arraylb_3ListBox[24][119].WN = 'DPA XX
enquiry about delivery status.Order ref no XX 
DPD reference no XX
Order Status XX hence informed will receive the order on  XX';
if (Arraylb_3ListBox[24][119].OT ==null) Arraylb_3ListBox[24][119].OT = '';
if (Arraylb_3ListBox[24][119].T ==null) Arraylb_3ListBox[24][119].T = '0';
if (Arraylb_3ListBox[24] ==null) Arraylb_3ListBox[24] = new Array();
Arraylb_3ListBox[24][120]= new Array('Unresolved');
if (Arraylb_3ListBox[24][120].WN ==null) Arraylb_3ListBox[24][120].WN = '';
if (Arraylb_3ListBox[24][120].OT ==null) Arraylb_3ListBox[24][120].OT = '';
if (Arraylb_3ListBox[24][120].T ==null) Arraylb_3ListBox[24][120].T = '0';
if (Arraylb_3ListBox[25] ==null) Arraylb_3ListBox[25] = new Array();
Arraylb_3ListBox[25][121]= new Array('Resolved');
if (Arraylb_3ListBox[25][121].WN ==null) Arraylb_3ListBox[25][121].WN = 'DPA XX
Request for replacement full cost device.
Reason XX Amount XX. 
Refused  or will decide and call back';
if (Arraylb_3ListBox[25][121].OT ==null) Arraylb_3ListBox[25][121].OT = '';
if (Arraylb_3ListBox[25][121].T ==null) Arraylb_3ListBox[25][121].T = '0';
if (Arraylb_3ListBox[25] ==null) Arraylb_3ListBox[25] = new Array();
Arraylb_3ListBox[25][122]= new Array('Unresolved');
if (Arraylb_3ListBox[25][122].WN ==null) Arraylb_3ListBox[25][122].WN = '';
if (Arraylb_3ListBox[25][122].OT ==null) Arraylb_3ListBox[25][122].OT = '';
if (Arraylb_3ListBox[25][122].T ==null) Arraylb_3ListBox[25][122].T = '0';
var Arraylb_4ListBox = new Array( 15 );
if (Arraylb_4ListBox[0] ==null) Arraylb_4ListBox[0] = new Array();
Arraylb_4ListBox[0][1]= new Array('MBB customer called due to Connected but unable to browse issues');
if (Arraylb_4ListBox[0][1].WN ==null) Arraylb_4ListBox[0][1].WN = '';
if (Arraylb_4ListBox[0][1].OT ==null) Arraylb_4ListBox[0][1].OT = '';
if (Arraylb_4ListBox[0][1].T ==null) Arraylb_4ListBox[0][1].T = '0';
if (Arraylb_4ListBox[0] ==null) Arraylb_4ListBox[0] = new Array();
Arraylb_4ListBox[0][2]= new Array('NBS customer called due to Connected but unable to browse issues.');
if (Arraylb_4ListBox[0][2].WN ==null) Arraylb_4ListBox[0][2].WN = '';
if (Arraylb_4ListBox[0][2].OT ==null) Arraylb_4ListBox[0][2].OT = '';
if (Arraylb_4ListBox[0][2].T ==null) Arraylb_4ListBox[0][2].T = '0';
if (Arraylb_4ListBox[0] ==null) Arraylb_4ListBox[0] = new Array();
Arraylb_4ListBox[0][3]= new Array('Account is Active/Suspended/Disconnected');
if (Arraylb_4ListBox[0][3].WN ==null) Arraylb_4ListBox[0][3].WN = '';
if (Arraylb_4ListBox[0][3].OT ==null) Arraylb_4ListBox[0][3].OT = '';
if (Arraylb_4ListBox[0][3].T ==null) Arraylb_4ListBox[0][3].T = '0';
if (Arraylb_4ListBox[0] ==null) Arraylb_4ListBox[0] = new Array();
Arraylb_4ListBox[0][4]= new Array('Available allowance/credit is');
if (Arraylb_4ListBox[0][4].WN ==null) Arraylb_4ListBox[0][4].WN = '';
if (Arraylb_4ListBox[0][4].OT ==null) Arraylb_4ListBox[0][4].OT = '';
if (Arraylb_4ListBox[0][4].T ==null) Arraylb_4ListBox[0][4].T = '0';
if (Arraylb_4ListBox[0] ==null) Arraylb_4ListBox[0] = new Array();
Arraylb_4ListBox[0][5]= new Array('It is a Sudden/Intermittent/Always issue.');
if (Arraylb_4ListBox[0][5].WN ==null) Arraylb_4ListBox[0][5].WN = '';
if (Arraylb_4ListBox[0][5].OT ==null) Arraylb_4ListBox[0][5].OT = '';
if (Arraylb_4ListBox[0][5].T ==null) Arraylb_4ListBox[0][5].T = '0';
if (Arraylb_4ListBox[0] ==null) Arraylb_4ListBox[0] = new Array();
Arraylb_4ListBox[0][6]= new Array('Top site as per Velocent is');
if (Arraylb_4ListBox[0][6].WN ==null) Arraylb_4ListBox[0][6].WN = '';
if (Arraylb_4ListBox[0][6].OT ==null) Arraylb_4ListBox[0][6].OT = '';
if (Arraylb_4ListBox[0][6].T ==null) Arraylb_4ListBox[0][6].T = '0';
if (Arraylb_4ListBox[0] ==null) Arraylb_4ListBox[0] = new Array();
Arraylb_4ListBox[0][7]= new Array('Top Site is down/working fine as per Backstage/bizmaps.');
if (Arraylb_4ListBox[0][7].WN ==null) Arraylb_4ListBox[0][7].WN = '';
if (Arraylb_4ListBox[0][7].OT ==null) Arraylb_4ListBox[0][7].OT = '';
if (Arraylb_4ListBox[0][7].T ==null) Arraylb_4ListBox[0][7].T = '0';
if (Arraylb_4ListBox[0] ==null) Arraylb_4ListBox[0] = new Array();
Arraylb_4ListBox[0][8]= new Array('Issue is evident on Velocent');
if (Arraylb_4ListBox[0][8].WN ==null) Arraylb_4ListBox[0][8].WN = '';
if (Arraylb_4ListBox[0][8].OT ==null) Arraylb_4ListBox[0][8].OT = '';
if (Arraylb_4ListBox[0][8].T ==null) Arraylb_4ListBox[0][8].T = '0';
if (Arraylb_4ListBox[0] ==null) Arraylb_4ListBox[0] = new Array();
Arraylb_4ListBox[0][9]= new Array('Modem reboot done and issue was resolved/unresolved');
if (Arraylb_4ListBox[0][9].WN ==null) Arraylb_4ListBox[0][9].WN = '';
if (Arraylb_4ListBox[0][9].OT ==null) Arraylb_4ListBox[0][9].OT = '';
if (Arraylb_4ListBox[0][9].T ==null) Arraylb_4ListBox[0][9].T = '0';
if (Arraylb_4ListBox[0] ==null) Arraylb_4ListBox[0] = new Array();
Arraylb_4ListBox[0][10]= new Array('Customer was able/unable to access the router homepage.');
if (Arraylb_4ListBox[0][10].WN ==null) Arraylb_4ListBox[0][10].WN = '';
if (Arraylb_4ListBox[0][10].OT ==null) Arraylb_4ListBox[0][10].OT = '';
if (Arraylb_4ListBox[0][10].T ==null) Arraylb_4ListBox[0][10].T = '0';
if (Arraylb_4ListBox[0] ==null) Arraylb_4ListBox[0] = new Array();
Arraylb_4ListBox[0][11]= new Array('performed ping test and the result was 0% Packet loss/Request timed out/Ping request could not find host.');
if (Arraylb_4ListBox[0][11].WN ==null) Arraylb_4ListBox[0][11].WN = '';
if (Arraylb_4ListBox[0][11].OT ==null) Arraylb_4ListBox[0][11].OT = '';
if (Arraylb_4ListBox[0][11].T ==null) Arraylb_4ListBox[0][11].T = '0';
if (Arraylb_4ListBox[0] ==null) Arraylb_4ListBox[0] = new Array();
Arraylb_4ListBox[0][12]= new Array('Optimized the browser.');
if (Arraylb_4ListBox[0][12].WN ==null) Arraylb_4ListBox[0][12].WN = '';
if (Arraylb_4ListBox[0][12].OT ==null) Arraylb_4ListBox[0][12].OT = '';
if (Arraylb_4ListBox[0][12].T ==null) Arraylb_4ListBox[0][12].T = '0';
if (Arraylb_4ListBox[0] ==null) Arraylb_4ListBox[0] = new Array();
Arraylb_4ListBox[0][13]= new Array('Sent factsheets to the customer.');
if (Arraylb_4ListBox[0][13].WN ==null) Arraylb_4ListBox[0][13].WN = '';
if (Arraylb_4ListBox[0][13].OT ==null) Arraylb_4ListBox[0][13].OT = '';
if (Arraylb_4ListBox[0][13].T ==null) Arraylb_4ListBox[0][13].T = '0';
if (Arraylb_4ListBox[0] ==null) Arraylb_4ListBox[0] = new Array();
Arraylb_4ListBox[0][14]= new Array('Issue was resolved/unresolved.');
if (Arraylb_4ListBox[0][14].WN ==null) Arraylb_4ListBox[0][14].WN = '';
if (Arraylb_4ListBox[0][14].OT ==null) Arraylb_4ListBox[0][14].OT = '';
if (Arraylb_4ListBox[0][14].T ==null) Arraylb_4ListBox[0][14].T = '0';
if (Arraylb_4ListBox[0] ==null) Arraylb_4ListBox[0] = new Array();
Arraylb_4ListBox[0][15]= new Array('Raised a case to second line support and told the customer that we will review your case within the next 24-48 hours. Our network team may call you back if they require more information.');
if (Arraylb_4ListBox[0][15].WN ==null) Arraylb_4ListBox[0][15].WN = '';
if (Arraylb_4ListBox[0][15].OT ==null) Arraylb_4ListBox[0][15].OT = '';
if (Arraylb_4ListBox[0][15].T ==null) Arraylb_4ListBox[0][15].T = '0';
</Array>
  </DataScript>
</FORMS>