﻿<?xml version="1.0" encoding="utf-8"?>
<FORMS xmlns:xsi="http://www.w3.org/2001/XMLSchema-instance" FormID="43" VersionName="1.1">
  <DropDownList>
    <Label>
      <Text>Call Direction</Text>
    </Label>
    <ControlID>2</ControlID>
    <ControlType>Basic</ControlType>
    <FieldID>ddl_0DropDown</FieldID>
    <Title>Call Direction</Title>
    <DependentID>
    </DependentID>
    <X-Pos>10</X-Pos>
    <Y-Pos>10</Y-Pos>
    <Width>200</Width>
    <IsRequired>True</IsRequired>
    <IsManageable>True</IsManageable>
    <IsPostBack>False</IsPostBack>
    <Dependency>False</Dependency>
    <IsWrap>False</IsWrap>
    <PreWrap>
    </PreWrap>
    <PostWrap>
    </PostWrap>
    <PrevRef>
    </PrevRef>
    <IsQueryPattern>Contains</IsQueryPattern>
    <DataSource>XML</DataSource>
    <LISTITEMS>
      <LISTITEM Id="1" value="" DependentOn="0" WrapNote="" OptionTooltip="" Template="">Inbound</LISTITEM>
      <LISTITEM Id="2" value="" DependentOn="0" WrapNote="" OptionTooltip="" Template="">Outbound</LISTITEM>
      <LISTITEM Id="3" value="" DependentOn="0" WrapNote="" OptionTooltip="" Template="">Transfer</LISTITEM>
    </LISTITEMS>
    <Tabindex>1</Tabindex>
    <IsHide>False</IsHide>
  </DropDownList>
  <ListBox>
    <Label>
      <Text>CT1</Text>
    </Label>
    <ControlID>5</ControlID>
    <ControlType>Basic</ControlType>
    <FieldID>lb_0ListBox</FieldID>
    <Title>CT1</Title>
    <DependentID>lb_2ListBox</DependentID>
    <X-Pos>236</X-Pos>
    <Y-Pos>80</Y-Pos>
    <Width>100</Width>
    <IsRequired>True</IsRequired>
    <IsManageable>True</IsManageable>
    <IsPostBack>False</IsPostBack>
    <Dependency>True</Dependency>
    <IsWrap>False</IsWrap>
    <PreWrap>
    </PreWrap>
    <PostWrap>
    </PostWrap>
    <PrevRef>lb_1ListBox</PrevRef>
    <DataSource>XML</DataSource>
    <LISTITEMS>
      <LISTITEM Id="1" value="" DependentOn="1" WrapNote="" OptionTooltip="" Template="">Prepay</LISTITEM>
      <LISTITEM Id="2" value="" DependentOn="2" WrapNote="" OptionTooltip="" Template="">Prepay</LISTITEM>
      <LISTITEM Id="3" value="" DependentOn="3" WrapNote="" OptionTooltip="" Template="">Modem</LISTITEM>
      <LISTITEM Id="4" value="" DependentOn="4" WrapNote="" OptionTooltip="" Template="">Credit Queries</LISTITEM>
    </LISTITEMS>
    <Tabindex>3</Tabindex>
    <IsHide>False</IsHide>
  </ListBox>
  <ListBox>
    <Label>
      <Text>CT</Text>
    </Label>
    <ControlID>5</ControlID>
    <ControlType>Basic</ControlType>
    <FieldID>lb_1ListBox</FieldID>
    <Title>CT</Title>
    <DependentID>lb_0ListBox</DependentID>
    <X-Pos>10</X-Pos>
    <Y-Pos>80</Y-Pos>
    <Width>100</Width>
    <IsRequired>True</IsRequired>
    <IsManageable>True</IsManageable>
    <IsPostBack>False</IsPostBack>
    <Dependency>True</Dependency>
    <IsWrap>False</IsWrap>
    <PreWrap>
    </PreWrap>
    <PostWrap>
    </PostWrap>
    <PrevRef>
    </PrevRef>
    <DataSource>XML</DataSource>
    <LISTITEMS>
      <LISTITEM Id="1" value="" DependentOn="0" WrapNote="" OptionTooltip="" Template="">Complaint</LISTITEM>
      <LISTITEM Id="2" value="" DependentOn="0" WrapNote="" OptionTooltip="" Template="">Information Request</LISTITEM>
      <LISTITEM Id="3" value="" DependentOn="0" WrapNote="" OptionTooltip="" Template="">Network Service Performance</LISTITEM>
      <LISTITEM Id="4" value="" DependentOn="0" WrapNote="" OptionTooltip="" Template="">Prepay</LISTITEM>
    </LISTITEMS>
    <Tabindex>2</Tabindex>
    <IsHide>False</IsHide>
  </ListBox>
  <ListBox>
    <Label>
      <Text>CT2</Text>
    </Label>
    <ControlID>5</ControlID>
    <ControlType>Basic</ControlType>
    <FieldID>lb_2ListBox</FieldID>
    <Title>CT2</Title>
    <DependentID>lb_3ListBox</DependentID>
    <X-Pos>462</X-Pos>
    <Y-Pos>80</Y-Pos>
    <Width>100</Width>
    <IsRequired>True</IsRequired>
    <IsManageable>True</IsManageable>
    <IsPostBack>False</IsPostBack>
    <Dependency>True</Dependency>
    <IsWrap>False</IsWrap>
    <PreWrap>
    </PreWrap>
    <PostWrap>
    </PostWrap>
    <PrevRef>lb_0ListBox</PrevRef>
    <DataSource>XML</DataSource>
    <LISTITEMS>
      <LISTITEM Id="1" value="" DependentOn="1" WrapNote="" OptionTooltip="" Template="">Usage/ Balance Dispute</LISTITEM>
      <LISTITEM Id="2" value="" DependentOn="2" WrapNote="" OptionTooltip="" Template="">Balance allowance query</LISTITEM>
      <LISTITEM Id="3" value="" DependentOn="2" WrapNote="" OptionTooltip="" Template="">Usage report</LISTITEM>
      <LISTITEM Id="4" value="" DependentOn="3" WrapNote="" OptionTooltip="" Template="">Connected But Unable to Browse</LISTITEM>
      <LISTITEM Id="5" value="" DependentOn="3" WrapNote="" OptionTooltip="" Template="">Error 619- Connection Error</LISTITEM>
      <LISTITEM Id="6" value="" DependentOn="3" WrapNote="" OptionTooltip="" Template="">Frequent Disconnection</LISTITEM>
      <LISTITEM Id="7" value="" DependentOn="4" WrapNote="" OptionTooltip="" Template="">Missing MNP Credit</LISTITEM>
      <LISTITEM Id="8" value="" DependentOn="4" WrapNote="" OptionTooltip="" Template="">PDD</LISTITEM>
      <LISTITEM Id="9" value="" DependentOn="4" WrapNote="" OptionTooltip="" Template="">Registration credit</LISTITEM>
    </LISTITEMS>
    <Tabindex>4</Tabindex>
    <IsHide>False</IsHide>
  </ListBox>
  <ListBox>
    <Label>
      <Text>Outcome</Text>
    </Label>
    <ControlID>5</ControlID>
    <ControlType>Basic</ControlType>
    <FieldID>lb_3ListBox</FieldID>
    <Title>Outcome</Title>
    <DependentID>
    </DependentID>
    <X-Pos>688</X-Pos>
    <Y-Pos>80</Y-Pos>
    <Width>100</Width>
    <IsRequired>True</IsRequired>
    <IsManageable>True</IsManageable>
    <IsPostBack>False</IsPostBack>
    <Dependency>True</Dependency>
    <IsWrap>False</IsWrap>
    <PreWrap>
    </PreWrap>
    <PostWrap>
    </PostWrap>
    <PrevRef>lb_2ListBox</PrevRef>
    <DataSource>XML</DataSource>
    <LISTITEMS>
      <LISTITEM Id="1" value="" DependentOn="1" WrapNote="" OptionTooltip="" Template="">Resolved</LISTITEM>
      <LISTITEM Id="2" value="" DependentOn="1" WrapNote="" OptionTooltip="" Template="">Resolved - Deflected</LISTITEM>
      <LISTITEM Id="3" value="" DependentOn="1" WrapNote="" OptionTooltip="" Template="">Resolved - Gave info and Deflected</LISTITEM>
      <LISTITEM Id="4" value="" DependentOn="1" WrapNote="" OptionTooltip="" Template="">Resolved - Nqueue Submitted</LISTITEM>
      <LISTITEM Id="5" value="" DependentOn="1" WrapNote="" OptionTooltip="" Template="">Unresolved</LISTITEM>
      <LISTITEM Id="6" value="" DependentOn="1" WrapNote="" OptionTooltip="" Template="">Unresolved - Awaiting Response</LISTITEM>
      <LISTITEM Id="7" value="" DependentOn="1" WrapNote="" OptionTooltip="" Template="">Unresolved - Case Raised</LISTITEM>
      <LISTITEM Id="8" value="" DependentOn="1" WrapNote="" OptionTooltip="" Template="">Unresolved - Escalation</LISTITEM>
      <LISTITEM Id="9" value="" DependentOn="1" WrapNote="" OptionTooltip="" Template="">Unresolved - Outage</LISTITEM>
      <LISTITEM Id="10" value="" DependentOn="1" WrapNote="" OptionTooltip="" Template="">Unresolved - Repairs</LISTITEM>
      <LISTITEM Id="11" value="" DependentOn="2" WrapNote="" OptionTooltip="" Template="">Resolved</LISTITEM>
      <LISTITEM Id="12" value="" DependentOn="2" WrapNote="" OptionTooltip="" Template="">Resolved - Deflected</LISTITEM>
      <LISTITEM Id="13" value="" DependentOn="2" WrapNote="" OptionTooltip="" Template="">Resolved - Gave info and Deflected</LISTITEM>
      <LISTITEM Id="14" value="" DependentOn="2" WrapNote="" OptionTooltip="" Template="">Resolved - Nqueue Submitted</LISTITEM>
      <LISTITEM Id="15" value="" DependentOn="2" WrapNote="" OptionTooltip="" Template="">Unresolved</LISTITEM>
      <LISTITEM Id="16" value="" DependentOn="2" WrapNote="" OptionTooltip="" Template="">Unresolved - Awaiting Response</LISTITEM>
      <LISTITEM Id="17" value="" DependentOn="2" WrapNote="" OptionTooltip="" Template="">Unresolved - Case Raised</LISTITEM>
      <LISTITEM Id="18" value="" DependentOn="2" WrapNote="" OptionTooltip="" Template="">Unresolved - Escalation</LISTITEM>
      <LISTITEM Id="19" value="" DependentOn="2" WrapNote="" OptionTooltip="" Template="">Unresolved - Outage</LISTITEM>
      <LISTITEM Id="20" value="" DependentOn="2" WrapNote="" OptionTooltip="" Template="">Unresolved - Repairs</LISTITEM>
      <LISTITEM Id="21" value="" DependentOn="3" WrapNote="" OptionTooltip="" Template="">Resolved</LISTITEM>
      <LISTITEM Id="22" value="" DependentOn="3" WrapNote="" OptionTooltip="" Template="">Resolved - Deflected</LISTITEM>
      <LISTITEM Id="23" value="" DependentOn="3" WrapNote="" OptionTooltip="" Template="">Resolved - Gave info and Deflected</LISTITEM>
      <LISTITEM Id="24" value="" DependentOn="3" WrapNote="" OptionTooltip="" Template="">Resolved - Nqueue Submitted</LISTITEM>
      <LISTITEM Id="25" value="" DependentOn="3" WrapNote="" OptionTooltip="" Template="">Unresolved</LISTITEM>
      <LISTITEM Id="26" value="" DependentOn="3" WrapNote="" OptionTooltip="" Template="">Unresolved - Awaiting Response</LISTITEM>
      <LISTITEM Id="27" value="" DependentOn="3" WrapNote="" OptionTooltip="" Template="">Unresolved - Case Raised</LISTITEM>
      <LISTITEM Id="28" value="" DependentOn="3" WrapNote="" OptionTooltip="" Template="">Unresolved - Escalation</LISTITEM>
      <LISTITEM Id="29" value="" DependentOn="3" WrapNote="" OptionTooltip="" Template="">Unresolved - Outage</LISTITEM>
      <LISTITEM Id="30" value="" DependentOn="3" WrapNote="" OptionTooltip="" Template="">Unresolved - Repairs</LISTITEM>
      <LISTITEM Id="31" value="" DependentOn="4" WrapNote="" OptionTooltip="" Template="">Resolved</LISTITEM>
      <LISTITEM Id="32" value="" DependentOn="4" WrapNote="" OptionTooltip="" Template="">Resolved - Deflected</LISTITEM>
      <LISTITEM Id="33" value="" DependentOn="4" WrapNote="" OptionTooltip="" Template="">Resolved - Gave info and Deflected</LISTITEM>
      <LISTITEM Id="34" value="" DependentOn="4" WrapNote="" OptionTooltip="" Template="">Resolved - Nqueue Submitted</LISTITEM>
      <LISTITEM Id="35" value="" DependentOn="4" WrapNote="" OptionTooltip="" Template="">Unresolved</LISTITEM>
      <LISTITEM Id="36" value="" DependentOn="4" WrapNote="" OptionTooltip="" Template="">Unresolved - Awaiting Response</LISTITEM>
      <LISTITEM Id="37" value="" DependentOn="4" WrapNote="" OptionTooltip="" Template="">Unresolved - Case Raised</LISTITEM>
      <LISTITEM Id="38" value="" DependentOn="4" WrapNote="" OptionTooltip="" Template="">Unresolved - Escalation</LISTITEM>
      <LISTITEM Id="39" value="" DependentOn="4" WrapNote="" OptionTooltip="" Template="">Unresolved - Outage</LISTITEM>
      <LISTITEM Id="40" value="" DependentOn="4" WrapNote="" OptionTooltip="" Template="">Unresolved - Repairs</LISTITEM>
      <LISTITEM Id="41" value="" DependentOn="5" WrapNote="" OptionTooltip="" Template="">Resolved</LISTITEM>
      <LISTITEM Id="42" value="" DependentOn="5" WrapNote="" OptionTooltip="" Template="">Resolved - Deflected</LISTITEM>
      <LISTITEM Id="43" value="" DependentOn="5" WrapNote="" OptionTooltip="" Template="">Resolved - Gave info and Deflected</LISTITEM>
      <LISTITEM Id="44" value="" DependentOn="5" WrapNote="" OptionTooltip="" Template="">Resolved - Nqueue Submitted</LISTITEM>
      <LISTITEM Id="45" value="" DependentOn="5" WrapNote="" OptionTooltip="" Template="">Unresolved</LISTITEM>
      <LISTITEM Id="46" value="" DependentOn="5" WrapNote="" OptionTooltip="" Template="">Unresolved - Awaiting Response</LISTITEM>
      <LISTITEM Id="47" value="" DependentOn="5" WrapNote="" OptionTooltip="" Template="">Unresolved - Case Raised</LISTITEM>
      <LISTITEM Id="48" value="" DependentOn="5" WrapNote="" OptionTooltip="" Template="">Unresolved - Escalation</LISTITEM>
      <LISTITEM Id="49" value="" DependentOn="5" WrapNote="" OptionTooltip="" Template="">Unresolved - Outage</LISTITEM>
      <LISTITEM Id="50" value="" DependentOn="5" WrapNote="" OptionTooltip="" Template="">Unresolved - Repairs</LISTITEM>
      <LISTITEM Id="51" value="" DependentOn="6" WrapNote="" OptionTooltip="" Template="">Resolved</LISTITEM>
      <LISTITEM Id="52" value="" DependentOn="6" WrapNote="" OptionTooltip="" Template="">Resolved - Deflected</LISTITEM>
      <LISTITEM Id="53" value="" DependentOn="6" WrapNote="" OptionTooltip="" Template="">Resolved - Gave info and Deflected</LISTITEM>
      <LISTITEM Id="54" value="" DependentOn="6" WrapNote="" OptionTooltip="" Template="">Resolved - Nqueue Submitted</LISTITEM>
      <LISTITEM Id="55" value="" DependentOn="6" WrapNote="" OptionTooltip="" Template="">Unresolved</LISTITEM>
      <LISTITEM Id="56" value="" DependentOn="6" WrapNote="" OptionTooltip="" Template="">Unresolved - Awaiting Response</LISTITEM>
      <LISTITEM Id="57" value="" DependentOn="6" WrapNote="" OptionTooltip="" Template="">Unresolved - Case Raised</LISTITEM>
      <LISTITEM Id="58" value="" DependentOn="6" WrapNote="" OptionTooltip="" Template="">Unresolved - Escalation</LISTITEM>
      <LISTITEM Id="59" value="" DependentOn="6" WrapNote="" OptionTooltip="" Template="">Unresolved - Outage</LISTITEM>
      <LISTITEM Id="60" value="" DependentOn="6" WrapNote="" OptionTooltip="" Template="">Unresolved - Repairs</LISTITEM>
      <LISTITEM Id="61" value="" DependentOn="7" WrapNote="" OptionTooltip="" Template="">Resolved</LISTITEM>
      <LISTITEM Id="62" value="" DependentOn="7" WrapNote="" OptionTooltip="" Template="">Resolved - Deflected</LISTITEM>
      <LISTITEM Id="63" value="" DependentOn="7" WrapNote="" OptionTooltip="" Template="">Resolved - Gave info and Deflected</LISTITEM>
      <LISTITEM Id="64" value="" DependentOn="7" WrapNote="" OptionTooltip="" Template="">Resolved - Nqueue Submitted</LISTITEM>
      <LISTITEM Id="65" value="" DependentOn="7" WrapNote="" OptionTooltip="" Template="">Unresolved</LISTITEM>
      <LISTITEM Id="66" value="" DependentOn="7" WrapNote="" OptionTooltip="" Template="">Unresolved - Awaiting Response</LISTITEM>
      <LISTITEM Id="67" value="" DependentOn="7" WrapNote="" OptionTooltip="" Template="">Unresolved - Case Raised</LISTITEM>
      <LISTITEM Id="68" value="" DependentOn="7" WrapNote="" OptionTooltip="" Template="">Unresolved - Escalation</LISTITEM>
      <LISTITEM Id="69" value="" DependentOn="7" WrapNote="" OptionTooltip="" Template="">Unresolved - Outage</LISTITEM>
      <LISTITEM Id="70" value="" DependentOn="7" WrapNote="" OptionTooltip="" Template="">Unresolved - Repairs</LISTITEM>
      <LISTITEM Id="71" value="" DependentOn="8" WrapNote="" OptionTooltip="" Template="">Resolved</LISTITEM>
      <LISTITEM Id="72" value="" DependentOn="8" WrapNote="" OptionTooltip="" Template="">Resolved - Deflected</LISTITEM>
      <LISTITEM Id="73" value="" DependentOn="8" WrapNote="" OptionTooltip="" Template="">Resolved - Gave info and Deflected</LISTITEM>
      <LISTITEM Id="74" value="" DependentOn="8" WrapNote="" OptionTooltip="" Template="">Resolved - Nqueue Submitted</LISTITEM>
      <LISTITEM Id="75" value="" DependentOn="8" WrapNote="" OptionTooltip="" Template="">Unresolved</LISTITEM>
      <LISTITEM Id="76" value="" DependentOn="8" WrapNote="" OptionTooltip="" Template="">Unresolved - Awaiting Response</LISTITEM>
      <LISTITEM Id="77" value="" DependentOn="8" WrapNote="" OptionTooltip="" Template="">Unresolved - Case Raised</LISTITEM>
      <LISTITEM Id="78" value="" DependentOn="8" WrapNote="" OptionTooltip="" Template="">Unresolved - Escalation</LISTITEM>
      <LISTITEM Id="79" value="" DependentOn="8" WrapNote="" OptionTooltip="" Template="">Unresolved - Outage</LISTITEM>
      <LISTITEM Id="80" value="" DependentOn="8" WrapNote="" OptionTooltip="" Template="">Unresolved - Repairs</LISTITEM>
      <LISTITEM Id="81" value="" DependentOn="9" WrapNote="" OptionTooltip="" Template="">Resolved</LISTITEM>
      <LISTITEM Id="82" value="" DependentOn="9" WrapNote="" OptionTooltip="" Template="">Resolved - Deflected</LISTITEM>
      <LISTITEM Id="83" value="" DependentOn="9" WrapNote="" OptionTooltip="" Template="">Resolved - Gave info and Deflected</LISTITEM>
      <LISTITEM Id="84" value="" DependentOn="9" WrapNote="" OptionTooltip="" Template="">Resolved - Nqueue Submitted</LISTITEM>
      <LISTITEM Id="85" value="" DependentOn="9" WrapNote="" OptionTooltip="" Template="">Unresolved</LISTITEM>
      <LISTITEM Id="86" value="" DependentOn="9" WrapNote="" OptionTooltip="" Template="">Unresolved - Awaiting Response</LISTITEM>
      <LISTITEM Id="87" value="" DependentOn="9" WrapNote="" OptionTooltip="" Template="">Unresolved - Case Raised</LISTITEM>
      <LISTITEM Id="88" value="" DependentOn="9" WrapNote="" OptionTooltip="" Template="">Unresolved - Escalation</LISTITEM>
      <LISTITEM Id="89" value="" DependentOn="9" WrapNote="" OptionTooltip="" Template="">Unresolved - Outage</LISTITEM>
      <LISTITEM Id="90" value="" DependentOn="9" WrapNote="" OptionTooltip="" Template="">Unresolved - Repairs</LISTITEM>
    </LISTITEMS>
    <Tabindex>5</Tabindex>
    <IsHide>False</IsHide>
  </ListBox>
  <TextBox>
    <Label>
      <Text>Comments</Text>
    </Label>
    <ControlID>1</ControlID>
    <ControlType>Basic</ControlType>
    <FieldID>txt_0TextBox</FieldID>
    <Title>Comments</Title>
    <X-Pos>10</X-Pos>
    <Y-Pos>254</Y-Pos>
    <Width>200</Width>
    <IsRequired>False</IsRequired>
    <IsPostBack>False</IsPostBack>
    <IsWrap>False</IsWrap>
    <PreWrap>
    </PreWrap>
    <PostWrap>
    </PostWrap>
    <TextMode>Singleline</TextMode>
    <IsType>Numeric</IsType>
    <MaxLength>20</MaxLength>
    <Dependency>
    </Dependency>
    <PrevRef>
    </PrevRef>
    <DependentID>
    </DependentID>
    <Tabindex>6</Tabindex>
    <Height>50</Height>
    <IsHide>False</IsHide>
  </TextBox>
  <TextBox>
    <Label>
      <Text>Date Time of issue</Text>
    </Label>
    <ControlID>1</ControlID>
    <ControlType>Basic</ControlType>
    <FieldID>txt_1TextBox</FieldID>
    <Title>Date Time of issue</Title>
    <X-Pos>10</X-Pos>
    <Y-Pos>324</Y-Pos>
    <Width>200</Width>
    <IsRequired>False</IsRequired>
    <IsPostBack>False</IsPostBack>
    <IsWrap>False</IsWrap>
    <PreWrap>
    </PreWrap>
    <PostWrap>
    </PostWrap>
    <TextMode>Singleline</TextMode>
    <IsType>Date</IsType>
    <MaxLength>20</MaxLength>
    <Dependency>
    </Dependency>
    <PrevRef>
    </PrevRef>
    <DependentID>
    </DependentID>
    <Tabindex>7</Tabindex>
    <Height>50</Height>
    <IsHide>True</IsHide>
  </TextBox>
  <DropDownList>
    <Label>
      <Text>Issue Type</Text>
    </Label>
    <ControlID>2</ControlID>
    <ControlType>Basic</ControlType>
    <FieldID>ddl_1DropDown</FieldID>
    <Title>Issue Type</Title>
    <DependentID>
    </DependentID>
    <X-Pos>10</X-Pos>
    <Y-Pos>394</Y-Pos>
    <Width>200</Width>
    <IsRequired>True</IsRequired>
    <IsManageable>True</IsManageable>
    <IsPostBack>False</IsPostBack>
    <Dependency>False</Dependency>
    <IsWrap>False</IsWrap>
    <PreWrap>
    </PreWrap>
    <PostWrap>
    </PostWrap>
    <PrevRef>
    </PrevRef>
    <IsQueryPattern>Contains</IsQueryPattern>
    <DataSource>XML</DataSource>
    <LISTITEMS>
      <LISTITEM Id="1" value="" DependentOn="0" WrapNote="" OptionTooltip="" Template="">Always</LISTITEM>
      <LISTITEM Id="2" value="" DependentOn="0" WrapNote="" OptionTooltip="" Template="">Sudden</LISTITEM>
      <LISTITEM Id="3" value="" DependentOn="0" WrapNote="" OptionTooltip="" Template="">Intermittent</LISTITEM>
    </LISTITEMS>
    <Tabindex>8</Tabindex>
    <IsHide>True</IsHide>
  </DropDownList>
  <DataScript>
    <IsUpdated>True</IsUpdated>
    <Array>var Arrayddl_0DropDown = new Array( 3 );
if (Arrayddl_0DropDown[0] ==null) Arrayddl_0DropDown[0] = new Array();
Arrayddl_0DropDown[0][1]= new Array('Inbound');
if (Arrayddl_0DropDown[0][1].WN ==null) Arrayddl_0DropDown[0][1].WN = '';
if (Arrayddl_0DropDown[0][1].OT ==null) Arrayddl_0DropDown[0][1].OT = '';
if (Arrayddl_0DropDown[0][1].T ==null) Arrayddl_0DropDown[0][1].T = '0';
if (Arrayddl_0DropDown[0] ==null) Arrayddl_0DropDown[0] = new Array();
Arrayddl_0DropDown[0][2]= new Array('Outbound');
if (Arrayddl_0DropDown[0][2].WN ==null) Arrayddl_0DropDown[0][2].WN = '';
if (Arrayddl_0DropDown[0][2].OT ==null) Arrayddl_0DropDown[0][2].OT = '';
if (Arrayddl_0DropDown[0][2].T ==null) Arrayddl_0DropDown[0][2].T = '0';
if (Arrayddl_0DropDown[0] ==null) Arrayddl_0DropDown[0] = new Array();
Arrayddl_0DropDown[0][3]= new Array('Transfer');
if (Arrayddl_0DropDown[0][3].WN ==null) Arrayddl_0DropDown[0][3].WN = '';
if (Arrayddl_0DropDown[0][3].OT ==null) Arrayddl_0DropDown[0][3].OT = '';
if (Arrayddl_0DropDown[0][3].T ==null) Arrayddl_0DropDown[0][3].T = '0';
var Arrayddl_1DropDown = new Array( 3 );
if (Arrayddl_1DropDown[0] ==null) Arrayddl_1DropDown[0] = new Array();
Arrayddl_1DropDown[0][1]= new Array('Always');
if (Arrayddl_1DropDown[0][1].WN ==null) Arrayddl_1DropDown[0][1].WN = '';
if (Arrayddl_1DropDown[0][1].OT ==null) Arrayddl_1DropDown[0][1].OT = '';
if (Arrayddl_1DropDown[0][1].T ==null) Arrayddl_1DropDown[0][1].T = '0';
if (Arrayddl_1DropDown[0] ==null) Arrayddl_1DropDown[0] = new Array();
Arrayddl_1DropDown[0][2]= new Array('Sudden');
if (Arrayddl_1DropDown[0][2].WN ==null) Arrayddl_1DropDown[0][2].WN = '';
if (Arrayddl_1DropDown[0][2].OT ==null) Arrayddl_1DropDown[0][2].OT = '';
if (Arrayddl_1DropDown[0][2].T ==null) Arrayddl_1DropDown[0][2].T = '0';
if (Arrayddl_1DropDown[0] ==null) Arrayddl_1DropDown[0] = new Array();
Arrayddl_1DropDown[0][3]= new Array('Intermittent');
if (Arrayddl_1DropDown[0][3].WN ==null) Arrayddl_1DropDown[0][3].WN = '';
if (Arrayddl_1DropDown[0][3].OT ==null) Arrayddl_1DropDown[0][3].OT = '';
if (Arrayddl_1DropDown[0][3].T ==null) Arrayddl_1DropDown[0][3].T = '0';
var Arraylb_0ListBox = new Array( 4 );
if (Arraylb_0ListBox[1] ==null) Arraylb_0ListBox[1] = new Array();
Arraylb_0ListBox[1][1]= new Array('Prepay');
if (Arraylb_0ListBox[1][1].WN ==null) Arraylb_0ListBox[1][1].WN = '';
if (Arraylb_0ListBox[1][1].OT ==null) Arraylb_0ListBox[1][1].OT = '';
if (Arraylb_0ListBox[1][1].T ==null) Arraylb_0ListBox[1][1].T = '0';
if (Arraylb_0ListBox[2] ==null) Arraylb_0ListBox[2] = new Array();
Arraylb_0ListBox[2][2]= new Array('Prepay');
if (Arraylb_0ListBox[2][2].WN ==null) Arraylb_0ListBox[2][2].WN = '';
if (Arraylb_0ListBox[2][2].OT ==null) Arraylb_0ListBox[2][2].OT = '';
if (Arraylb_0ListBox[2][2].T ==null) Arraylb_0ListBox[2][2].T = '0';
if (Arraylb_0ListBox[3] ==null) Arraylb_0ListBox[3] = new Array();
Arraylb_0ListBox[3][3]= new Array('Modem');
if (Arraylb_0ListBox[3][3].WN ==null) Arraylb_0ListBox[3][3].WN = '';
if (Arraylb_0ListBox[3][3].OT ==null) Arraylb_0ListBox[3][3].OT = '';
if (Arraylb_0ListBox[3][3].T ==null) Arraylb_0ListBox[3][3].T = '0';
if (Arraylb_0ListBox[4] ==null) Arraylb_0ListBox[4] = new Array();
Arraylb_0ListBox[4][4]= new Array('Credit Queries');
if (Arraylb_0ListBox[4][4].WN ==null) Arraylb_0ListBox[4][4].WN = '';
if (Arraylb_0ListBox[4][4].OT ==null) Arraylb_0ListBox[4][4].OT = '';
if (Arraylb_0ListBox[4][4].T ==null) Arraylb_0ListBox[4][4].T = '0';
var Arraylb_1ListBox = new Array( 4 );
if (Arraylb_1ListBox[0] ==null) Arraylb_1ListBox[0] = new Array();
Arraylb_1ListBox[0][1]= new Array('Complaint');
if (Arraylb_1ListBox[0][1].WN ==null) Arraylb_1ListBox[0][1].WN = '';
if (Arraylb_1ListBox[0][1].OT ==null) Arraylb_1ListBox[0][1].OT = '';
if (Arraylb_1ListBox[0][1].T ==null) Arraylb_1ListBox[0][1].T = '0';
if (Arraylb_1ListBox[0] ==null) Arraylb_1ListBox[0] = new Array();
Arraylb_1ListBox[0][2]= new Array('Information Request');
if (Arraylb_1ListBox[0][2].WN ==null) Arraylb_1ListBox[0][2].WN = '';
if (Arraylb_1ListBox[0][2].OT ==null) Arraylb_1ListBox[0][2].OT = '';
if (Arraylb_1ListBox[0][2].T ==null) Arraylb_1ListBox[0][2].T = '0';
if (Arraylb_1ListBox[0] ==null) Arraylb_1ListBox[0] = new Array();
Arraylb_1ListBox[0][3]= new Array('Network Service Performance');
if (Arraylb_1ListBox[0][3].WN ==null) Arraylb_1ListBox[0][3].WN = '';
if (Arraylb_1ListBox[0][3].OT ==null) Arraylb_1ListBox[0][3].OT = '';
if (Arraylb_1ListBox[0][3].T ==null) Arraylb_1ListBox[0][3].T = '0';
if (Arraylb_1ListBox[0] ==null) Arraylb_1ListBox[0] = new Array();
Arraylb_1ListBox[0][4]= new Array('Prepay');
if (Arraylb_1ListBox[0][4].WN ==null) Arraylb_1ListBox[0][4].WN = '';
if (Arraylb_1ListBox[0][4].OT ==null) Arraylb_1ListBox[0][4].OT = '';
if (Arraylb_1ListBox[0][4].T ==null) Arraylb_1ListBox[0][4].T = '0';
var Arraylb_2ListBox = new Array( 9 );
if (Arraylb_2ListBox[1] ==null) Arraylb_2ListBox[1] = new Array();
Arraylb_2ListBox[1][1]= new Array('Usage/ Balance Dispute');
if (Arraylb_2ListBox[1][1].WN ==null) Arraylb_2ListBox[1][1].WN = '';
if (Arraylb_2ListBox[1][1].OT ==null) Arraylb_2ListBox[1][1].OT = '';
if (Arraylb_2ListBox[1][1].T ==null) Arraylb_2ListBox[1][1].T = '0';
if (Arraylb_2ListBox[2] ==null) Arraylb_2ListBox[2] = new Array();
Arraylb_2ListBox[2][2]= new Array('Balance allowance query');
if (Arraylb_2ListBox[2][2].WN ==null) Arraylb_2ListBox[2][2].WN = '';
if (Arraylb_2ListBox[2][2].OT ==null) Arraylb_2ListBox[2][2].OT = '';
if (Arraylb_2ListBox[2][2].T ==null) Arraylb_2ListBox[2][2].T = '0';
if (Arraylb_2ListBox[2] ==null) Arraylb_2ListBox[2] = new Array();
Arraylb_2ListBox[2][3]= new Array('Usage report');
if (Arraylb_2ListBox[2][3].WN ==null) Arraylb_2ListBox[2][3].WN = '';
if (Arraylb_2ListBox[2][3].OT ==null) Arraylb_2ListBox[2][3].OT = '';
if (Arraylb_2ListBox[2][3].T ==null) Arraylb_2ListBox[2][3].T = '0';
if (Arraylb_2ListBox[3] ==null) Arraylb_2ListBox[3] = new Array();
Arraylb_2ListBox[3][4]= new Array('Connected But Unable to Browse');
if (Arraylb_2ListBox[3][4].WN ==null) Arraylb_2ListBox[3][4].WN = '';
if (Arraylb_2ListBox[3][4].OT ==null) Arraylb_2ListBox[3][4].OT = '';
if (Arraylb_2ListBox[3][4].T ==null) Arraylb_2ListBox[3][4].T = '0';
if (Arraylb_2ListBox[3] ==null) Arraylb_2ListBox[3] = new Array();
Arraylb_2ListBox[3][5]= new Array('Error 619- Connection Error');
if (Arraylb_2ListBox[3][5].WN ==null) Arraylb_2ListBox[3][5].WN = '';
if (Arraylb_2ListBox[3][5].OT ==null) Arraylb_2ListBox[3][5].OT = '';
if (Arraylb_2ListBox[3][5].T ==null) Arraylb_2ListBox[3][5].T = '0';
if (Arraylb_2ListBox[3] ==null) Arraylb_2ListBox[3] = new Array();
Arraylb_2ListBox[3][6]= new Array('Frequent Disconnection');
if (Arraylb_2ListBox[3][6].WN ==null) Arraylb_2ListBox[3][6].WN = '';
if (Arraylb_2ListBox[3][6].OT ==null) Arraylb_2ListBox[3][6].OT = '';
if (Arraylb_2ListBox[3][6].T ==null) Arraylb_2ListBox[3][6].T = '0';
if (Arraylb_2ListBox[4] ==null) Arraylb_2ListBox[4] = new Array();
Arraylb_2ListBox[4][7]= new Array('Missing MNP Credit');
if (Arraylb_2ListBox[4][7].WN ==null) Arraylb_2ListBox[4][7].WN = '';
if (Arraylb_2ListBox[4][7].OT ==null) Arraylb_2ListBox[4][7].OT = '';
if (Arraylb_2ListBox[4][7].T ==null) Arraylb_2ListBox[4][7].T = '0';
if (Arraylb_2ListBox[4] ==null) Arraylb_2ListBox[4] = new Array();
Arraylb_2ListBox[4][8]= new Array('PDD');
if (Arraylb_2ListBox[4][8].WN ==null) Arraylb_2ListBox[4][8].WN = '';
if (Arraylb_2ListBox[4][8].OT ==null) Arraylb_2ListBox[4][8].OT = '';
if (Arraylb_2ListBox[4][8].T ==null) Arraylb_2ListBox[4][8].T = '0';
if (Arraylb_2ListBox[4] ==null) Arraylb_2ListBox[4] = new Array();
Arraylb_2ListBox[4][9]= new Array('Registration credit');
if (Arraylb_2ListBox[4][9].WN ==null) Arraylb_2ListBox[4][9].WN = '';
if (Arraylb_2ListBox[4][9].OT ==null) Arraylb_2ListBox[4][9].OT = '';
if (Arraylb_2ListBox[4][9].T ==null) Arraylb_2ListBox[4][9].T = '0';
var Arraylb_3ListBox = new Array( 90 );
if (Arraylb_3ListBox[1] ==null) Arraylb_3ListBox[1] = new Array();
Arraylb_3ListBox[1][1]= new Array('Resolved');
if (Arraylb_3ListBox[1][1].WN ==null) Arraylb_3ListBox[1][1].WN = '';
if (Arraylb_3ListBox[1][1].OT ==null) Arraylb_3ListBox[1][1].OT = '';
if (Arraylb_3ListBox[1][1].T ==null) Arraylb_3ListBox[1][1].T = '0';
if (Arraylb_3ListBox[1] ==null) Arraylb_3ListBox[1] = new Array();
Arraylb_3ListBox[1][2]= new Array('Resolved - Deflected');
if (Arraylb_3ListBox[1][2].WN ==null) Arraylb_3ListBox[1][2].WN = '';
if (Arraylb_3ListBox[1][2].OT ==null) Arraylb_3ListBox[1][2].OT = '';
if (Arraylb_3ListBox[1][2].T ==null) Arraylb_3ListBox[1][2].T = '0';
if (Arraylb_3ListBox[1] ==null) Arraylb_3ListBox[1] = new Array();
Arraylb_3ListBox[1][3]= new Array('Resolved - Gave info and Deflected');
if (Arraylb_3ListBox[1][3].WN ==null) Arraylb_3ListBox[1][3].WN = '';
if (Arraylb_3ListBox[1][3].OT ==null) Arraylb_3ListBox[1][3].OT = '';
if (Arraylb_3ListBox[1][3].T ==null) Arraylb_3ListBox[1][3].T = '0';
if (Arraylb_3ListBox[1] ==null) Arraylb_3ListBox[1] = new Array();
Arraylb_3ListBox[1][4]= new Array('Resolved - Nqueue Submitted');
if (Arraylb_3ListBox[1][4].WN ==null) Arraylb_3ListBox[1][4].WN = '';
if (Arraylb_3ListBox[1][4].OT ==null) Arraylb_3ListBox[1][4].OT = '';
if (Arraylb_3ListBox[1][4].T ==null) Arraylb_3ListBox[1][4].T = '0';
if (Arraylb_3ListBox[1] ==null) Arraylb_3ListBox[1] = new Array();
Arraylb_3ListBox[1][5]= new Array('Unresolved');
if (Arraylb_3ListBox[1][5].WN ==null) Arraylb_3ListBox[1][5].WN = '';
if (Arraylb_3ListBox[1][5].OT ==null) Arraylb_3ListBox[1][5].OT = '';
if (Arraylb_3ListBox[1][5].T ==null) Arraylb_3ListBox[1][5].T = '0';
if (Arraylb_3ListBox[1] ==null) Arraylb_3ListBox[1] = new Array();
Arraylb_3ListBox[1][6]= new Array('Unresolved - Awaiting Response');
if (Arraylb_3ListBox[1][6].WN ==null) Arraylb_3ListBox[1][6].WN = '';
if (Arraylb_3ListBox[1][6].OT ==null) Arraylb_3ListBox[1][6].OT = '';
if (Arraylb_3ListBox[1][6].T ==null) Arraylb_3ListBox[1][6].T = '0';
if (Arraylb_3ListBox[1] ==null) Arraylb_3ListBox[1] = new Array();
Arraylb_3ListBox[1][7]= new Array('Unresolved - Case Raised');
if (Arraylb_3ListBox[1][7].WN ==null) Arraylb_3ListBox[1][7].WN = '';
if (Arraylb_3ListBox[1][7].OT ==null) Arraylb_3ListBox[1][7].OT = '';
if (Arraylb_3ListBox[1][7].T ==null) Arraylb_3ListBox[1][7].T = '0';
if (Arraylb_3ListBox[1] ==null) Arraylb_3ListBox[1] = new Array();
Arraylb_3ListBox[1][8]= new Array('Unresolved - Escalation');
if (Arraylb_3ListBox[1][8].WN ==null) Arraylb_3ListBox[1][8].WN = '';
if (Arraylb_3ListBox[1][8].OT ==null) Arraylb_3ListBox[1][8].OT = '';
if (Arraylb_3ListBox[1][8].T ==null) Arraylb_3ListBox[1][8].T = '0';
if (Arraylb_3ListBox[1] ==null) Arraylb_3ListBox[1] = new Array();
Arraylb_3ListBox[1][9]= new Array('Unresolved - Outage');
if (Arraylb_3ListBox[1][9].WN ==null) Arraylb_3ListBox[1][9].WN = '';
if (Arraylb_3ListBox[1][9].OT ==null) Arraylb_3ListBox[1][9].OT = '';
if (Arraylb_3ListBox[1][9].T ==null) Arraylb_3ListBox[1][9].T = '0';
if (Arraylb_3ListBox[1] ==null) Arraylb_3ListBox[1] = new Array();
Arraylb_3ListBox[1][10]= new Array('Unresolved - Repairs');
if (Arraylb_3ListBox[1][10].WN ==null) Arraylb_3ListBox[1][10].WN = '';
if (Arraylb_3ListBox[1][10].OT ==null) Arraylb_3ListBox[1][10].OT = '';
if (Arraylb_3ListBox[1][10].T ==null) Arraylb_3ListBox[1][10].T = '0';
if (Arraylb_3ListBox[2] ==null) Arraylb_3ListBox[2] = new Array();
Arraylb_3ListBox[2][11]= new Array('Resolved');
if (Arraylb_3ListBox[2][11].WN ==null) Arraylb_3ListBox[2][11].WN = '';
if (Arraylb_3ListBox[2][11].OT ==null) Arraylb_3ListBox[2][11].OT = '';
if (Arraylb_3ListBox[2][11].T ==null) Arraylb_3ListBox[2][11].T = '0';
if (Arraylb_3ListBox[2] ==null) Arraylb_3ListBox[2] = new Array();
Arraylb_3ListBox[2][12]= new Array('Resolved - Deflected');
if (Arraylb_3ListBox[2][12].WN ==null) Arraylb_3ListBox[2][12].WN = '';
if (Arraylb_3ListBox[2][12].OT ==null) Arraylb_3ListBox[2][12].OT = '';
if (Arraylb_3ListBox[2][12].T ==null) Arraylb_3ListBox[2][12].T = '0';
if (Arraylb_3ListBox[2] ==null) Arraylb_3ListBox[2] = new Array();
Arraylb_3ListBox[2][13]= new Array('Resolved - Gave info and Deflected');
if (Arraylb_3ListBox[2][13].WN ==null) Arraylb_3ListBox[2][13].WN = '';
if (Arraylb_3ListBox[2][13].OT ==null) Arraylb_3ListBox[2][13].OT = '';
if (Arraylb_3ListBox[2][13].T ==null) Arraylb_3ListBox[2][13].T = '0';
if (Arraylb_3ListBox[2] ==null) Arraylb_3ListBox[2] = new Array();
Arraylb_3ListBox[2][14]= new Array('Resolved - Nqueue Submitted');
if (Arraylb_3ListBox[2][14].WN ==null) Arraylb_3ListBox[2][14].WN = '';
if (Arraylb_3ListBox[2][14].OT ==null) Arraylb_3ListBox[2][14].OT = '';
if (Arraylb_3ListBox[2][14].T ==null) Arraylb_3ListBox[2][14].T = '0';
if (Arraylb_3ListBox[2] ==null) Arraylb_3ListBox[2] = new Array();
Arraylb_3ListBox[2][15]= new Array('Unresolved');
if (Arraylb_3ListBox[2][15].WN ==null) Arraylb_3ListBox[2][15].WN = '';
if (Arraylb_3ListBox[2][15].OT ==null) Arraylb_3ListBox[2][15].OT = '';
if (Arraylb_3ListBox[2][15].T ==null) Arraylb_3ListBox[2][15].T = '0';
if (Arraylb_3ListBox[2] ==null) Arraylb_3ListBox[2] = new Array();
Arraylb_3ListBox[2][16]= new Array('Unresolved - Awaiting Response');
if (Arraylb_3ListBox[2][16].WN ==null) Arraylb_3ListBox[2][16].WN = '';
if (Arraylb_3ListBox[2][16].OT ==null) Arraylb_3ListBox[2][16].OT = '';
if (Arraylb_3ListBox[2][16].T ==null) Arraylb_3ListBox[2][16].T = '0';
if (Arraylb_3ListBox[2] ==null) Arraylb_3ListBox[2] = new Array();
Arraylb_3ListBox[2][17]= new Array('Unresolved - Case Raised');
if (Arraylb_3ListBox[2][17].WN ==null) Arraylb_3ListBox[2][17].WN = '';
if (Arraylb_3ListBox[2][17].OT ==null) Arraylb_3ListBox[2][17].OT = '';
if (Arraylb_3ListBox[2][17].T ==null) Arraylb_3ListBox[2][17].T = '0';
if (Arraylb_3ListBox[2] ==null) Arraylb_3ListBox[2] = new Array();
Arraylb_3ListBox[2][18]= new Array('Unresolved - Escalation');
if (Arraylb_3ListBox[2][18].WN ==null) Arraylb_3ListBox[2][18].WN = '';
if (Arraylb_3ListBox[2][18].OT ==null) Arraylb_3ListBox[2][18].OT = '';
if (Arraylb_3ListBox[2][18].T ==null) Arraylb_3ListBox[2][18].T = '0';
if (Arraylb_3ListBox[2] ==null) Arraylb_3ListBox[2] = new Array();
Arraylb_3ListBox[2][19]= new Array('Unresolved - Outage');
if (Arraylb_3ListBox[2][19].WN ==null) Arraylb_3ListBox[2][19].WN = '';
if (Arraylb_3ListBox[2][19].OT ==null) Arraylb_3ListBox[2][19].OT = '';
if (Arraylb_3ListBox[2][19].T ==null) Arraylb_3ListBox[2][19].T = '0';
if (Arraylb_3ListBox[2] ==null) Arraylb_3ListBox[2] = new Array();
Arraylb_3ListBox[2][20]= new Array('Unresolved - Repairs');
if (Arraylb_3ListBox[2][20].WN ==null) Arraylb_3ListBox[2][20].WN = '';
if (Arraylb_3ListBox[2][20].OT ==null) Arraylb_3ListBox[2][20].OT = '';
if (Arraylb_3ListBox[2][20].T ==null) Arraylb_3ListBox[2][20].T = '0';
if (Arraylb_3ListBox[3] ==null) Arraylb_3ListBox[3] = new Array();
Arraylb_3ListBox[3][21]= new Array('Resolved');
if (Arraylb_3ListBox[3][21].WN ==null) Arraylb_3ListBox[3][21].WN = '';
if (Arraylb_3ListBox[3][21].OT ==null) Arraylb_3ListBox[3][21].OT = '';
if (Arraylb_3ListBox[3][21].T ==null) Arraylb_3ListBox[3][21].T = '0';
if (Arraylb_3ListBox[3] ==null) Arraylb_3ListBox[3] = new Array();
Arraylb_3ListBox[3][22]= new Array('Resolved - Deflected');
if (Arraylb_3ListBox[3][22].WN ==null) Arraylb_3ListBox[3][22].WN = '';
if (Arraylb_3ListBox[3][22].OT ==null) Arraylb_3ListBox[3][22].OT = '';
if (Arraylb_3ListBox[3][22].T ==null) Arraylb_3ListBox[3][22].T = '0';
if (Arraylb_3ListBox[3] ==null) Arraylb_3ListBox[3] = new Array();
Arraylb_3ListBox[3][23]= new Array('Resolved - Gave info and Deflected');
if (Arraylb_3ListBox[3][23].WN ==null) Arraylb_3ListBox[3][23].WN = '';
if (Arraylb_3ListBox[3][23].OT ==null) Arraylb_3ListBox[3][23].OT = '';
if (Arraylb_3ListBox[3][23].T ==null) Arraylb_3ListBox[3][23].T = '0';
if (Arraylb_3ListBox[3] ==null) Arraylb_3ListBox[3] = new Array();
Arraylb_3ListBox[3][24]= new Array('Resolved - Nqueue Submitted');
if (Arraylb_3ListBox[3][24].WN ==null) Arraylb_3ListBox[3][24].WN = '';
if (Arraylb_3ListBox[3][24].OT ==null) Arraylb_3ListBox[3][24].OT = '';
if (Arraylb_3ListBox[3][24].T ==null) Arraylb_3ListBox[3][24].T = '0';
if (Arraylb_3ListBox[3] ==null) Arraylb_3ListBox[3] = new Array();
Arraylb_3ListBox[3][25]= new Array('Unresolved');
if (Arraylb_3ListBox[3][25].WN ==null) Arraylb_3ListBox[3][25].WN = '';
if (Arraylb_3ListBox[3][25].OT ==null) Arraylb_3ListBox[3][25].OT = '';
if (Arraylb_3ListBox[3][25].T ==null) Arraylb_3ListBox[3][25].T = '0';
if (Arraylb_3ListBox[3] ==null) Arraylb_3ListBox[3] = new Array();
Arraylb_3ListBox[3][26]= new Array('Unresolved - Awaiting Response');
if (Arraylb_3ListBox[3][26].WN ==null) Arraylb_3ListBox[3][26].WN = '';
if (Arraylb_3ListBox[3][26].OT ==null) Arraylb_3ListBox[3][26].OT = '';
if (Arraylb_3ListBox[3][26].T ==null) Arraylb_3ListBox[3][26].T = '0';
if (Arraylb_3ListBox[3] ==null) Arraylb_3ListBox[3] = new Array();
Arraylb_3ListBox[3][27]= new Array('Unresolved - Case Raised');
if (Arraylb_3ListBox[3][27].WN ==null) Arraylb_3ListBox[3][27].WN = '';
if (Arraylb_3ListBox[3][27].OT ==null) Arraylb_3ListBox[3][27].OT = '';
if (Arraylb_3ListBox[3][27].T ==null) Arraylb_3ListBox[3][27].T = '0';
if (Arraylb_3ListBox[3] ==null) Arraylb_3ListBox[3] = new Array();
Arraylb_3ListBox[3][28]= new Array('Unresolved - Escalation');
if (Arraylb_3ListBox[3][28].WN ==null) Arraylb_3ListBox[3][28].WN = '';
if (Arraylb_3ListBox[3][28].OT ==null) Arraylb_3ListBox[3][28].OT = '';
if (Arraylb_3ListBox[3][28].T ==null) Arraylb_3ListBox[3][28].T = '0';
if (Arraylb_3ListBox[3] ==null) Arraylb_3ListBox[3] = new Array();
Arraylb_3ListBox[3][29]= new Array('Unresolved - Outage');
if (Arraylb_3ListBox[3][29].WN ==null) Arraylb_3ListBox[3][29].WN = '';
if (Arraylb_3ListBox[3][29].OT ==null) Arraylb_3ListBox[3][29].OT = '';
if (Arraylb_3ListBox[3][29].T ==null) Arraylb_3ListBox[3][29].T = '0';
if (Arraylb_3ListBox[3] ==null) Arraylb_3ListBox[3] = new Array();
Arraylb_3ListBox[3][30]= new Array('Unresolved - Repairs');
if (Arraylb_3ListBox[3][30].WN ==null) Arraylb_3ListBox[3][30].WN = '';
if (Arraylb_3ListBox[3][30].OT ==null) Arraylb_3ListBox[3][30].OT = '';
if (Arraylb_3ListBox[3][30].T ==null) Arraylb_3ListBox[3][30].T = '0';
if (Arraylb_3ListBox[4] ==null) Arraylb_3ListBox[4] = new Array();
Arraylb_3ListBox[4][31]= new Array('Resolved');
if (Arraylb_3ListBox[4][31].WN ==null) Arraylb_3ListBox[4][31].WN = '';
if (Arraylb_3ListBox[4][31].OT ==null) Arraylb_3ListBox[4][31].OT = '';
if (Arraylb_3ListBox[4][31].T ==null) Arraylb_3ListBox[4][31].T = '0';
if (Arraylb_3ListBox[4] ==null) Arraylb_3ListBox[4] = new Array();
Arraylb_3ListBox[4][32]= new Array('Resolved - Deflected');
if (Arraylb_3ListBox[4][32].WN ==null) Arraylb_3ListBox[4][32].WN = '';
if (Arraylb_3ListBox[4][32].OT ==null) Arraylb_3ListBox[4][32].OT = '';
if (Arraylb_3ListBox[4][32].T ==null) Arraylb_3ListBox[4][32].T = '0';
if (Arraylb_3ListBox[4] ==null) Arraylb_3ListBox[4] = new Array();
Arraylb_3ListBox[4][33]= new Array('Resolved - Gave info and Deflected');
if (Arraylb_3ListBox[4][33].WN ==null) Arraylb_3ListBox[4][33].WN = '';
if (Arraylb_3ListBox[4][33].OT ==null) Arraylb_3ListBox[4][33].OT = '';
if (Arraylb_3ListBox[4][33].T ==null) Arraylb_3ListBox[4][33].T = '0';
if (Arraylb_3ListBox[4] ==null) Arraylb_3ListBox[4] = new Array();
Arraylb_3ListBox[4][34]= new Array('Resolved - Nqueue Submitted');
if (Arraylb_3ListBox[4][34].WN ==null) Arraylb_3ListBox[4][34].WN = '';
if (Arraylb_3ListBox[4][34].OT ==null) Arraylb_3ListBox[4][34].OT = '';
if (Arraylb_3ListBox[4][34].T ==null) Arraylb_3ListBox[4][34].T = '0';
if (Arraylb_3ListBox[4] ==null) Arraylb_3ListBox[4] = new Array();
Arraylb_3ListBox[4][35]= new Array('Unresolved');
if (Arraylb_3ListBox[4][35].WN ==null) Arraylb_3ListBox[4][35].WN = '';
if (Arraylb_3ListBox[4][35].OT ==null) Arraylb_3ListBox[4][35].OT = '';
if (Arraylb_3ListBox[4][35].T ==null) Arraylb_3ListBox[4][35].T = '0';
if (Arraylb_3ListBox[4] ==null) Arraylb_3ListBox[4] = new Array();
Arraylb_3ListBox[4][36]= new Array('Unresolved - Awaiting Response');
if (Arraylb_3ListBox[4][36].WN ==null) Arraylb_3ListBox[4][36].WN = '';
if (Arraylb_3ListBox[4][36].OT ==null) Arraylb_3ListBox[4][36].OT = '';
if (Arraylb_3ListBox[4][36].T ==null) Arraylb_3ListBox[4][36].T = '0';
if (Arraylb_3ListBox[4] ==null) Arraylb_3ListBox[4] = new Array();
Arraylb_3ListBox[4][37]= new Array('Unresolved - Case Raised');
if (Arraylb_3ListBox[4][37].WN ==null) Arraylb_3ListBox[4][37].WN = '';
if (Arraylb_3ListBox[4][37].OT ==null) Arraylb_3ListBox[4][37].OT = '';
if (Arraylb_3ListBox[4][37].T ==null) Arraylb_3ListBox[4][37].T = '0';
if (Arraylb_3ListBox[4] ==null) Arraylb_3ListBox[4] = new Array();
Arraylb_3ListBox[4][38]= new Array('Unresolved - Escalation');
if (Arraylb_3ListBox[4][38].WN ==null) Arraylb_3ListBox[4][38].WN = '';
if (Arraylb_3ListBox[4][38].OT ==null) Arraylb_3ListBox[4][38].OT = '';
if (Arraylb_3ListBox[4][38].T ==null) Arraylb_3ListBox[4][38].T = '0';
if (Arraylb_3ListBox[4] ==null) Arraylb_3ListBox[4] = new Array();
Arraylb_3ListBox[4][39]= new Array('Unresolved - Outage');
if (Arraylb_3ListBox[4][39].WN ==null) Arraylb_3ListBox[4][39].WN = '';
if (Arraylb_3ListBox[4][39].OT ==null) Arraylb_3ListBox[4][39].OT = '';
if (Arraylb_3ListBox[4][39].T ==null) Arraylb_3ListBox[4][39].T = '0';
if (Arraylb_3ListBox[4] ==null) Arraylb_3ListBox[4] = new Array();
Arraylb_3ListBox[4][40]= new Array('Unresolved - Repairs');
if (Arraylb_3ListBox[4][40].WN ==null) Arraylb_3ListBox[4][40].WN = '';
if (Arraylb_3ListBox[4][40].OT ==null) Arraylb_3ListBox[4][40].OT = '';
if (Arraylb_3ListBox[4][40].T ==null) Arraylb_3ListBox[4][40].T = '0';
if (Arraylb_3ListBox[5] ==null) Arraylb_3ListBox[5] = new Array();
Arraylb_3ListBox[5][41]= new Array('Resolved');
if (Arraylb_3ListBox[5][41].WN ==null) Arraylb_3ListBox[5][41].WN = '';
if (Arraylb_3ListBox[5][41].OT ==null) Arraylb_3ListBox[5][41].OT = '';
if (Arraylb_3ListBox[5][41].T ==null) Arraylb_3ListBox[5][41].T = '0';
if (Arraylb_3ListBox[5] ==null) Arraylb_3ListBox[5] = new Array();
Arraylb_3ListBox[5][42]= new Array('Resolved - Deflected');
if (Arraylb_3ListBox[5][42].WN ==null) Arraylb_3ListBox[5][42].WN = '';
if (Arraylb_3ListBox[5][42].OT ==null) Arraylb_3ListBox[5][42].OT = '';
if (Arraylb_3ListBox[5][42].T ==null) Arraylb_3ListBox[5][42].T = '0';
if (Arraylb_3ListBox[5] ==null) Arraylb_3ListBox[5] = new Array();
Arraylb_3ListBox[5][43]= new Array('Resolved - Gave info and Deflected');
if (Arraylb_3ListBox[5][43].WN ==null) Arraylb_3ListBox[5][43].WN = '';
if (Arraylb_3ListBox[5][43].OT ==null) Arraylb_3ListBox[5][43].OT = '';
if (Arraylb_3ListBox[5][43].T ==null) Arraylb_3ListBox[5][43].T = '0';
if (Arraylb_3ListBox[5] ==null) Arraylb_3ListBox[5] = new Array();
Arraylb_3ListBox[5][44]= new Array('Resolved - Nqueue Submitted');
if (Arraylb_3ListBox[5][44].WN ==null) Arraylb_3ListBox[5][44].WN = '';
if (Arraylb_3ListBox[5][44].OT ==null) Arraylb_3ListBox[5][44].OT = '';
if (Arraylb_3ListBox[5][44].T ==null) Arraylb_3ListBox[5][44].T = '0';
if (Arraylb_3ListBox[5] ==null) Arraylb_3ListBox[5] = new Array();
Arraylb_3ListBox[5][45]= new Array('Unresolved');
if (Arraylb_3ListBox[5][45].WN ==null) Arraylb_3ListBox[5][45].WN = '';
if (Arraylb_3ListBox[5][45].OT ==null) Arraylb_3ListBox[5][45].OT = '';
if (Arraylb_3ListBox[5][45].T ==null) Arraylb_3ListBox[5][45].T = '0';
if (Arraylb_3ListBox[5] ==null) Arraylb_3ListBox[5] = new Array();
Arraylb_3ListBox[5][46]= new Array('Unresolved - Awaiting Response');
if (Arraylb_3ListBox[5][46].WN ==null) Arraylb_3ListBox[5][46].WN = '';
if (Arraylb_3ListBox[5][46].OT ==null) Arraylb_3ListBox[5][46].OT = '';
if (Arraylb_3ListBox[5][46].T ==null) Arraylb_3ListBox[5][46].T = '0';
if (Arraylb_3ListBox[5] ==null) Arraylb_3ListBox[5] = new Array();
Arraylb_3ListBox[5][47]= new Array('Unresolved - Case Raised');
if (Arraylb_3ListBox[5][47].WN ==null) Arraylb_3ListBox[5][47].WN = '';
if (Arraylb_3ListBox[5][47].OT ==null) Arraylb_3ListBox[5][47].OT = '';
if (Arraylb_3ListBox[5][47].T ==null) Arraylb_3ListBox[5][47].T = '0';
if (Arraylb_3ListBox[5] ==null) Arraylb_3ListBox[5] = new Array();
Arraylb_3ListBox[5][48]= new Array('Unresolved - Escalation');
if (Arraylb_3ListBox[5][48].WN ==null) Arraylb_3ListBox[5][48].WN = '';
if (Arraylb_3ListBox[5][48].OT ==null) Arraylb_3ListBox[5][48].OT = '';
if (Arraylb_3ListBox[5][48].T ==null) Arraylb_3ListBox[5][48].T = '0';
if (Arraylb_3ListBox[5] ==null) Arraylb_3ListBox[5] = new Array();
Arraylb_3ListBox[5][49]= new Array('Unresolved - Outage');
if (Arraylb_3ListBox[5][49].WN ==null) Arraylb_3ListBox[5][49].WN = '';
if (Arraylb_3ListBox[5][49].OT ==null) Arraylb_3ListBox[5][49].OT = '';
if (Arraylb_3ListBox[5][49].T ==null) Arraylb_3ListBox[5][49].T = '0';
if (Arraylb_3ListBox[5] ==null) Arraylb_3ListBox[5] = new Array();
Arraylb_3ListBox[5][50]= new Array('Unresolved - Repairs');
if (Arraylb_3ListBox[5][50].WN ==null) Arraylb_3ListBox[5][50].WN = '';
if (Arraylb_3ListBox[5][50].OT ==null) Arraylb_3ListBox[5][50].OT = '';
if (Arraylb_3ListBox[5][50].T ==null) Arraylb_3ListBox[5][50].T = '0';
if (Arraylb_3ListBox[6] ==null) Arraylb_3ListBox[6] = new Array();
Arraylb_3ListBox[6][51]= new Array('Resolved');
if (Arraylb_3ListBox[6][51].WN ==null) Arraylb_3ListBox[6][51].WN = '';
if (Arraylb_3ListBox[6][51].OT ==null) Arraylb_3ListBox[6][51].OT = '';
if (Arraylb_3ListBox[6][51].T ==null) Arraylb_3ListBox[6][51].T = '0';
if (Arraylb_3ListBox[6] ==null) Arraylb_3ListBox[6] = new Array();
Arraylb_3ListBox[6][52]= new Array('Resolved - Deflected');
if (Arraylb_3ListBox[6][52].WN ==null) Arraylb_3ListBox[6][52].WN = '';
if (Arraylb_3ListBox[6][52].OT ==null) Arraylb_3ListBox[6][52].OT = '';
if (Arraylb_3ListBox[6][52].T ==null) Arraylb_3ListBox[6][52].T = '0';
if (Arraylb_3ListBox[6] ==null) Arraylb_3ListBox[6] = new Array();
Arraylb_3ListBox[6][53]= new Array('Resolved - Gave info and Deflected');
if (Arraylb_3ListBox[6][53].WN ==null) Arraylb_3ListBox[6][53].WN = '';
if (Arraylb_3ListBox[6][53].OT ==null) Arraylb_3ListBox[6][53].OT = '';
if (Arraylb_3ListBox[6][53].T ==null) Arraylb_3ListBox[6][53].T = '0';
if (Arraylb_3ListBox[6] ==null) Arraylb_3ListBox[6] = new Array();
Arraylb_3ListBox[6][54]= new Array('Resolved - Nqueue Submitted');
if (Arraylb_3ListBox[6][54].WN ==null) Arraylb_3ListBox[6][54].WN = '';
if (Arraylb_3ListBox[6][54].OT ==null) Arraylb_3ListBox[6][54].OT = '';
if (Arraylb_3ListBox[6][54].T ==null) Arraylb_3ListBox[6][54].T = '0';
if (Arraylb_3ListBox[6] ==null) Arraylb_3ListBox[6] = new Array();
Arraylb_3ListBox[6][55]= new Array('Unresolved');
if (Arraylb_3ListBox[6][55].WN ==null) Arraylb_3ListBox[6][55].WN = '';
if (Arraylb_3ListBox[6][55].OT ==null) Arraylb_3ListBox[6][55].OT = '';
if (Arraylb_3ListBox[6][55].T ==null) Arraylb_3ListBox[6][55].T = '0';
if (Arraylb_3ListBox[6] ==null) Arraylb_3ListBox[6] = new Array();
Arraylb_3ListBox[6][56]= new Array('Unresolved - Awaiting Response');
if (Arraylb_3ListBox[6][56].WN ==null) Arraylb_3ListBox[6][56].WN = '';
if (Arraylb_3ListBox[6][56].OT ==null) Arraylb_3ListBox[6][56].OT = '';
if (Arraylb_3ListBox[6][56].T ==null) Arraylb_3ListBox[6][56].T = '0';
if (Arraylb_3ListBox[6] ==null) Arraylb_3ListBox[6] = new Array();
Arraylb_3ListBox[6][57]= new Array('Unresolved - Case Raised');
if (Arraylb_3ListBox[6][57].WN ==null) Arraylb_3ListBox[6][57].WN = '';
if (Arraylb_3ListBox[6][57].OT ==null) Arraylb_3ListBox[6][57].OT = '';
if (Arraylb_3ListBox[6][57].T ==null) Arraylb_3ListBox[6][57].T = '0';
if (Arraylb_3ListBox[6] ==null) Arraylb_3ListBox[6] = new Array();
Arraylb_3ListBox[6][58]= new Array('Unresolved - Escalation');
if (Arraylb_3ListBox[6][58].WN ==null) Arraylb_3ListBox[6][58].WN = '';
if (Arraylb_3ListBox[6][58].OT ==null) Arraylb_3ListBox[6][58].OT = '';
if (Arraylb_3ListBox[6][58].T ==null) Arraylb_3ListBox[6][58].T = '0';
if (Arraylb_3ListBox[6] ==null) Arraylb_3ListBox[6] = new Array();
Arraylb_3ListBox[6][59]= new Array('Unresolved - Outage');
if (Arraylb_3ListBox[6][59].WN ==null) Arraylb_3ListBox[6][59].WN = '';
if (Arraylb_3ListBox[6][59].OT ==null) Arraylb_3ListBox[6][59].OT = '';
if (Arraylb_3ListBox[6][59].T ==null) Arraylb_3ListBox[6][59].T = '0';
if (Arraylb_3ListBox[6] ==null) Arraylb_3ListBox[6] = new Array();
Arraylb_3ListBox[6][60]= new Array('Unresolved - Repairs');
if (Arraylb_3ListBox[6][60].WN ==null) Arraylb_3ListBox[6][60].WN = '';
if (Arraylb_3ListBox[6][60].OT ==null) Arraylb_3ListBox[6][60].OT = '';
if (Arraylb_3ListBox[6][60].T ==null) Arraylb_3ListBox[6][60].T = '0';
if (Arraylb_3ListBox[7] ==null) Arraylb_3ListBox[7] = new Array();
Arraylb_3ListBox[7][61]= new Array('Resolved');
if (Arraylb_3ListBox[7][61].WN ==null) Arraylb_3ListBox[7][61].WN = '';
if (Arraylb_3ListBox[7][61].OT ==null) Arraylb_3ListBox[7][61].OT = '';
if (Arraylb_3ListBox[7][61].T ==null) Arraylb_3ListBox[7][61].T = '0';
if (Arraylb_3ListBox[7] ==null) Arraylb_3ListBox[7] = new Array();
Arraylb_3ListBox[7][62]= new Array('Resolved - Deflected');
if (Arraylb_3ListBox[7][62].WN ==null) Arraylb_3ListBox[7][62].WN = '';
if (Arraylb_3ListBox[7][62].OT ==null) Arraylb_3ListBox[7][62].OT = '';
if (Arraylb_3ListBox[7][62].T ==null) Arraylb_3ListBox[7][62].T = '0';
if (Arraylb_3ListBox[7] ==null) Arraylb_3ListBox[7] = new Array();
Arraylb_3ListBox[7][63]= new Array('Resolved - Gave info and Deflected');
if (Arraylb_3ListBox[7][63].WN ==null) Arraylb_3ListBox[7][63].WN = '';
if (Arraylb_3ListBox[7][63].OT ==null) Arraylb_3ListBox[7][63].OT = '';
if (Arraylb_3ListBox[7][63].T ==null) Arraylb_3ListBox[7][63].T = '0';
if (Arraylb_3ListBox[7] ==null) Arraylb_3ListBox[7] = new Array();
Arraylb_3ListBox[7][64]= new Array('Resolved - Nqueue Submitted');
if (Arraylb_3ListBox[7][64].WN ==null) Arraylb_3ListBox[7][64].WN = '';
if (Arraylb_3ListBox[7][64].OT ==null) Arraylb_3ListBox[7][64].OT = '';
if (Arraylb_3ListBox[7][64].T ==null) Arraylb_3ListBox[7][64].T = '0';
if (Arraylb_3ListBox[7] ==null) Arraylb_3ListBox[7] = new Array();
Arraylb_3ListBox[7][65]= new Array('Unresolved');
if (Arraylb_3ListBox[7][65].WN ==null) Arraylb_3ListBox[7][65].WN = '';
if (Arraylb_3ListBox[7][65].OT ==null) Arraylb_3ListBox[7][65].OT = '';
if (Arraylb_3ListBox[7][65].T ==null) Arraylb_3ListBox[7][65].T = '0';
if (Arraylb_3ListBox[7] ==null) Arraylb_3ListBox[7] = new Array();
Arraylb_3ListBox[7][66]= new Array('Unresolved - Awaiting Response');
if (Arraylb_3ListBox[7][66].WN ==null) Arraylb_3ListBox[7][66].WN = '';
if (Arraylb_3ListBox[7][66].OT ==null) Arraylb_3ListBox[7][66].OT = '';
if (Arraylb_3ListBox[7][66].T ==null) Arraylb_3ListBox[7][66].T = '0';
if (Arraylb_3ListBox[7] ==null) Arraylb_3ListBox[7] = new Array();
Arraylb_3ListBox[7][67]= new Array('Unresolved - Case Raised');
if (Arraylb_3ListBox[7][67].WN ==null) Arraylb_3ListBox[7][67].WN = '';
if (Arraylb_3ListBox[7][67].OT ==null) Arraylb_3ListBox[7][67].OT = '';
if (Arraylb_3ListBox[7][67].T ==null) Arraylb_3ListBox[7][67].T = '0';
if (Arraylb_3ListBox[7] ==null) Arraylb_3ListBox[7] = new Array();
Arraylb_3ListBox[7][68]= new Array('Unresolved - Escalation');
if (Arraylb_3ListBox[7][68].WN ==null) Arraylb_3ListBox[7][68].WN = '';
if (Arraylb_3ListBox[7][68].OT ==null) Arraylb_3ListBox[7][68].OT = '';
if (Arraylb_3ListBox[7][68].T ==null) Arraylb_3ListBox[7][68].T = '0';
if (Arraylb_3ListBox[7] ==null) Arraylb_3ListBox[7] = new Array();
Arraylb_3ListBox[7][69]= new Array('Unresolved - Outage');
if (Arraylb_3ListBox[7][69].WN ==null) Arraylb_3ListBox[7][69].WN = '';
if (Arraylb_3ListBox[7][69].OT ==null) Arraylb_3ListBox[7][69].OT = '';
if (Arraylb_3ListBox[7][69].T ==null) Arraylb_3ListBox[7][69].T = '0';
if (Arraylb_3ListBox[7] ==null) Arraylb_3ListBox[7] = new Array();
Arraylb_3ListBox[7][70]= new Array('Unresolved - Repairs');
if (Arraylb_3ListBox[7][70].WN ==null) Arraylb_3ListBox[7][70].WN = '';
if (Arraylb_3ListBox[7][70].OT ==null) Arraylb_3ListBox[7][70].OT = '';
if (Arraylb_3ListBox[7][70].T ==null) Arraylb_3ListBox[7][70].T = '0';
if (Arraylb_3ListBox[8] ==null) Arraylb_3ListBox[8] = new Array();
Arraylb_3ListBox[8][71]= new Array('Resolved');
if (Arraylb_3ListBox[8][71].WN ==null) Arraylb_3ListBox[8][71].WN = '';
if (Arraylb_3ListBox[8][71].OT ==null) Arraylb_3ListBox[8][71].OT = '';
if (Arraylb_3ListBox[8][71].T ==null) Arraylb_3ListBox[8][71].T = '0';
if (Arraylb_3ListBox[8] ==null) Arraylb_3ListBox[8] = new Array();
Arraylb_3ListBox[8][72]= new Array('Resolved - Deflected');
if (Arraylb_3ListBox[8][72].WN ==null) Arraylb_3ListBox[8][72].WN = '';
if (Arraylb_3ListBox[8][72].OT ==null) Arraylb_3ListBox[8][72].OT = '';
if (Arraylb_3ListBox[8][72].T ==null) Arraylb_3ListBox[8][72].T = '0';
if (Arraylb_3ListBox[8] ==null) Arraylb_3ListBox[8] = new Array();
Arraylb_3ListBox[8][73]= new Array('Resolved - Gave info and Deflected');
if (Arraylb_3ListBox[8][73].WN ==null) Arraylb_3ListBox[8][73].WN = '';
if (Arraylb_3ListBox[8][73].OT ==null) Arraylb_3ListBox[8][73].OT = '';
if (Arraylb_3ListBox[8][73].T ==null) Arraylb_3ListBox[8][73].T = '0';
if (Arraylb_3ListBox[8] ==null) Arraylb_3ListBox[8] = new Array();
Arraylb_3ListBox[8][74]= new Array('Resolved - Nqueue Submitted');
if (Arraylb_3ListBox[8][74].WN ==null) Arraylb_3ListBox[8][74].WN = '';
if (Arraylb_3ListBox[8][74].OT ==null) Arraylb_3ListBox[8][74].OT = '';
if (Arraylb_3ListBox[8][74].T ==null) Arraylb_3ListBox[8][74].T = '0';
if (Arraylb_3ListBox[8] ==null) Arraylb_3ListBox[8] = new Array();
Arraylb_3ListBox[8][75]= new Array('Unresolved');
if (Arraylb_3ListBox[8][75].WN ==null) Arraylb_3ListBox[8][75].WN = '';
if (Arraylb_3ListBox[8][75].OT ==null) Arraylb_3ListBox[8][75].OT = '';
if (Arraylb_3ListBox[8][75].T ==null) Arraylb_3ListBox[8][75].T = '0';
if (Arraylb_3ListBox[8] ==null) Arraylb_3ListBox[8] = new Array();
Arraylb_3ListBox[8][76]= new Array('Unresolved - Awaiting Response');
if (Arraylb_3ListBox[8][76].WN ==null) Arraylb_3ListBox[8][76].WN = '';
if (Arraylb_3ListBox[8][76].OT ==null) Arraylb_3ListBox[8][76].OT = '';
if (Arraylb_3ListBox[8][76].T ==null) Arraylb_3ListBox[8][76].T = '0';
if (Arraylb_3ListBox[8] ==null) Arraylb_3ListBox[8] = new Array();
Arraylb_3ListBox[8][77]= new Array('Unresolved - Case Raised');
if (Arraylb_3ListBox[8][77].WN ==null) Arraylb_3ListBox[8][77].WN = '';
if (Arraylb_3ListBox[8][77].OT ==null) Arraylb_3ListBox[8][77].OT = '';
if (Arraylb_3ListBox[8][77].T ==null) Arraylb_3ListBox[8][77].T = '0';
if (Arraylb_3ListBox[8] ==null) Arraylb_3ListBox[8] = new Array();
Arraylb_3ListBox[8][78]= new Array('Unresolved - Escalation');
if (Arraylb_3ListBox[8][78].WN ==null) Arraylb_3ListBox[8][78].WN = '';
if (Arraylb_3ListBox[8][78].OT ==null) Arraylb_3ListBox[8][78].OT = '';
if (Arraylb_3ListBox[8][78].T ==null) Arraylb_3ListBox[8][78].T = '0';
if (Arraylb_3ListBox[8] ==null) Arraylb_3ListBox[8] = new Array();
Arraylb_3ListBox[8][79]= new Array('Unresolved - Outage');
if (Arraylb_3ListBox[8][79].WN ==null) Arraylb_3ListBox[8][79].WN = '';
if (Arraylb_3ListBox[8][79].OT ==null) Arraylb_3ListBox[8][79].OT = '';
if (Arraylb_3ListBox[8][79].T ==null) Arraylb_3ListBox[8][79].T = '0';
if (Arraylb_3ListBox[8] ==null) Arraylb_3ListBox[8] = new Array();
Arraylb_3ListBox[8][80]= new Array('Unresolved - Repairs');
if (Arraylb_3ListBox[8][80].WN ==null) Arraylb_3ListBox[8][80].WN = '';
if (Arraylb_3ListBox[8][80].OT ==null) Arraylb_3ListBox[8][80].OT = '';
if (Arraylb_3ListBox[8][80].T ==null) Arraylb_3ListBox[8][80].T = '0';
if (Arraylb_3ListBox[9] ==null) Arraylb_3ListBox[9] = new Array();
Arraylb_3ListBox[9][81]= new Array('Resolved');
if (Arraylb_3ListBox[9][81].WN ==null) Arraylb_3ListBox[9][81].WN = '';
if (Arraylb_3ListBox[9][81].OT ==null) Arraylb_3ListBox[9][81].OT = '';
if (Arraylb_3ListBox[9][81].T ==null) Arraylb_3ListBox[9][81].T = '0';
if (Arraylb_3ListBox[9] ==null) Arraylb_3ListBox[9] = new Array();
Arraylb_3ListBox[9][82]= new Array('Resolved - Deflected');
if (Arraylb_3ListBox[9][82].WN ==null) Arraylb_3ListBox[9][82].WN = '';
if (Arraylb_3ListBox[9][82].OT ==null) Arraylb_3ListBox[9][82].OT = '';
if (Arraylb_3ListBox[9][82].T ==null) Arraylb_3ListBox[9][82].T = '0';
if (Arraylb_3ListBox[9] ==null) Arraylb_3ListBox[9] = new Array();
Arraylb_3ListBox[9][83]= new Array('Resolved - Gave info and Deflected');
if (Arraylb_3ListBox[9][83].WN ==null) Arraylb_3ListBox[9][83].WN = '';
if (Arraylb_3ListBox[9][83].OT ==null) Arraylb_3ListBox[9][83].OT = '';
if (Arraylb_3ListBox[9][83].T ==null) Arraylb_3ListBox[9][83].T = '0';
if (Arraylb_3ListBox[9] ==null) Arraylb_3ListBox[9] = new Array();
Arraylb_3ListBox[9][84]= new Array('Resolved - Nqueue Submitted');
if (Arraylb_3ListBox[9][84].WN ==null) Arraylb_3ListBox[9][84].WN = '';
if (Arraylb_3ListBox[9][84].OT ==null) Arraylb_3ListBox[9][84].OT = '';
if (Arraylb_3ListBox[9][84].T ==null) Arraylb_3ListBox[9][84].T = '0';
if (Arraylb_3ListBox[9] ==null) Arraylb_3ListBox[9] = new Array();
Arraylb_3ListBox[9][85]= new Array('Unresolved');
if (Arraylb_3ListBox[9][85].WN ==null) Arraylb_3ListBox[9][85].WN = '';
if (Arraylb_3ListBox[9][85].OT ==null) Arraylb_3ListBox[9][85].OT = '';
if (Arraylb_3ListBox[9][85].T ==null) Arraylb_3ListBox[9][85].T = '0';
if (Arraylb_3ListBox[9] ==null) Arraylb_3ListBox[9] = new Array();
Arraylb_3ListBox[9][86]= new Array('Unresolved - Awaiting Response');
if (Arraylb_3ListBox[9][86].WN ==null) Arraylb_3ListBox[9][86].WN = '';
if (Arraylb_3ListBox[9][86].OT ==null) Arraylb_3ListBox[9][86].OT = '';
if (Arraylb_3ListBox[9][86].T ==null) Arraylb_3ListBox[9][86].T = '0';
if (Arraylb_3ListBox[9] ==null) Arraylb_3ListBox[9] = new Array();
Arraylb_3ListBox[9][87]= new Array('Unresolved - Case Raised');
if (Arraylb_3ListBox[9][87].WN ==null) Arraylb_3ListBox[9][87].WN = '';
if (Arraylb_3ListBox[9][87].OT ==null) Arraylb_3ListBox[9][87].OT = '';
if (Arraylb_3ListBox[9][87].T ==null) Arraylb_3ListBox[9][87].T = '0';
if (Arraylb_3ListBox[9] ==null) Arraylb_3ListBox[9] = new Array();
Arraylb_3ListBox[9][88]= new Array('Unresolved - Escalation');
if (Arraylb_3ListBox[9][88].WN ==null) Arraylb_3ListBox[9][88].WN = '';
if (Arraylb_3ListBox[9][88].OT ==null) Arraylb_3ListBox[9][88].OT = '';
if (Arraylb_3ListBox[9][88].T ==null) Arraylb_3ListBox[9][88].T = '0';
if (Arraylb_3ListBox[9] ==null) Arraylb_3ListBox[9] = new Array();
Arraylb_3ListBox[9][89]= new Array('Unresolved - Outage');
if (Arraylb_3ListBox[9][89].WN ==null) Arraylb_3ListBox[9][89].WN = '';
if (Arraylb_3ListBox[9][89].OT ==null) Arraylb_3ListBox[9][89].OT = '';
if (Arraylb_3ListBox[9][89].T ==null) Arraylb_3ListBox[9][89].T = '0';
if (Arraylb_3ListBox[9] ==null) Arraylb_3ListBox[9] = new Array();
Arraylb_3ListBox[9][90]= new Array('Unresolved - Repairs');
if (Arraylb_3ListBox[9][90].WN ==null) Arraylb_3ListBox[9][90].WN = '';
if (Arraylb_3ListBox[9][90].OT ==null) Arraylb_3ListBox[9][90].OT = '';
if (Arraylb_3ListBox[9][90].T ==null) Arraylb_3ListBox[9][90].T = '0';
</Array>
  </DataScript>
</FORMS>