﻿<?xml version="1.0" encoding="utf-8"?>
<FORMS xmlns:xsi="http://www.w3.org/2001/XMLSchema-instance" FormID="48" VersionName="1.8">
  <TextBox>
    <Label>
      <Text>Incident Title</Text>
    </Label>
    <ControlID>1</ControlID>
    <ControlType>Basic</ControlType>
    <FieldID>txt_0TextBox</FieldID>
    <Title>Incident Title</Title>
    <X-Pos>10</X-Pos>
    <Y-Pos>10</Y-Pos>
    <Width>200</Width>
    <IsRequired>False</IsRequired>
    <IsPostBack>False</IsPostBack>
    <IsWrap>False</IsWrap>
    <PreWrap>
    </PreWrap>
    <PostWrap>
    </PostWrap>
    <TextMode>Singleline</TextMode>
    <IsType>AlphaNumeric</IsType>
    <MaxLength>300</MaxLength>
    <Dependency>
    </Dependency>
    <PrevRef>
    </PrevRef>
    <DependentID>
    </DependentID>
    <Tabindex>1</Tabindex>
    <Height>50</Height>
    <IsHide>False</IsHide>
  </TextBox>
  <TextBox>
    <Label>
      <Text>Date</Text>
    </Label>
    <ControlID>1</ControlID>
    <ControlType>Basic</ControlType>
    <FieldID>txt_2TextBox</FieldID>
    <Title>Date</Title>
    <X-Pos>266</X-Pos>
    <Y-Pos>10</Y-Pos>
    <Width>200</Width>
    <IsRequired>False</IsRequired>
    <IsPostBack>False</IsPostBack>
    <IsWrap>False</IsWrap>
    <PreWrap>
    </PreWrap>
    <PostWrap>
    </PostWrap>
    <TextMode>Singleline</TextMode>
    <IsType>Date</IsType>
    <MaxLength>20</MaxLength>
    <Dependency>
    </Dependency>
    <PrevRef>
    </PrevRef>
    <DependentID>
    </DependentID>
    <Tabindex>2</Tabindex>
    <Height>50</Height>
    <IsHide>False</IsHide>
  </TextBox>
  <TextBox>
    <Label>
      <Text>Time</Text>
    </Label>
    <ControlID>1</ControlID>
    <ControlType>Basic</ControlType>
    <FieldID>txt_3TextBox</FieldID>
    <Title>Time</Title>
    <X-Pos>480</X-Pos>
    <Y-Pos>10</Y-Pos>
    <Width>200</Width>
    <IsRequired>False</IsRequired>
    <IsPostBack>False</IsPostBack>
    <IsWrap>False</IsWrap>
    <PreWrap>
    </PreWrap>
    <PostWrap>
    </PostWrap>
    <TextMode>Singleline</TextMode>
    <IsType>Time</IsType>
    <MaxLength>20</MaxLength>
    <Dependency>
    </Dependency>
    <PrevRef>
    </PrevRef>
    <DependentID>
    </DependentID>
    <Tabindex>3</Tabindex>
    <Height>50</Height>
    <IsHide>False</IsHide>
  </TextBox>
  <TextBox>
    <Label>
      <Text>Prepared By</Text>
    </Label>
    <ControlID>1</ControlID>
    <ControlType>Basic</ControlType>
    <FieldID>txt_4TextBox</FieldID>
    <Title>Prepared By</Title>
    <X-Pos>694</X-Pos>
    <Y-Pos>10</Y-Pos>
    <Width>200</Width>
    <IsRequired>False</IsRequired>
    <IsPostBack>False</IsPostBack>
    <IsWrap>False</IsWrap>
    <PreWrap>
    </PreWrap>
    <PostWrap>
    </PostWrap>
    <TextMode>Singleline</TextMode>
    <IsType>AlphaNumeric</IsType>
    <MaxLength>20</MaxLength>
    <Dependency>
    </Dependency>
    <PrevRef>
    </PrevRef>
    <DependentID>
    </DependentID>
    <Tabindex>4</Tabindex>
    <Height>50</Height>
    <IsHide>False</IsHide>
  </TextBox>
  <TextBox>
    <Label>
      <Text>Date of Incident</Text>
    </Label>
    <ControlID>1</ControlID>
    <ControlType>Basic</ControlType>
    <FieldID>txt_5TextBox</FieldID>
    <Title>Date of Incident</Title>
    <X-Pos>553</X-Pos>
    <Y-Pos>80</Y-Pos>
    <Width>200</Width>
    <IsRequired>False</IsRequired>
    <IsPostBack>False</IsPostBack>
    <IsWrap>False</IsWrap>
    <PreWrap>
    </PreWrap>
    <PostWrap>
    </PostWrap>
    <TextMode>Singleline</TextMode>
    <IsType>Date</IsType>
    <MaxLength>20</MaxLength>
    <Dependency>
    </Dependency>
    <PrevRef>
    </PrevRef>
    <DependentID>
    </DependentID>
    <Tabindex>7</Tabindex>
    <Height>50</Height>
    <IsHide>False</IsHide>
  </TextBox>
  <TextBox>
    <Label>
      <Text>Time of Incident</Text>
    </Label>
    <ControlID>1</ControlID>
    <ControlType>Basic</ControlType>
    <FieldID>txt_6TextBox</FieldID>
    <Title>Time of Incident</Title>
    <X-Pos>828</X-Pos>
    <Y-Pos>80</Y-Pos>
    <Width>200</Width>
    <IsRequired>False</IsRequired>
    <IsPostBack>False</IsPostBack>
    <IsWrap>False</IsWrap>
    <PreWrap>
    </PreWrap>
    <PostWrap>
    </PostWrap>
    <TextMode>Singleline</TextMode>
    <IsType>Time</IsType>
    <MaxLength>20</MaxLength>
    <Dependency>
    </Dependency>
    <PrevRef>
    </PrevRef>
    <DependentID>
    </DependentID>
    <Tabindex>8</Tabindex>
    <Height>50</Height>
    <IsHide>False</IsHide>
  </TextBox>
  <TextBox>
    <Label>
      <Text>Location</Text>
    </Label>
    <ControlID>1</ControlID>
    <ControlType>Basic</ControlType>
    <FieldID>txt_7TextBox</FieldID>
    <Title>Location</Title>
    <X-Pos>10</X-Pos>
    <Y-Pos>80</Y-Pos>
    <Width>200</Width>
    <IsRequired>False</IsRequired>
    <IsPostBack>False</IsPostBack>
    <IsWrap>False</IsWrap>
    <PreWrap>
    </PreWrap>
    <PostWrap>
    </PostWrap>
    <TextMode>Singleline</TextMode>
    <IsType>AlphaNumeric</IsType>
    <MaxLength>100</MaxLength>
    <Dependency>
    </Dependency>
    <PrevRef>
    </PrevRef>
    <DependentID>
    </DependentID>
    <Tabindex>5</Tabindex>
    <Height>50</Height>
    <IsHide>False</IsHide>
  </TextBox>
  <TextBox>
    <Label>
      <Text>Total Outage Duration</Text>
    </Label>
    <ControlID>1</ControlID>
    <ControlType>Basic</ControlType>
    <FieldID>txt_8TextBox</FieldID>
    <Title>Total Outage Duration</Title>
    <X-Pos>243</X-Pos>
    <Y-Pos>80</Y-Pos>
    <Width>200</Width>
    <IsRequired>False</IsRequired>
    <IsPostBack>False</IsPostBack>
    <IsWrap>False</IsWrap>
    <PreWrap>
    </PreWrap>
    <PostWrap>
    </PostWrap>
    <TextMode>Singleline</TextMode>
    <IsType>AlphaNumeric</IsType>
    <MaxLength>20</MaxLength>
    <Dependency>
    </Dependency>
    <PrevRef>
    </PrevRef>
    <DependentID>
    </DependentID>
    <Tabindex>6</Tabindex>
    <Height>50</Height>
    <IsHide>False</IsHide>
  </TextBox>
  <TextBox>
    <Label>
      <Text>Details about the Incident happened</Text>
    </Label>
    <ControlID>1</ControlID>
    <ControlType>Basic</ControlType>
    <FieldID>txt_9TextBox</FieldID>
    <Title>Details about the Incident happened</Title>
    <X-Pos>10</X-Pos>
    <Y-Pos>150</Y-Pos>
    <Width>500</Width>
    <IsRequired>False</IsRequired>
    <IsPostBack>False</IsPostBack>
    <IsWrap>False</IsWrap>
    <PreWrap>
    </PreWrap>
    <PostWrap>
    </PostWrap>
    <TextMode>Multiline</TextMode>
    <IsType>AlphaNumeric</IsType>
    <MaxLength>2000</MaxLength>
    <Dependency>
    </Dependency>
    <PrevRef>
    </PrevRef>
    <DependentID>
    </DependentID>
    <Tabindex>9</Tabindex>
    <Height>100</Height>
    <IsHide>False</IsHide>
  </TextBox>
  <TextBox>
    <Label>
      <Text>Immediate Corrective Action taken</Text>
    </Label>
    <ControlID>1</ControlID>
    <ControlType>Basic</ControlType>
    <FieldID>txt_10TextBox</FieldID>
    <Title>Immediate Corrective Action taken</Title>
    <X-Pos>10</X-Pos>
    <Y-Pos>270</Y-Pos>
    <Width>200</Width>
    <IsRequired>False</IsRequired>
    <IsPostBack>False</IsPostBack>
    <IsWrap>False</IsWrap>
    <PreWrap>
    </PreWrap>
    <PostWrap>
    </PostWrap>
    <TextMode>Multiline</TextMode>
    <IsType>AlphaNumeric</IsType>
    <MaxLength>2000</MaxLength>
    <Dependency>
    </Dependency>
    <PrevRef>
    </PrevRef>
    <DependentID>
    </DependentID>
    <Tabindex>11</Tabindex>
    <Height>50</Height>
    <IsHide>False</IsHide>
  </TextBox>
  <TextBox>
    <Label>
      <Text>Initiated by</Text>
    </Label>
    <ControlID>1</ControlID>
    <ControlType>Basic</ControlType>
    <FieldID>txt_11TextBox</FieldID>
    <Title>Initiated by</Title>
    <X-Pos>683</X-Pos>
    <Y-Pos>270</Y-Pos>
    <Width>200</Width>
    <IsRequired>False</IsRequired>
    <IsPostBack>False</IsPostBack>
    <IsWrap>False</IsWrap>
    <PreWrap>
    </PreWrap>
    <PostWrap>
    </PostWrap>
    <TextMode>Singleline</TextMode>
    <IsType>AlphaNumeric</IsType>
    <MaxLength>70</MaxLength>
    <Dependency>
    </Dependency>
    <PrevRef>
    </PrevRef>
    <DependentID>
    </DependentID>
    <Tabindex>13</Tabindex>
    <Height>50</Height>
    <IsHide>False</IsHide>
  </TextBox>
  <TextBox>
    <Label>
      <Text>Date Implemented</Text>
    </Label>
    <ControlID>1</ControlID>
    <ControlType>Basic</ControlType>
    <FieldID>txt_12TextBox</FieldID>
    <Title>Date Implemented</Title>
    <X-Pos>390</X-Pos>
    <Y-Pos>270</Y-Pos>
    <Width>200</Width>
    <IsRequired>False</IsRequired>
    <IsPostBack>False</IsPostBack>
    <IsWrap>False</IsWrap>
    <PreWrap>
    </PreWrap>
    <PostWrap>
    </PostWrap>
    <TextMode>Singleline</TextMode>
    <IsType>Date</IsType>
    <MaxLength>20</MaxLength>
    <Dependency>
    </Dependency>
    <PrevRef>
    </PrevRef>
    <DependentID>
    </DependentID>
    <Tabindex>12</Tabindex>
    <Height>50</Height>
    <IsHide>False</IsHide>
  </TextBox>
  <TextBox>
    <Label>
      <Text>Causes for the Problem</Text>
    </Label>
    <ControlID>1</ControlID>
    <ControlType>Basic</ControlType>
    <FieldID>txt_13TextBox</FieldID>
    <Title>Causes for the Problem</Title>
    <X-Pos>10</X-Pos>
    <Y-Pos>340</Y-Pos>
    <Width>500</Width>
    <IsRequired>False</IsRequired>
    <IsPostBack>False</IsPostBack>
    <IsWrap>False</IsWrap>
    <PreWrap>
    </PreWrap>
    <PostWrap>
    </PostWrap>
    <TextMode>Multiline</TextMode>
    <IsType>AlphaNumeric</IsType>
    <MaxLength>20</MaxLength>
    <Dependency>
    </Dependency>
    <PrevRef>
    </PrevRef>
    <DependentID>
    </DependentID>
    <Tabindex>14</Tabindex>
    <Height>100</Height>
    <IsHide>False</IsHide>
  </TextBox>
  <TextBox>
    <Label>
      <Text>Proposed long term Corrective Action to be taken</Text>
    </Label>
    <ControlID>1</ControlID>
    <ControlType>Basic</ControlType>
    <FieldID>txt_14TextBox</FieldID>
    <Title>Proposed long term Corrective Action to be taken</Title>
    <X-Pos>10</X-Pos>
    <Y-Pos>460</Y-Pos>
    <Width>200</Width>
    <IsRequired>False</IsRequired>
    <IsPostBack>False</IsPostBack>
    <IsWrap>False</IsWrap>
    <PreWrap>
    </PreWrap>
    <PostWrap>
    </PostWrap>
    <TextMode>Multiline</TextMode>
    <IsType>AlphaNumeric</IsType>
    <MaxLength>500</MaxLength>
    <Dependency>
    </Dependency>
    <PrevRef>
    </PrevRef>
    <DependentID>
    </DependentID>
    <Tabindex>15</Tabindex>
    <Height>70</Height>
    <IsHide>False</IsHide>
  </TextBox>
  <TextBox>
    <Label>
      <Text>Implementation Date</Text>
    </Label>
    <ControlID>1</ControlID>
    <ControlType>Basic</ControlType>
    <FieldID>txt_15TextBox</FieldID>
    <Title>Implementation Date</Title>
    <X-Pos>473</X-Pos>
    <Y-Pos>460</Y-Pos>
    <Width>200</Width>
    <IsRequired>False</IsRequired>
    <IsPostBack>False</IsPostBack>
    <IsWrap>False</IsWrap>
    <PreWrap>
    </PreWrap>
    <PostWrap>
    </PostWrap>
    <TextMode>Singleline</TextMode>
    <IsType>Date</IsType>
    <MaxLength>20</MaxLength>
    <Dependency>
    </Dependency>
    <PrevRef>
    </PrevRef>
    <DependentID>
    </DependentID>
    <Tabindex>16</Tabindex>
    <Height>50</Height>
    <IsHide>False</IsHide>
  </TextBox>
  <TextBox>
    <Label>
      <Text>Status</Text>
    </Label>
    <ControlID>1</ControlID>
    <ControlType>Basic</ControlType>
    <FieldID>txt_16TextBox</FieldID>
    <Title>Status</Title>
    <X-Pos>780</X-Pos>
    <Y-Pos>460</Y-Pos>
    <Width>200</Width>
    <IsRequired>False</IsRequired>
    <IsPostBack>False</IsPostBack>
    <IsWrap>False</IsWrap>
    <PreWrap>
    </PreWrap>
    <PostWrap>
    </PostWrap>
    <TextMode>Singleline</TextMode>
    <IsType>AlphaNumeric</IsType>
    <MaxLength>20</MaxLength>
    <Dependency>
    </Dependency>
    <PrevRef>
    </PrevRef>
    <DependentID>
    </DependentID>
    <Tabindex>17</Tabindex>
    <Height>50</Height>
    <IsHide>False</IsHide>
  </TextBox>
  <TextBox>
    <Label>
      <Text>Team Involved in</Text>
    </Label>
    <ControlID>1</ControlID>
    <ControlType>Basic</ControlType>
    <FieldID>txt_17TextBox</FieldID>
    <Title>Team Involved in</Title>
    <X-Pos>250</X-Pos>
    <Y-Pos>530</Y-Pos>
    <Width>200</Width>
    <IsRequired>False</IsRequired>
    <IsPostBack>False</IsPostBack>
    <IsWrap>False</IsWrap>
    <PreWrap>
    </PreWrap>
    <PostWrap>
    </PostWrap>
    <TextMode>Multiline</TextMode>
    <IsType>AlphaNumeric</IsType>
    <MaxLength>400</MaxLength>
    <Dependency>
    </Dependency>
    <PrevRef>
    </PrevRef>
    <DependentID>
    </DependentID>
    <Tabindex>19</Tabindex>
    <Height>50</Height>
    <IsHide>False</IsHide>
  </TextBox>
  <TextBox>
    <Label>
      <Text>Closed On</Text>
    </Label>
    <ControlID>1</ControlID>
    <ControlType>Basic</ControlType>
    <FieldID>txt_18TextBox</FieldID>
    <Title>Closed On</Title>
    <X-Pos>10</X-Pos>
    <Y-Pos>530</Y-Pos>
    <Width>200</Width>
    <IsRequired>False</IsRequired>
    <IsPostBack>False</IsPostBack>
    <IsWrap>False</IsWrap>
    <PreWrap>
    </PreWrap>
    <PostWrap>
    </PostWrap>
    <TextMode>Singleline</TextMode>
    <IsType>AlphaNumeric</IsType>
    <MaxLength>20</MaxLength>
    <Dependency>
    </Dependency>
    <PrevRef>
    </PrevRef>
    <DependentID>
    </DependentID>
    <Tabindex>18</Tabindex>
    <Height>50</Height>
    <IsHide>False</IsHide>
  </TextBox>
  <TextBox>
    <Label>
      <Text>Reported to</Text>
    </Label>
    <ControlID>1</ControlID>
    <ControlType>Basic</ControlType>
    <FieldID>txt_19TextBox</FieldID>
    <Title>Reported to</Title>
    <X-Pos>531</X-Pos>
    <Y-Pos>530</Y-Pos>
    <Width>200</Width>
    <IsRequired>False</IsRequired>
    <IsPostBack>False</IsPostBack>
    <IsWrap>False</IsWrap>
    <PreWrap>
    </PreWrap>
    <PostWrap>
    </PostWrap>
    <TextMode>Multiline</TextMode>
    <IsType>AlphaNumeric</IsType>
    <MaxLength>20</MaxLength>
    <Dependency>
    </Dependency>
    <PrevRef>
    </PrevRef>
    <DependentID>
    </DependentID>
    <Tabindex>20</Tabindex>
    <Height>50</Height>
    <IsHide>False</IsHide>
  </TextBox>
  <TextBox>
    <Label>
      <Text>Business Impact</Text>
    </Label>
    <ControlID>1</ControlID>
    <ControlType>Basic</ControlType>
    <FieldID>txt_20TextBox</FieldID>
    <Title>Business Impact</Title>
    <X-Pos>524</X-Pos>
    <Y-Pos>150</Y-Pos>
    <Width>200</Width>
    <IsRequired>False</IsRequired>
    <IsPostBack>False</IsPostBack>
    <IsWrap>False</IsWrap>
    <PreWrap>
    </PreWrap>
    <PostWrap>
    </PostWrap>
    <TextMode>Singleline</TextMode>
    <IsType>AlphaNumeric</IsType>
    <MaxLength>20</MaxLength>
    <Dependency>
    </Dependency>
    <PrevRef>
    </PrevRef>
    <DependentID>
    </DependentID>
    <Tabindex>10</Tabindex>
    <Height>50</Height>
    <IsHide>False</IsHide>
  </TextBox>
  <DataScript>
    <IsUpdated>False</IsUpdated>
    <Array>
    </Array>
  </DataScript>
</FORMS>