﻿<?xml version="1.0" encoding="utf-8"?>
<FORMS xmlns:xsi="http://www.w3.org/2001/XMLSchema-instance" FormID="45" VersionName="1.2">
  <TextBox>
    <Label>
      <Text>Incident Accident Report No</Text>
    </Label>
    <ControlID>1</ControlID>
    <ControlType>Basic</ControlType>
    <FieldID>txt_0TextBox</FieldID>
    <Title>Incident Accident Report No</Title>
    <X-Pos>10</X-Pos>
    <Y-Pos>10</Y-Pos>
    <Width>200</Width>
    <IsRequired>False</IsRequired>
    <IsPostBack>False</IsPostBack>
    <IsWrap>False</IsWrap>
    <PreWrap>
    </PreWrap>
    <PostWrap>
    </PostWrap>
    <TextMode>Singleline</TextMode>
    <IsType>AlphaNumeric</IsType>
    <MaxLength>20</MaxLength>
    <Dependency>
    </Dependency>
    <PrevRef>
    </PrevRef>
    <DependentID>
    </DependentID>
    <Tabindex>1</Tabindex>
    <Height>50</Height>
    <IsHide>False</IsHide>
  </TextBox>
  <CheckBoxList>
    <Label>
      <Text>Mode of Incident Reported</Text>
    </Label>
    <ControlID>4</ControlID>
    <ControlType>Basic</ControlType>
    <FieldID>cbl_0CheckBox</FieldID>
    <Title>Mode of Incident Reported</Title>
    <X-Pos>10</X-Pos>
    <Y-Pos>80</Y-Pos>
    <Width>200</Width>
    <IsRequired>False</IsRequired>
    <IsManageable>True</IsManageable>
    <IsPostBack>False</IsPostBack>
    <RepeatColumns>1</RepeatColumns>
    <RepeatDirection>Horizontal</RepeatDirection>
    <IsWrap>False</IsWrap>
    <PreWrap>
    </PreWrap>
    <PostWrap>
    </PostWrap>
    <Dependency>
    </Dependency>
    <PrevRef>
    </PrevRef>
    <DependentID>
    </DependentID>
    <DataSource>XML</DataSource>
    <LISTITEMS>
      <LISTITEM Id="0" value="" DependentOn="0">Email</LISTITEM>
      <LISTITEM Id="1" value="" DependentOn="0">Phone</LISTITEM>
      <LISTITEM Id="2" value="" DependentOn="0">Other</LISTITEM>
    </LISTITEMS>
    <Tabindex>2</Tabindex>
    <IsHide>False</IsHide>
  </CheckBoxList>
  <TextBox>
    <Label>
      <Text>Incident Reported By Employee ID</Text>
    </Label>
    <ControlID>1</ControlID>
    <ControlType>Basic</ControlType>
    <FieldID>txt_1TextBox</FieldID>
    <Title>Incident Reported By Employee ID</Title>
    <X-Pos>688</X-Pos>
    <Y-Pos>132</Y-Pos>
    <Width>200</Width>
    <IsRequired>False</IsRequired>
    <IsPostBack>False</IsPostBack>
    <IsWrap>False</IsWrap>
    <PreWrap>
    </PreWrap>
    <PostWrap>
    </PostWrap>
    <TextMode>Singleline</TextMode>
    <IsType>AlphaNumeric</IsType>
    <MaxLength>20</MaxLength>
    <Dependency>
    </Dependency>
    <PrevRef>
    </PrevRef>
    <DependentID>
    </DependentID>
    <Tabindex>5</Tabindex>
    <Height>50</Height>
    <IsHide>False</IsHide>
  </TextBox>
  <TextBox>
    <Label>
      <Text>Incident Captured by ID</Text>
    </Label>
    <ControlID>1</ControlID>
    <ControlType>Basic</ControlType>
    <FieldID>txt_2TextBox</FieldID>
    <Title>Incident Captured by ID</Title>
    <X-Pos>10</X-Pos>
    <Y-Pos>132</Y-Pos>
    <Width>200</Width>
    <IsRequired>False</IsRequired>
    <IsPostBack>False</IsPostBack>
    <IsWrap>False</IsWrap>
    <PreWrap>
    </PreWrap>
    <PostWrap>
    </PostWrap>
    <TextMode>Singleline</TextMode>
    <IsType>AlphaNumeric</IsType>
    <MaxLength>20</MaxLength>
    <Dependency>
    </Dependency>
    <PrevRef>
    </PrevRef>
    <DependentID>
    </DependentID>
    <Tabindex>3</Tabindex>
    <Height>50</Height>
    <IsHide>False</IsHide>
  </TextBox>
  <TextBox>
    <Label>
      <Text>Vendor Involved In the Incident</Text>
    </Label>
    <ControlID>1</ControlID>
    <ControlType>Basic</ControlType>
    <FieldID>txt_3TextBox</FieldID>
    <Title>Vendor Involved In the Incident</Title>
    <X-Pos>327</X-Pos>
    <Y-Pos>132</Y-Pos>
    <Width>200</Width>
    <IsRequired>False</IsRequired>
    <IsPostBack>False</IsPostBack>
    <IsWrap>False</IsWrap>
    <PreWrap>
    </PreWrap>
    <PostWrap>
    </PostWrap>
    <TextMode>Singleline</TextMode>
    <IsType>AlphaNumeric</IsType>
    <MaxLength>20</MaxLength>
    <Dependency>
    </Dependency>
    <PrevRef>
    </PrevRef>
    <DependentID>
    </DependentID>
    <Tabindex>4</Tabindex>
    <Height>50</Height>
    <IsHide>False</IsHide>
  </TextBox>
  <TextBox>
    <Label>
      <Text>Driver’s Full Name and Vehicle No</Text>
    </Label>
    <ControlID>1</ControlID>
    <ControlType>Basic</ControlType>
    <FieldID>txt_4TextBox</FieldID>
    <Title>Driver’s Full Name and Vehicle No</Title>
    <X-Pos>10</X-Pos>
    <Y-Pos>202</Y-Pos>
    <Width>200</Width>
    <IsRequired>False</IsRequired>
    <IsPostBack>False</IsPostBack>
    <IsWrap>False</IsWrap>
    <PreWrap>
    </PreWrap>
    <PostWrap>
    </PostWrap>
    <TextMode>Singleline</TextMode>
    <IsType>AlphaNumeric</IsType>
    <MaxLength>20</MaxLength>
    <Dependency>
    </Dependency>
    <PrevRef>
    </PrevRef>
    <DependentID>
    </DependentID>
    <Tabindex>6</Tabindex>
    <Height>50</Height>
    <IsHide>False</IsHide>
  </TextBox>
  <TextBox>
    <Label>
      <Text>DateTime and Place of Incident</Text>
    </Label>
    <ControlID>1</ControlID>
    <ControlType>Basic</ControlType>
    <FieldID>txt_5TextBox</FieldID>
    <Title>DateTime and Place of Incident</Title>
    <X-Pos>10</X-Pos>
    <Y-Pos>272</Y-Pos>
    <Width>200</Width>
    <IsRequired>False</IsRequired>
    <IsPostBack>False</IsPostBack>
    <IsWrap>False</IsWrap>
    <PreWrap>
    </PreWrap>
    <PostWrap>
    </PostWrap>
    <TextMode>Singleline</TextMode>
    <IsType>AlphaNumeric</IsType>
    <MaxLength>20</MaxLength>
    <Dependency>
    </Dependency>
    <PrevRef>
    </PrevRef>
    <DependentID>
    </DependentID>
    <Tabindex>7</Tabindex>
    <Height>50</Height>
    <IsHide>False</IsHide>
  </TextBox>
  <TextBox>
    <Label>
      <Text>Detail</Text>
    </Label>
    <ControlID>1</ControlID>
    <ControlType>Basic</ControlType>
    <FieldID>txt_6TextBox</FieldID>
    <Title>Detail</Title>
    <X-Pos>10</X-Pos>
    <Y-Pos>342</Y-Pos>
    <Width>450</Width>
    <IsRequired>False</IsRequired>
    <IsPostBack>False</IsPostBack>
    <IsWrap>False</IsWrap>
    <PreWrap>
    </PreWrap>
    <PostWrap>
    </PostWrap>
    <TextMode>Multiline</TextMode>
    <IsType>AlphaNumeric</IsType>
    <MaxLength>20</MaxLength>
    <Dependency>
    </Dependency>
    <PrevRef>
    </PrevRef>
    <DependentID>
    </DependentID>
    <Tabindex>8</Tabindex>
    <Height>100</Height>
    <IsHide>False</IsHide>
  </TextBox>
  <DataScript>
    <IsUpdated>False</IsUpdated>
    <Array>
    </Array>
  </DataScript>
</FORMS>