﻿<?xml version="1.0" encoding="utf-8"?>
<FORMS xmlns:xsi="http://www.w3.org/2001/XMLSchema-instance" FormID="160" VersionName="1.1">
  <TextBox>
    <Label>
      <Text>sss</Text>
    </Label>
    <ControlID>1</ControlID>
    <ControlType>Basic</ControlType>
    <FieldID>txt_0TextBox</FieldID>
    <Title>sss</Title>
    <X-Pos>72</X-Pos>
    <Y-Pos>106</Y-Pos>
    <Width>200</Width>
    <IsRequired>False</IsRequired>
    <IsPostBack>False</IsPostBack>
    <IsWrap>False</IsWrap>
    <PreWrap>
    </PreWrap>
    <PostWrap>
    </PostWrap>
    <TextMode>Singleline</TextMode>
    <IsType>Numeric</IsType>
    <MaxLength>20</MaxLength>
    <Dependency>
    </Dependency>
    <PrevRef>
    </PrevRef>
    <DependentID>
    </DependentID>
  </TextBox>
  <DropDownList>
    <Label>
      <Text>ddd</Text>
    </Label>
    <ControlID>2</ControlID>
    <ControlType>Basic</ControlType>
    <FieldID>ddl_1DropDown</FieldID>
    <Title>ddd</Title>
    <DependentID>
    </DependentID>
    <X-Pos>74</X-Pos>
    <Y-Pos>178</Y-Pos>
    <Width>200</Width>
    <IsRequired>True</IsRequired>
    <IsManageable>True</IsManageable>
    <IsPostBack>False</IsPostBack>
    <Dependency>False</Dependency>
    <IsWrap>False</IsWrap>
    <PreWrap>
    </PreWrap>
    <PostWrap>
    </PostWrap>
    <PrevRef>
    </PrevRef>
    <DataSource>XML</DataSource>
    <LISTITEMS>
      <LISTITEM Id="1" value="" DependentOn="0">dsfsdf</LISTITEM>
      <LISTITEM Id="2" value="" DependentOn="0">sfd</LISTITEM>
    </LISTITEMS>
  </DropDownList>
  <RadioButtonList>
    <Label>
      <Text>rrr</Text>
    </Label>
    <ControlID>3</ControlID>
    <ControlType>Basic</ControlType>
    <FieldID>rbl_0RadioButton</FieldID>
    <Title>rrr</Title>
    <X-Pos>77</X-Pos>
    <Y-Pos>250</Y-Pos>
    <Width>200</Width>
    <IsRequired>True</IsRequired>
    <IsPostBack>False</IsPostBack>
    <IsManageable>True</IsManageable>
    <RepeatColumns>1</RepeatColumns>
    <RepeatDirection>Horizontal</RepeatDirection>
    <IsWrap>False</IsWrap>
    <PreWrap>
    </PreWrap>
    <PostWrap>
    </PostWrap>
    <Dependency>
    </Dependency>
    <PrevRef>
    </PrevRef>
    <DependentID>
    </DependentID>
    <DataSource>XML</DataSource>
    <LISTITEMS>
      <LISTITEM Id="0" value="" DependentOn="0">n</LISTITEM>
      <LISTITEM Id="1" value="" DependentOn="0">y</LISTITEM>
    </LISTITEMS>
  </RadioButtonList>
  <DataScript>
    <IsUpdated>False</IsUpdated>
    <Array>
    </Array>
  </DataScript>
</FORMS>