﻿<?xml version="1.0" encoding="utf-8"?>
<FORMS xmlns:xsi="http://www.w3.org/2001/XMLSchema-instance" FormID="161" VersionName="3.0">
  <DropDownList>
    <Label>
      <Text>Call Received From </Text>
    </Label>
    <ControlID>2</ControlID>
    <ControlType>Basic</ControlType>
    <FieldID>ddl_0DropDown</FieldID>
    <Title>Call Received From </Title>
    <DependentID>
    </DependentID>
    <X-Pos>10</X-Pos>
    <Y-Pos>68</Y-Pos>
    <Width>200</Width>
    <IsRequired>True</IsRequired>
    <IsManageable>True</IsManageable>
    <IsPostBack>False</IsPostBack>
    <Dependency>False</Dependency>
    <IsWrap>False</IsWrap>
    <PreWrap>
    </PreWrap>
    <PostWrap>
    </PostWrap>
    <PrevRef>
    </PrevRef>
    <DataSource>XML</DataSource>
    <LISTITEMS>
      <LISTITEM Id="1" value="" DependentOn="0">Incoming Call</LISTITEM>
      <LISTITEM Id="2" value="" DependentOn="0">Internal Transfer</LISTITEM>
    </LISTITEMS>
  </DropDownList>
  <TextBox>
    <Label>
      <Text>MSISDN</Text>
    </Label>
    <ControlID>1</ControlID>
    <ControlType>Basic</ControlType>
    <FieldID>txt_2TextBox</FieldID>
    <Title>MSISDN</Title>
    <X-Pos>372</X-Pos>
    <Y-Pos>69</Y-Pos>
    <Width>200</Width>
    <IsRequired>True</IsRequired>
    <IsPostBack>False</IsPostBack>
    <IsWrap>False</IsWrap>
    <PreWrap>
    </PreWrap>
    <PostWrap>
    </PostWrap>
    <TextMode>Singleline</TextMode>
    <IsType>Numeric</IsType>
    <MaxLength>20</MaxLength>
    <Dependency>
    </Dependency>
    <PrevRef>
    </PrevRef>
    <DependentID>
    </DependentID>
  </TextBox>
  <DropDownList>
    <Label>
      <Text>Handset Model</Text>
    </Label>
    <ControlID>2</ControlID>
    <ControlType>Basic</ControlType>
    <FieldID>ddl_1DropDown</FieldID>
    <Title>Handset Model</Title>
    <DependentID>
    </DependentID>
    <X-Pos>685</X-Pos>
    <Y-Pos>7</Y-Pos>
    <Width>200</Width>
    <IsRequired>True</IsRequired>
    <IsManageable>True</IsManageable>
    <IsPostBack>False</IsPostBack>
    <Dependency>False</Dependency>
    <IsWrap>False</IsWrap>
    <PreWrap>
    </PreWrap>
    <PostWrap>
    </PostWrap>
    <PrevRef>
    </PrevRef>
    <DataSource>XML</DataSource>
    <LISTITEMS>
      <LISTITEM Id="1" value="" DependentOn="0">iPhone 3G 8GB</LISTITEM>
      <LISTITEM Id="2" value="" DependentOn="0">Apple iPhone 3GS 8GB</LISTITEM>
      <LISTITEM Id="3" value="" DependentOn="0">Apple iPhone 3GS 16GB</LISTITEM>
      <LISTITEM Id="4" value="" DependentOn="0">Apple iPhone 3GS 32GB</LISTITEM>
      <LISTITEM Id="5" value="" DependentOn="0">iPhone 3GS 8GB</LISTITEM>
      <LISTITEM Id="6" value="" DependentOn="0">iPhone 3GS 16GB</LISTITEM>
      <LISTITEM Id="7" value="" DependentOn="0">iPhone 3GS 32GB</LISTITEM>
      <LISTITEM Id="8" value="" DependentOn="0">Apple iPhone 4 16GB</LISTITEM>
      <LISTITEM Id="9" value="" DependentOn="0">Apple iPhone 4 32GB</LISTITEM>
      <LISTITEM Id="10" value="" DependentOn="0">Non 3 Apple iPhone</LISTITEM>
      <LISTITEM Id="11" value="" DependentOn="0">Other Handset</LISTITEM>
    </LISTITEMS>
  </DropDownList>
  <ListBox>
    <Label>
      <Text>Call Type 1</Text>
    </Label>
    <ControlID>5</ControlID>
    <ControlType>Basic</ControlType>
    <FieldID>lb_0ListBox</FieldID>
    <Title>Call Type 1</Title>
    <DependentID>lb_1ListBox</DependentID>
    <X-Pos>23</X-Pos>
    <Y-Pos>146</Y-Pos>
    <Width>100</Width>
    <IsRequired>True</IsRequired>
    <IsManageable>True</IsManageable>
    <IsPostBack>False</IsPostBack>
    <Dependency>True</Dependency>
    <IsWrap>False</IsWrap>
    <PreWrap>
    </PreWrap>
    <PostWrap>
    </PostWrap>
    <PrevRef>
    </PrevRef>
    <DataSource>XML</DataSource>
    <LISTITEMS>
      <LISTITEM Id="1" value="" DependentOn="0">Blank Call/Dropped Call</LISTITEM>
      <LISTITEM Id="2" value="" DependentOn="0">Billing/Cust Services</LISTITEM>
      <LISTITEM Id="3" value="" DependentOn="0">Fault  - Accessory</LISTITEM>
      <LISTITEM Id="4" value="" DependentOn="0">Fault - Handset</LISTITEM>
      <LISTITEM Id="5" value="" DependentOn="0">Fault - Services</LISTITEM>
      <LISTITEM Id="6" value="" DependentOn="0">Fault Browser/Planet 3</LISTITEM>
      <LISTITEM Id="7" value="" DependentOn="0">Feature Does not work</LISTITEM>
      <LISTITEM Id="8" value="" DependentOn="0">Handset Not Delivered</LISTITEM>
      <LISTITEM Id="9" value="" DependentOn="0">How do I use My Handset</LISTITEM>
      <LISTITEM Id="10" value="" DependentOn="0">Logistics/Repairs</LISTITEM>
      <LISTITEM Id="11" value="" DependentOn="0">Lost/Found My SIM/Device</LISTITEM>
      <LISTITEM Id="12" value="" DependentOn="0">Network Coverage</LISTITEM>
      <LISTITEM Id="13" value="" DependentOn="0">Products &amp; Apps</LISTITEM>
      <LISTITEM Id="14" value="" DependentOn="0">Services &amp; Add-On</LISTITEM>
      <LISTITEM Id="15" value="" DependentOn="0">Tech Supp</LISTITEM>
      <LISTITEM Id="16" value="" DependentOn="0">Non Apple Query</LISTITEM>
    </LISTITEMS>
  </ListBox>
  <ListBox>
    <Label>
      <Text>Call Type 2</Text>
    </Label>
    <ControlID>5</ControlID>
    <ControlType>Basic</ControlType>
    <FieldID>lb_1ListBox</FieldID>
    <Title>Call Type 2</Title>
    <DependentID>
    </DependentID>
    <X-Pos>301</X-Pos>
    <Y-Pos>151</Y-Pos>
    <Width>100</Width>
    <IsRequired>True</IsRequired>
    <IsManageable>True</IsManageable>
    <IsPostBack>False</IsPostBack>
    <Dependency>True</Dependency>
    <IsWrap>False</IsWrap>
    <PreWrap>
    </PreWrap>
    <PostWrap>
    </PostWrap>
    <PrevRef>lb_0ListBox</PrevRef>
    <DataSource>XML</DataSource>
    <LISTITEMS>
      <LISTITEM Id="6" value="" DependentOn="0">iPhone Enquiry-Bluetooth</LISTITEM>
      <LISTITEM Id="39" value="" DependentOn="0">IPhone Enquiry Voicemail</LISTITEM>
      <LISTITEM Id="75" value="" DependentOn="0">Voicemail</LISTITEM>
      <LISTITEM Id="116" value="" DependentOn="0">Device not back after repair</LISTITEM>
      <LISTITEM Id="121" value="" DependentOn="0">Jiffy bag not received-returns</LISTITEM>
      <LISTITEM Id="139" value="" DependentOn="0">Games &amp; Puzzle</LISTITEM>
      <LISTITEM Id="153" value="" DependentOn="0">Services &amp; Add on</LISTITEM>
      <LISTITEM Id="154" value="" DependentOn="1">Blank Call/Dropped Call</LISTITEM>
      <LISTITEM Id="155" value="" DependentOn="2">Billing/Customer Services</LISTITEM>
      <LISTITEM Id="193" value="" DependentOn="6">2G Browsing/2G Restricted</LISTITEM>
      <LISTITEM Id="194" value="" DependentOn="6">Cannot Access All External Websites</LISTITEM>
      <LISTITEM Id="195" value="" DependentOn="6">Cannot Access Specific External Websites</LISTITEM>
      <LISTITEM Id="196" value="" DependentOn="6">Downloads External Websites</LISTITEM>
      <LISTITEM Id="197" value="" DependentOn="6">Downloads Planet 3</LISTITEM>
      <LISTITEM Id="198" value="" DependentOn="6">Planet 3 Access Abroad</LISTITEM>
      <LISTITEM Id="199" value="" DependentOn="6">Unable To Access Planet 3</LISTITEM>
      <LISTITEM Id="200" value="" DependentOn="6">Unable To Access Parts In Planet 3</LISTITEM>
      <LISTITEM Id="280" value="" DependentOn="6">YouTube Videos/Streaming Issues</LISTITEM>
      <LISTITEM Id="287" value="" DependentOn="3">Damaged Accessory</LISTITEM>
      <LISTITEM Id="288" value="" DependentOn="3">Faulty Accessory - Brown Goods</LISTITEM>
      <LISTITEM Id="289" value="" DependentOn="3">Issue with Battery</LISTITEM>
      <LISTITEM Id="290" value="" DependentOn="3">Issue with Charger</LISTITEM>
      <LISTITEM Id="291" value="" DependentOn="3">Issue with Handsfree</LISTITEM>
      <LISTITEM Id="292" value="" DependentOn="3">Issue with USB Cable</LISTITEM>
      <LISTITEM Id="293" value="" DependentOn="4">Bluetooth Issues</LISTITEM>
      <LISTITEM Id="294" value="" DependentOn="4">Camera Not Working</LISTITEM>
      <LISTITEM Id="295" value="" DependentOn="4">Damaged Handset</LISTITEM>
      <LISTITEM Id="296" value="" DependentOn="4">Display Fault</LISTITEM>
      <LISTITEM Id="297" value="" DependentOn="4">Faulty Keypad</LISTITEM>
      <LISTITEM Id="298" value="" DependentOn="4">Feature Does Not Work As Expected</LISTITEM>
      <LISTITEM Id="299" value="" DependentOn="4">Handset Freezes</LISTITEM>
      <LISTITEM Id="300" value="" DependentOn="4">Handset Heats Up</LISTITEM>
      <LISTITEM Id="301" value="" DependentOn="4">Handset Resets Itself</LISTITEM>
      <LISTITEM Id="302" value="" DependentOn="4">Issue With Charging</LISTITEM>
      <LISTITEM Id="303" value="" DependentOn="4">Issue with GPS</LISTITEM>
      <LISTITEM Id="304" value="" DependentOn="4">Issue with Loudspeaker</LISTITEM>
      <LISTITEM Id="305" value="" DependentOn="4">Issue with PC Connectivity</LISTITEM>
      <LISTITEM Id="306" value="" DependentOn="4">Issue with Wi-Fi</LISTITEM>
      <LISTITEM Id="307" value="" DependentOn="4">No Backlight</LISTITEM>
      <LISTITEM Id="308" value="" DependentOn="4">No Incoming Speech</LISTITEM>
      <LISTITEM Id="309" value="" DependentOn="4">No Outgoing Speech</LISTITEM>
      <LISTITEM Id="310" value="" DependentOn="4">Not Switching ON</LISTITEM>
      <LISTITEM Id="311" value="" DependentOn="4">Not Picking Network</LISTITEM>
      <LISTITEM Id="312" value="" DependentOn="4">Poor Ringing Volume</LISTITEM>
      <LISTITEM Id="313" value="" DependentOn="4">Short Battery Life</LISTITEM>
      <LISTITEM Id="314" value="" DependentOn="4">Switches Off Randomly</LISTITEM>
      <LISTITEM Id="315" value="" DependentOn="4">Touch Screen Fault</LISTITEM>
      <LISTITEM Id="316" value="" DependentOn="5">Fax Mail</LISTITEM>
      <LISTITEM Id="317" value="" DependentOn="5">MMS</LISTITEM>
      <LISTITEM Id="318" value="" DependentOn="5">Network Alarm</LISTITEM>
      <LISTITEM Id="319" value="" DependentOn="5">No Network Coverage</LISTITEM>
      <LISTITEM Id="320" value="" DependentOn="5">SMS</LISTITEM>
      <LISTITEM Id="321" value="" DependentOn="5">Site PR affecting Services</LISTITEM>
      <LISTITEM Id="322" value="" DependentOn="5">USIM</LISTITEM>
      <LISTITEM Id="323" value="" DependentOn="5">Video Call</LISTITEM>
      <LISTITEM Id="324" value="" DependentOn="5">Video Mail</LISTITEM>
      <LISTITEM Id="325" value="" DependentOn="5">Voice Call</LISTITEM>
      <LISTITEM Id="326" value="" DependentOn="5">Voice Mail</LISTITEM>
      <LISTITEM Id="327" value="" DependentOn="7">Activation/Restore Errors</LISTITEM>
      <LISTITEM Id="328" value="" DependentOn="7">Facetime</LISTITEM>
      <LISTITEM Id="329" value="" DependentOn="7">Icons Zoomed In</LISTITEM>
      <LISTITEM Id="330" value="" DependentOn="7">Proximity Sensor</LISTITEM>
      <LISTITEM Id="331" value="" DependentOn="7">Stuck in Recovery Mode</LISTITEM>
      <LISTITEM Id="332" value="" DependentOn="7">Voice Over</LISTITEM>
      <LISTITEM Id="333" value="" DependentOn="7">Wi-Fi</LISTITEM>
      <LISTITEM Id="334" value="" DependentOn="8">Calling Before ETA</LISTITEM>
      <LISTITEM Id="335" value="" DependentOn="8">Calling Card Left</LISTITEM>
      <LISTITEM Id="336" value="" DependentOn="8">Customer Disputes Delivery</LISTITEM>
      <LISTITEM Id="337" value="" DependentOn="8">Delivery Attempted At Incorrect Address</LISTITEM>
      <LISTITEM Id="338" value="" DependentOn="8">Delivery Refused</LISTITEM>
      <LISTITEM Id="339" value="" DependentOn="8">Incorrect Date For Backorder</LISTITEM>
      <LISTITEM Id="340" value="" DependentOn="8">Insufficient Time Available</LISTITEM>
      <LISTITEM Id="341" value="" DependentOn="8">iPhone 4 Delivery Query</LISTITEM>
      <LISTITEM Id="342" value="" DependentOn="8">Left With Neighbour</LISTITEM>
      <LISTITEM Id="343" value="" DependentOn="8">Order Not Raised</LISTITEM>
      <LISTITEM Id="344" value="" DependentOn="8">Order Raised For Incorrect Address</LISTITEM>
      <LISTITEM Id="345" value="" DependentOn="8">Order Stuck/Cancelled</LISTITEM>
      <LISTITEM Id="346" value="" DependentOn="8">Unable To Locate Address</LISTITEM>
      <LISTITEM Id="347" value="" DependentOn="9">Insert USIM</LISTITEM>
      <LISTITEM Id="348" value="" DependentOn="9">iTunes Registration</LISTITEM>
      <LISTITEM Id="352" value="" DependentOn="10">Box Was Tampered With</LISTITEM>
      <LISTITEM Id="353" value="" DependentOn="10">Damaged In Transit - Repair</LISTITEM>
      <LISTITEM Id="354" value="" DependentOn="10">Damaged In Transit - Sale/Upgrades</LISTITEM>
      <LISTITEM Id="355" value="" DependentOn="10">Handset Not Collected for Repair</LISTITEM>
      <LISTITEM Id="356" value="" DependentOn="10">Incorrect Device Returned - Repair</LISTITEM>
      <LISTITEM Id="357" value="" DependentOn="10">Issue Not Resolved Post Repair</LISTITEM>
      <LISTITEM Id="358" value="" DependentOn="10">Jiffy Bag Not Received - Repair</LISTITEM>
      <LISTITEM Id="359" value="" DependentOn="10">Micro SIM Not Received</LISTITEM>
      <LISTITEM Id="360" value="" DependentOn="10">Missing Accessories - Repair</LISTITEM>
      <LISTITEM Id="361" value="" DependentOn="10">Missing Accessories - Sale/Upgrades</LISTITEM>
      <LISTITEM Id="362" value="" DependentOn="10">Missing Accessories - In The Box</LISTITEM>
      <LISTITEM Id="363" value="" DependentOn="10">Quotation/BER Letter Query</LISTITEM>
      <LISTITEM Id="364" value="" DependentOn="11">Any Usage On My SIM/Device</LISTITEM>
      <LISTITEM Id="365" value="" DependentOn="11">Found My SIM/Device</LISTITEM>
      <LISTITEM Id="366" value="" DependentOn="11">Request New SIM/Device</LISTITEM>
      <LISTITEM Id="367" value="" DependentOn="11">Replacement USIM via Service Order</LISTITEM>
      <LISTITEM Id="368" value="" DependentOn="11">Replacement USIM via Store</LISTITEM>
      <LISTITEM Id="369" value="" DependentOn="11">SIM/Device Lost/Stolen</LISTITEM>
      <LISTITEM Id="370" value="" DependentOn="12">Can I Use My Phone In....</LISTITEM>
      <LISTITEM Id="371" value="" DependentOn="12">Comms Received for Planned Network Outage</LISTITEM>
      <LISTITEM Id="372" value="" DependentOn="12">Handset As A Modem</LISTITEM>
      <LISTITEM Id="373" value="" DependentOn="12">No Network Coverage</LISTITEM>
      <LISTITEM Id="374" value="" DependentOn="12">No Network Access Abroad</LISTITEM>
      <LISTITEM Id="375" value="" DependentOn="12">Planned Service Outage</LISTITEM>
      <LISTITEM Id="376" value="" DependentOn="12">PR Not Found</LISTITEM>
      <LISTITEM Id="377" value="" DependentOn="12">Site PR Affecting Services</LISTITEM>
      <LISTITEM Id="378" value="" DependentOn="9">Ringtones</LISTITEM>
      <LISTITEM Id="379" value="" DependentOn="9">Sync with iTunes</LISTITEM>
      <LISTITEM Id="380" value="" DependentOn="9">Tethering - As A Modem</LISTITEM>
      <LISTITEM Id="381" value="" DependentOn="9">Transfer Contacts</LISTITEM>
      <LISTITEM Id="382" value="" DependentOn="9">Visual Voicemail</LISTITEM>
      <LISTITEM Id="383" value="" DependentOn="13">Apple Store Applications</LISTITEM>
      <LISTITEM Id="384" value="" DependentOn="13">Facebook</LISTITEM>
      <LISTITEM Id="385" value="" DependentOn="13">Intl. Dial Shortcodes</LISTITEM>
      <LISTITEM Id="386" value="" DependentOn="13">iTunes</LISTITEM>
      <LISTITEM Id="387" value="" DependentOn="13">Handset E-Mail Client Query</LISTITEM>
      <LISTITEM Id="388" value="" DependentOn="13">Mobile Me - iPhone Application</LISTITEM>
      <LISTITEM Id="389" value="" DependentOn="13">Skype</LISTITEM>
      <LISTITEM Id="390" value="" DependentOn="13">Sling Mobile TV</LISTITEM>
      <LISTITEM Id="391" value="" DependentOn="13">Sky Sports</LISTITEM>
      <LISTITEM Id="392" value="" DependentOn="13">Spotify</LISTITEM>
      <LISTITEM Id="393" value="" DependentOn="13">Three App - iPhone</LISTITEM>
      <LISTITEM Id="394" value="" DependentOn="13">Twitter</LISTITEM>
      <LISTITEM Id="395" value="" DependentOn="13">Windows Live Messenger</LISTITEM>
      <LISTITEM Id="396" value="" DependentOn="13">Yahoo Messenger</LISTITEM>
      <LISTITEM Id="397" value="" DependentOn="13">YouTube</LISTITEM>
      <LISTITEM Id="398" value="" DependentOn="14">Adult PIN Request</LISTITEM>
      <LISTITEM Id="399" value="" DependentOn="14">Deactivate An Add-On</LISTITEM>
      <LISTITEM Id="400" value="" DependentOn="14">Deactivate Service</LISTITEM>
      <LISTITEM Id="401" value="" DependentOn="14">Use My Phone Abroad (IR SMS)</LISTITEM>
      <LISTITEM Id="402" value="" DependentOn="14">Want  An Add-On</LISTITEM>
      <LISTITEM Id="403" value="" DependentOn="14">Want  A Letter</LISTITEM>
      <LISTITEM Id="404" value="" DependentOn="14">Want  Browser Services</LISTITEM>
      <LISTITEM Id="405" value="" DependentOn="14">Transfer My Old Number To 3</LISTITEM>
      <LISTITEM Id="406" value="" DependentOn="15">Activate iPhone</LISTITEM>
      <LISTITEM Id="407" value="" DependentOn="15">Acitvate Micro SIM</LISTITEM>
      <LISTITEM Id="408" value="" DependentOn="15">Call Diverts</LISTITEM>
      <LISTITEM Id="409" value="" DependentOn="15">How Do I Unblock My Phone</LISTITEM>
      <LISTITEM Id="410" value="" DependentOn="15">How Do I Use My Handset To</LISTITEM>
      <LISTITEM Id="411" value="" DependentOn="15">I Need Network Unlock Code</LISTITEM>
      <LISTITEM Id="412" value="" DependentOn="15">Voicemail - Activate/Deactivate</LISTITEM>
      <LISTITEM Id="413" value="" DependentOn="16">Transferred</LISTITEM>
      <LISTITEM Id="414" value="" DependentOn="16">TSI Call</LISTITEM>
    </LISTITEMS>
  </ListBox>
  <ListBox>
    <Label>
      <Text>Call Type 3</Text>
    </Label>
    <ControlID>5</ControlID>
    <ControlType>Basic</ControlType>
    <FieldID>lb_2ListBox</FieldID>
    <Title>Call Type 3</Title>
    <DependentID>
    </DependentID>
    <X-Pos>595</X-Pos>
    <Y-Pos>150</Y-Pos>
    <Width>100</Width>
    <IsRequired>False</IsRequired>
    <IsManageable>True</IsManageable>
    <IsPostBack>False</IsPostBack>
    <Dependency>False</Dependency>
    <IsWrap>False</IsWrap>
    <PreWrap>
    </PreWrap>
    <PostWrap>
    </PostWrap>
    <PrevRef>
    </PrevRef>
    <DataSource>XML</DataSource>
    <LISTITEMS>
      <LISTITEM Id="1" value="" DependentOn="0">Advised Software Update</LISTITEM>
      <LISTITEM Id="2" value="" DependentOn="0">Blank Call</LISTITEM>
      <LISTITEM Id="3" value="" DependentOn="0">Booked For Repairs</LISTITEM>
      <LISTITEM Id="5" value="" DependentOn="0">Called Dropped (Outcalled RVM)</LISTITEM>
      <LISTITEM Id="6" value="" DependentOn="0">Case Raised (Gave SLA)</LISTITEM>
      <LISTITEM Id="7" value="" DependentOn="0">Customer Chooses To Callback</LISTITEM>
      <LISTITEM Id="8" value="" DependentOn="0">Escalated To Manager</LISTITEM>
      <LISTITEM Id="9" value="" DependentOn="0">Follow Up Arranged</LISTITEM>
      <LISTITEM Id="10" value="" DependentOn="0">PR Within SLA-Information Given</LISTITEM>
      <LISTITEM Id="11" value="" DependentOn="0">Resolved</LISTITEM>
      <LISTITEM Id="12" value="" DependentOn="0">SO Raised</LISTITEM>
      <LISTITEM Id="13" value="" DependentOn="0">Transferred to 1st Line</LISTITEM>
      <LISTITEM Id="14" value="" DependentOn="0">Transferred to 2nd Line</LISTITEM>
      <LISTITEM Id="15" value="" DependentOn="0">Transferred to Apple</LISTITEM>
      <LISTITEM Id="16" value="" DependentOn="0">Transferred to Billing</LISTITEM>
      <LISTITEM Id="17" value="" DependentOn="0">Transferred to BITS</LISTITEM>
      <LISTITEM Id="18" value="" DependentOn="0">Transferred to Dept (other)</LISTITEM>
      <LISTITEM Id="19" value="" DependentOn="0">Transferred to HEART</LISTITEM>
      <LISTITEM Id="20" value="" DependentOn="0">Transferred to LSG</LISTITEM>
      <LISTITEM Id="21" value="" DependentOn="0">Transferred to TSAR</LISTITEM>
      <LISTITEM Id="22" value="" DependentOn="0">Transferred to TSI</LISTITEM>
      <LISTITEM Id="23" value="" DependentOn="0">T/S Steps Given</LISTITEM>
      <LISTITEM Id="24" value="" DependentOn="0">Unresolved</LISTITEM>
    </LISTITEMS>
  </ListBox>
  <TextBox>
    <Label>
      <Text>Description </Text>
    </Label>
    <ControlID>1</ControlID>
    <ControlType>Basic</ControlType>
    <FieldID>txt_4TextBox</FieldID>
    <Title>Description </Title>
    <X-Pos>328</X-Pos>
    <Y-Pos>422</Y-Pos>
    <Width>200</Width>
    <IsRequired>True</IsRequired>
    <IsPostBack>False</IsPostBack>
    <IsWrap>False</IsWrap>
    <PreWrap>
    </PreWrap>
    <PostWrap>
    </PostWrap>
    <TextMode>Multiline</TextMode>
    <IsType>AlphaNumeric</IsType>
    <MaxLength>999</MaxLength>
    <Dependency>
    </Dependency>
    <PrevRef>
    </PrevRef>
    <DependentID>
    </DependentID>
  </TextBox>
  <DropDownList>
    <Label>
      <Text>Discussion Topic</Text>
    </Label>
    <ControlID>2</ControlID>
    <ControlType>Basic</ControlType>
    <FieldID>ddl_2DropDown</FieldID>
    <Title>Discussion Topic</Title>
    <DependentID>
    </DependentID>
    <X-Pos>35</X-Pos>
    <Y-Pos>416</Y-Pos>
    <Width>200</Width>
    <IsRequired>False</IsRequired>
    <IsManageable>True</IsManageable>
    <IsPostBack>False</IsPostBack>
    <Dependency>False</Dependency>
    <IsWrap>False</IsWrap>
    <PreWrap>
    </PreWrap>
    <PostWrap>
    </PostWrap>
    <PrevRef>
    </PrevRef>
    <DataSource>XML</DataSource>
    <LISTITEMS>
      <LISTITEM Id="1" value="" DependentOn="0">Debrief Point</LISTITEM>
      <LISTITEM Id="2" value="" DependentOn="0">Nothing - N/A</LISTITEM>
      <LISTITEM Id="3" value="" DependentOn="0">Unresolved Reason</LISTITEM>
      <LISTITEM Id="4" value="" DependentOn="0">Voice of Customer</LISTITEM>
    </LISTITEMS>
  </DropDownList>
  <DropDownList>
    <Label>
      <Text>Apple OS</Text>
    </Label>
    <ControlID>2</ControlID>
    <ControlType>Basic</ControlType>
    <FieldID>ddl_3DropDown</FieldID>
    <Title>Apple OS</Title>
    <DependentID>
    </DependentID>
    <X-Pos>690</X-Pos>
    <Y-Pos>68</Y-Pos>
    <Width>200</Width>
    <IsRequired>True</IsRequired>
    <IsManageable>True</IsManageable>
    <IsPostBack>False</IsPostBack>
    <Dependency>False</Dependency>
    <IsWrap>False</IsWrap>
    <PreWrap>
    </PreWrap>
    <PostWrap>
    </PostWrap>
    <PrevRef>
    </PrevRef>
    <DataSource>XML</DataSource>
    <LISTITEMS>
      <LISTITEM Id="1" value="" DependentOn="0">3.1.3</LISTITEM>
      <LISTITEM Id="2" value="" DependentOn="0">4.0</LISTITEM>
      <LISTITEM Id="3" value="" DependentOn="0">4.0.1</LISTITEM>
      <LISTITEM Id="4" value="" DependentOn="0">4.0.2</LISTITEM>
      <LISTITEM Id="5" value="" DependentOn="0">4.1</LISTITEM>
      <LISTITEM Id="6" value="" DependentOn="0">4.2.1</LISTITEM>
      <LISTITEM Id="7" value="" DependentOn="0">Other Handset</LISTITEM>
    </LISTITEMS>
  </DropDownList>
  <RadioButtonList>
    <Label>
      <Text>Correct Transfer</Text>
    </Label>
    <ControlID>3</ControlID>
    <ControlType>Basic</ControlType>
    <FieldID>rbl_0RadioButton</FieldID>
    <Title>Correct Transfer</Title>
    <X-Pos>304</X-Pos>
    <Y-Pos>11</Y-Pos>
    <Width>200</Width>
    <IsRequired>False</IsRequired>
    <IsPostBack>False</IsPostBack>
    <IsManageable>True</IsManageable>
    <RepeatColumns>1</RepeatColumns>
    <RepeatDirection>Horizontal</RepeatDirection>
    <IsWrap>False</IsWrap>
    <PreWrap>
    </PreWrap>
    <PostWrap>
    </PostWrap>
    <Dependency>
    </Dependency>
    <PrevRef>
    </PrevRef>
    <DependentID>
    </DependentID>
    <DataSource>XML</DataSource>
    <LISTITEMS>
      <LISTITEM Id="0" value="" DependentOn="0">Yes</LISTITEM>
      <LISTITEM Id="1" value="" DependentOn="0">No</LISTITEM>
    </LISTITEMS>
  </RadioButtonList>
  <RadioButtonList>
    <Label>
      <Text>Outcall Required</Text>
    </Label>
    <ControlID>3</ControlID>
    <ControlType>Basic</ControlType>
    <FieldID>rbl_1RadioButton</FieldID>
    <Title>Outcall Required</Title>
    <X-Pos>594</X-Pos>
    <Y-Pos>431</Y-Pos>
    <Width>200</Width>
    <IsRequired>False</IsRequired>
    <IsPostBack>False</IsPostBack>
    <IsManageable>True</IsManageable>
    <RepeatColumns>1</RepeatColumns>
    <RepeatDirection>Horizontal</RepeatDirection>
    <IsWrap>False</IsWrap>
    <PreWrap>
    </PreWrap>
    <PostWrap>
    </PostWrap>
    <Dependency>
    </Dependency>
    <PrevRef>
    </PrevRef>
    <DependentID>
    </DependentID>
    <DataSource>XML</DataSource>
    <LISTITEMS>
      <LISTITEM Id="0" value="" DependentOn="0">Yes</LISTITEM>
      <LISTITEM Id="1" value="" DependentOn="0">No</LISTITEM>
    </LISTITEMS>
  </RadioButtonList>
  <TextBox>
    <Label>
      <Text>Case Number</Text>
    </Label>
    <ControlID>1</ControlID>
    <ControlType>Basic</ControlType>
    <FieldID>txt_6TextBox</FieldID>
    <Title>Case Number</Title>
    <X-Pos>812</X-Pos>
    <Y-Pos>235</Y-Pos>
    <Width>200</Width>
    <IsRequired>False</IsRequired>
    <IsPostBack>False</IsPostBack>
    <IsWrap>False</IsWrap>
    <PreWrap>
    </PreWrap>
    <PostWrap>
    </PostWrap>
    <TextMode>Singleline</TextMode>
    <IsType>Numeric</IsType>
    <MaxLength>20</MaxLength>
    <Dependency>
    </Dependency>
    <PrevRef>
    </PrevRef>
    <DependentID>
    </DependentID>
  </TextBox>
  <RadioButtonList>
    <Label>
      <Text>LAC Switch OFF Case</Text>
    </Label>
    <ControlID>3</ControlID>
    <ControlType>Basic</ControlType>
    <FieldID>rbl_2RadioButton</FieldID>
    <Title>LAC Switch OFF Case</Title>
    <X-Pos>811</X-Pos>
    <Y-Pos>193</Y-Pos>
    <Width>200</Width>
    <IsRequired>True</IsRequired>
    <IsPostBack>False</IsPostBack>
    <IsManageable>True</IsManageable>
    <RepeatColumns>1</RepeatColumns>
    <RepeatDirection>Horizontal</RepeatDirection>
    <IsWrap>False</IsWrap>
    <PreWrap>
    </PreWrap>
    <PostWrap>
    </PostWrap>
    <Dependency>
    </Dependency>
    <PrevRef>
    </PrevRef>
    <DependentID>
    </DependentID>
    <DataSource>XML</DataSource>
    <LISTITEMS>
      <LISTITEM Id="0" value="" DependentOn="0">Yes</LISTITEM>
      <LISTITEM Id="1" value="" DependentOn="0">No</LISTITEM>
    </LISTITEMS>
  </RadioButtonList>
  <RadioButtonList>
    <Label>
      <Text>Repeat Call</Text>
    </Label>
    <ControlID>3</ControlID>
    <ControlType>Basic</ControlType>
    <FieldID>rbl_4RadioButton</FieldID>
    <Title>Repeat Call</Title>
    <X-Pos>14</X-Pos>
    <Y-Pos>11</Y-Pos>
    <Width>200</Width>
    <IsRequired>False</IsRequired>
    <IsPostBack>False</IsPostBack>
    <IsManageable>True</IsManageable>
    <RepeatColumns>1</RepeatColumns>
    <RepeatDirection>Horizontal</RepeatDirection>
    <IsWrap>False</IsWrap>
    <PreWrap>
    </PreWrap>
    <PostWrap>
    </PostWrap>
    <Dependency>
    </Dependency>
    <PrevRef>
    </PrevRef>
    <DependentID>
    </DependentID>
    <DataSource>XML</DataSource>
    <LISTITEMS>
      <LISTITEM Id="0" value="" DependentOn="0">Yes</LISTITEM>
      <LISTITEM Id="1" value="" DependentOn="0">No</LISTITEM>
    </LISTITEMS>
  </RadioButtonList>
  <DataScript>
    <IsUpdated>False</IsUpdated>
    <Array>var Arrayddl_0DropDown = new Array( 2 );
if (Arrayddl_0DropDown[0] ==null) Arrayddl_0DropDown[0] = new Array();
Arrayddl_0DropDown[0][1]= new Array('Incoming Call');
if (Arrayddl_0DropDown[0] ==null) Arrayddl_0DropDown[0] = new Array();
Arrayddl_0DropDown[0][2]= new Array('Internal Transfer');
var Arrayddl_1DropDown = new Array( 7 );
if (Arrayddl_1DropDown[0] ==null) Arrayddl_1DropDown[0] = new Array();
Arrayddl_1DropDown[0][1]= new Array('IPhone 3G 8GB');
if (Arrayddl_1DropDown[0] ==null) Arrayddl_1DropDown[0] = new Array();
Arrayddl_1DropDown[0][2]= new Array('IPhone 3GS  8GB');
if (Arrayddl_1DropDown[0] ==null) Arrayddl_1DropDown[0] = new Array();
Arrayddl_1DropDown[0][3]= new Array('IPhone 3GS 16GB');
if (Arrayddl_1DropDown[0] ==null) Arrayddl_1DropDown[0] = new Array();
Arrayddl_1DropDown[0][4]= new Array('IPhone 3GS 32GB');
if (Arrayddl_1DropDown[0] ==null) Arrayddl_1DropDown[0] = new Array();
Arrayddl_1DropDown[0][5]= new Array('IPhone 4');
if (Arrayddl_1DropDown[0] ==null) Arrayddl_1DropDown[0] = new Array();
Arrayddl_1DropDown[0][6]= new Array('Other Handset');
if (Arrayddl_1DropDown[0] ==null) Arrayddl_1DropDown[0] = new Array();
Arrayddl_1DropDown[0][7]= new Array('Non 3 -Apple IPhone');
var Arrayddl_2DropDown = new Array( 3 );
if (Arrayddl_2DropDown[0] ==null) Arrayddl_2DropDown[0] = new Array();
Arrayddl_2DropDown[0][1]= new Array('Unresolved Reason');
if (Arrayddl_2DropDown[0] ==null) Arrayddl_2DropDown[0] = new Array();
Arrayddl_2DropDown[0][2]= new Array('Debrief point');
if (Arrayddl_2DropDown[0] ==null) Arrayddl_2DropDown[0] = new Array();
Arrayddl_2DropDown[0][3]= new Array('Nothing -NA');
var Arrayddl_3DropDown = new Array( 3 );
if (Arrayddl_3DropDown[0] ==null) Arrayddl_3DropDown[0] = new Array();
Arrayddl_3DropDown[0][1]= new Array('OS 3');
if (Arrayddl_3DropDown[0] ==null) Arrayddl_3DropDown[0] = new Array();
Arrayddl_3DropDown[0][2]= new Array('OS 4');
if (Arrayddl_3DropDown[0] ==null) Arrayddl_3DropDown[0] = new Array();
Arrayddl_3DropDown[0][3]= new Array('Other Handset');
var Arraylb_0ListBox = new Array( 13 );
if (Arraylb_0ListBox[0] ==null) Arraylb_0ListBox[0] = new Array();
Arraylb_0ListBox[0][3]= new Array('Fault - Accessory');
if (Arraylb_0ListBox[0] ==null) Arraylb_0ListBox[0] = new Array();
Arraylb_0ListBox[0][4]= new Array('Fault - Handset');
if (Arraylb_0ListBox[0] ==null) Arraylb_0ListBox[0] = new Array();
Arraylb_0ListBox[0][5]= new Array('Fault');
if (Arraylb_0ListBox[0] ==null) Arraylb_0ListBox[0] = new Array();
Arraylb_0ListBox[0][6]= new Array('Fault Browser/ Planet 3');
if (Arraylb_0ListBox[0] ==null) Arraylb_0ListBox[0] = new Array();
Arraylb_0ListBox[0][7]= new Array('Network Coverage');
if (Arraylb_0ListBox[0] ==null) Arraylb_0ListBox[0] = new Array();
Arraylb_0ListBox[0][8]= new Array('Handset Not Delivered');
if (Arraylb_0ListBox[0] ==null) Arraylb_0ListBox[0] = new Array();
Arraylb_0ListBox[0][9]= new Array('Logistics/Repairs');
if (Arraylb_0ListBox[0] ==null) Arraylb_0ListBox[0] = new Array();
Arraylb_0ListBox[0][10]= new Array('Lost /Found my sim/ device');
if (Arraylb_0ListBox[0] ==null) Arraylb_0ListBox[0] = new Array();
Arraylb_0ListBox[0][11]= new Array('Products &amp; Services');
if (Arraylb_0ListBox[0] ==null) Arraylb_0ListBox[0] = new Array();
Arraylb_0ListBox[0][12]= new Array('Services &amp; Add on');
if (Arraylb_0ListBox[0] ==null) Arraylb_0ListBox[0] = new Array();
Arraylb_0ListBox[0][13]= new Array('Tech Supp');
if (Arraylb_0ListBox[0] ==null) Arraylb_0ListBox[0] = new Array();
Arraylb_0ListBox[0][14]= new Array('Billing/Cust Services (Iphone)');
if (Arraylb_0ListBox[0] ==null) Arraylb_0ListBox[0] = new Array();
Arraylb_0ListBox[0][15]= new Array('Non apple Query');
var Arraylb_1ListBox = new Array( 143 );
if (Arraylb_1ListBox[1] ==null) Arraylb_1ListBox[1] = new Array();
Arraylb_1ListBox[1][3]= new Array('IPhone Enquiry-Applications');
if (Arraylb_1ListBox[0] ==null) Arraylb_1ListBox[0] = new Array();
Arraylb_1ListBox[0][6]= new Array('iPhone Enquiry-Bluetooth');
if (Arraylb_1ListBox[0] ==null) Arraylb_1ListBox[0] = new Array();
Arraylb_1ListBox[0][39]= new Array('IPhone Enquiry Voicemail');
if (Arraylb_1ListBox[4] ==null) Arraylb_1ListBox[4] = new Array();
Arraylb_1ListBox[4][40]= new Array('Display Fault');
if (Arraylb_1ListBox[4] ==null) Arraylb_1ListBox[4] = new Array();
Arraylb_1ListBox[4][41]= new Array('Handset Freezes');
if (Arraylb_1ListBox[4] ==null) Arraylb_1ListBox[4] = new Array();
Arraylb_1ListBox[4][42]= new Array('Not Switching On');
if (Arraylb_1ListBox[4] ==null) Arraylb_1ListBox[4] = new Array();
Arraylb_1ListBox[4][43]= new Array('Issue with charging');
if (Arraylb_1ListBox[4] ==null) Arraylb_1ListBox[4] = new Array();
Arraylb_1ListBox[4][44]= new Array('Switches Off randomly');
if (Arraylb_1ListBox[4] ==null) Arraylb_1ListBox[4] = new Array();
Arraylb_1ListBox[4][45]= new Array('Faulty Keypad');
if (Arraylb_1ListBox[4] ==null) Arraylb_1ListBox[4] = new Array();
Arraylb_1ListBox[4][46]= new Array('Not Picking Network');
if (Arraylb_1ListBox[4] ==null) Arraylb_1ListBox[4] = new Array();
Arraylb_1ListBox[4][47]= new Array('No Incoming Speech');
if (Arraylb_1ListBox[4] ==null) Arraylb_1ListBox[4] = new Array();
Arraylb_1ListBox[4][48]= new Array('Feature does not work as expected');
if (Arraylb_1ListBox[4] ==null) Arraylb_1ListBox[4] = new Array();
Arraylb_1ListBox[4][49]= new Array('Camera Not Working');
if (Arraylb_1ListBox[4] ==null) Arraylb_1ListBox[4] = new Array();
Arraylb_1ListBox[4][50]= new Array('Short Battery Life');
if (Arraylb_1ListBox[4] ==null) Arraylb_1ListBox[4] = new Array();
Arraylb_1ListBox[4][51]= new Array('Bluetooth issues');
if (Arraylb_1ListBox[4] ==null) Arraylb_1ListBox[4] = new Array();
Arraylb_1ListBox[4][52]= new Array('Touch Screen fault');
if (Arraylb_1ListBox[4] ==null) Arraylb_1ListBox[4] = new Array();
Arraylb_1ListBox[4][53]= new Array('No Outgoing Speech');
if (Arraylb_1ListBox[4] ==null) Arraylb_1ListBox[4] = new Array();
Arraylb_1ListBox[4][54]= new Array('Poor ringer volume');
if (Arraylb_1ListBox[4] ==null) Arraylb_1ListBox[4] = new Array();
Arraylb_1ListBox[4][55]= new Array('Issue with loudspeaker');
if (Arraylb_1ListBox[4] ==null) Arraylb_1ListBox[4] = new Array();
Arraylb_1ListBox[4][56]= new Array('Handset heats up');
if (Arraylb_1ListBox[4] ==null) Arraylb_1ListBox[4] = new Array();
Arraylb_1ListBox[4][57]= new Array('Handset Resets itself');
if (Arraylb_1ListBox[4] ==null) Arraylb_1ListBox[4] = new Array();
Arraylb_1ListBox[4][58]= new Array('No Backlight');
if (Arraylb_1ListBox[4] ==null) Arraylb_1ListBox[4] = new Array();
Arraylb_1ListBox[4][59]= new Array('Issue with Wi fi');
if (Arraylb_1ListBox[4] ==null) Arraylb_1ListBox[4] = new Array();
Arraylb_1ListBox[4][60]= new Array('Issue with GPS');
if (Arraylb_1ListBox[4] ==null) Arraylb_1ListBox[4] = new Array();
Arraylb_1ListBox[4][61]= new Array('Issue with PC connectivity');
if (Arraylb_1ListBox[4] ==null) Arraylb_1ListBox[4] = new Array();
Arraylb_1ListBox[4][62]= new Array('Damaged handset');
if (Arraylb_1ListBox[3] ==null) Arraylb_1ListBox[3] = new Array();
Arraylb_1ListBox[3][63]= new Array('Issue with memory card');
if (Arraylb_1ListBox[3] ==null) Arraylb_1ListBox[3] = new Array();
Arraylb_1ListBox[3][64]= new Array('Issue with USB cable');
if (Arraylb_1ListBox[3] ==null) Arraylb_1ListBox[3] = new Array();
Arraylb_1ListBox[3][65]= new Array('Issue with handsfree');
if (Arraylb_1ListBox[3] ==null) Arraylb_1ListBox[3] = new Array();
Arraylb_1ListBox[3][66]= new Array('Issue with battery');
if (Arraylb_1ListBox[3] ==null) Arraylb_1ListBox[3] = new Array();
Arraylb_1ListBox[3][67]= new Array('Issue with charger');
if (Arraylb_1ListBox[3] ==null) Arraylb_1ListBox[3] = new Array();
Arraylb_1ListBox[3][68]= new Array('Faulty accessory - brown goods');
if (Arraylb_1ListBox[3] ==null) Arraylb_1ListBox[3] = new Array();
Arraylb_1ListBox[3][69]= new Array('Damaged accessory');
if (Arraylb_1ListBox[5] ==null) Arraylb_1ListBox[5] = new Array();
Arraylb_1ListBox[5][70]= new Array('MMS');
if (Arraylb_1ListBox[5] ==null) Arraylb_1ListBox[5] = new Array();
Arraylb_1ListBox[5][71]= new Array('SMS');
if (Arraylb_1ListBox[5] ==null) Arraylb_1ListBox[5] = new Array();
Arraylb_1ListBox[5][72]= new Array('Video Call');
if (Arraylb_1ListBox[5] ==null) Arraylb_1ListBox[5] = new Array();
Arraylb_1ListBox[5][73]= new Array('Videomail');
if (Arraylb_1ListBox[5] ==null) Arraylb_1ListBox[5] = new Array();
Arraylb_1ListBox[5][74]= new Array('Voice call');
if (Arraylb_1ListBox[0] ==null) Arraylb_1ListBox[0] = new Array();
Arraylb_1ListBox[0][75]= new Array('Voicemail');
if (Arraylb_1ListBox[5] ==null) Arraylb_1ListBox[5] = new Array();
Arraylb_1ListBox[5][76]= new Array('USIM');
if (Arraylb_1ListBox[5] ==null) Arraylb_1ListBox[5] = new Array();
Arraylb_1ListBox[5][77]= new Array('Faxmail');
if (Arraylb_1ListBox[6] ==null) Arraylb_1ListBox[6] = new Array();
Arraylb_1ListBox[6][78]= new Array('2G browsing/ 2G restricted');
if (Arraylb_1ListBox[6] ==null) Arraylb_1ListBox[6] = new Array();
Arraylb_1ListBox[6][79]= new Array('External Websites');
if (Arraylb_1ListBox[6] ==null) Arraylb_1ListBox[6] = new Array();
Arraylb_1ListBox[6][80]= new Array('Planet 3 access abroad');
if (Arraylb_1ListBox[6] ==null) Arraylb_1ListBox[6] = new Array();
Arraylb_1ListBox[6][81]= new Array('Cannot access specific external  websites');
if (Arraylb_1ListBox[6] ==null) Arraylb_1ListBox[6] = new Array();
Arraylb_1ListBox[6][82]= new Array('Problem downloading content from Planet 3');
if (Arraylb_1ListBox[6] ==null) Arraylb_1ListBox[6] = new Array();
Arraylb_1ListBox[6][83]= new Array('Downloads External website');
if (Arraylb_1ListBox[6] ==null) Arraylb_1ListBox[6] = new Array();
Arraylb_1ListBox[6][84]= new Array('unable to access Planet 3');
if (Arraylb_1ListBox[6] ==null) Arraylb_1ListBox[6] = new Array();
Arraylb_1ListBox[6][85]= new Array('unable to access parts within Planet 3');
if (Arraylb_1ListBox[6] ==null) Arraylb_1ListBox[6] = new Array();
Arraylb_1ListBox[6][86]= new Array('Cannot access all external websites');
if (Arraylb_1ListBox[6] ==null) Arraylb_1ListBox[6] = new Array();
Arraylb_1ListBox[6][87]= new Array('Problem with downloaded content from Planet 3');
if (Arraylb_1ListBox[6] ==null) Arraylb_1ListBox[6] = new Array();
Arraylb_1ListBox[6][88]= new Array('Problem downloading content from external websites');
if (Arraylb_1ListBox[6] ==null) Arraylb_1ListBox[6] = new Array();
Arraylb_1ListBox[6][89]= new Array('Problem with downloaded content from external webs');
if (Arraylb_1ListBox[6] ==null) Arraylb_1ListBox[6] = new Array();
Arraylb_1ListBox[6][90]= new Array('Cannot access Planet 3 while abroad');
if (Arraylb_1ListBox[7] ==null) Arraylb_1ListBox[7] = new Array();
Arraylb_1ListBox[7][91]= new Array('Can I use my phone in…');
if (Arraylb_1ListBox[7] ==null) Arraylb_1ListBox[7] = new Array();
Arraylb_1ListBox[7][92]= new Array('No network access abroad');
if (Arraylb_1ListBox[7] ==null) Arraylb_1ListBox[7] = new Array();
Arraylb_1ListBox[7][93]= new Array('Handset as a modem- Traffic Management');
if (Arraylb_1ListBox[7] ==null) Arraylb_1ListBox[7] = new Array();
Arraylb_1ListBox[7][94]= new Array('Planned Service outage');
if (Arraylb_1ListBox[7] ==null) Arraylb_1ListBox[7] = new Array();
Arraylb_1ListBox[7][95]= new Array('Comms received for planned network outage');
if (Arraylb_1ListBox[7] ==null) Arraylb_1ListBox[7] = new Array();
Arraylb_1ListBox[7][96]= new Array('Dropped Call');
if (Arraylb_1ListBox[7] ==null) Arraylb_1ListBox[7] = new Array();
Arraylb_1ListBox[7][97]= new Array('Site PR affecting services');
if (Arraylb_1ListBox[7] ==null) Arraylb_1ListBox[7] = new Array();
Arraylb_1ListBox[7][98]= new Array('PR not Found');
if (Arraylb_1ListBox[7] ==null) Arraylb_1ListBox[7] = new Array();
Arraylb_1ListBox[7][99]= new Array('No network coverage');
if (Arraylb_1ListBox[8] ==null) Arraylb_1ListBox[8] = new Array();
Arraylb_1ListBox[8][100]= new Array('Calling before ETA');
if (Arraylb_1ListBox[8] ==null) Arraylb_1ListBox[8] = new Array();
Arraylb_1ListBox[8][101]= new Array('Order not raised');
if (Arraylb_1ListBox[8] ==null) Arraylb_1ListBox[8] = new Array();
Arraylb_1ListBox[8][102]= new Array('Incorrect date for backorder');
if (Arraylb_1ListBox[8] ==null) Arraylb_1ListBox[8] = new Array();
Arraylb_1ListBox[8][103]= new Array('Order raised for incorrect address');
if (Arraylb_1ListBox[8] ==null) Arraylb_1ListBox[8] = new Array();
Arraylb_1ListBox[8][104]= new Array('Delivery attempted at incorrect address');
if (Arraylb_1ListBox[8] ==null) Arraylb_1ListBox[8] = new Array();
Arraylb_1ListBox[8][105]= new Array('Calling card left');
if (Arraylb_1ListBox[8] ==null) Arraylb_1ListBox[8] = new Array();
Arraylb_1ListBox[8][106]= new Array('Delivery refused');
if (Arraylb_1ListBox[8] ==null) Arraylb_1ListBox[8] = new Array();
Arraylb_1ListBox[8][107]= new Array('Insufficient time available');
if (Arraylb_1ListBox[8] ==null) Arraylb_1ListBox[8] = new Array();
Arraylb_1ListBox[8][108]= new Array('iPhone 4 delivery query');
if (Arraylb_1ListBox[8] ==null) Arraylb_1ListBox[8] = new Array();
Arraylb_1ListBox[8][109]= new Array('Unable to locate address');
if (Arraylb_1ListBox[8] ==null) Arraylb_1ListBox[8] = new Array();
Arraylb_1ListBox[8][110]= new Array('Order stuck/cancelled');
if (Arraylb_1ListBox[8] ==null) Arraylb_1ListBox[8] = new Array();
Arraylb_1ListBox[8][111]= new Array('Left with neighbour');
if (Arraylb_1ListBox[8] ==null) Arraylb_1ListBox[8] = new Array();
Arraylb_1ListBox[8][112]= new Array('Customer disputes delivery');
if (Arraylb_1ListBox[9] ==null) Arraylb_1ListBox[9] = new Array();
Arraylb_1ListBox[9][113]= new Array('Box was tampered with');
if (Arraylb_1ListBox[9] ==null) Arraylb_1ListBox[9] = new Array();
Arraylb_1ListBox[9][114]= new Array('Damaged in transit-repair');
if (Arraylb_1ListBox[9] ==null) Arraylb_1ListBox[9] = new Array();
Arraylb_1ListBox[9][115]= new Array('Damaged in transit-sales/upgrade');
if (Arraylb_1ListBox[0] ==null) Arraylb_1ListBox[0] = new Array();
Arraylb_1ListBox[0][116]= new Array('Device not back after repair');
if (Arraylb_1ListBox[9] ==null) Arraylb_1ListBox[9] = new Array();
Arraylb_1ListBox[9][117]= new Array('Handset not collected for repair');
if (Arraylb_1ListBox[9] ==null) Arraylb_1ListBox[9] = new Array();
Arraylb_1ListBox[9][118]= new Array('Incorrect device returned-repair');
if (Arraylb_1ListBox[9] ==null) Arraylb_1ListBox[9] = new Array();
Arraylb_1ListBox[9][119]= new Array('Issue not resolved post repair');
if (Arraylb_1ListBox[9] ==null) Arraylb_1ListBox[9] = new Array();
Arraylb_1ListBox[9][120]= new Array('Jiffy bag not received-repair');
if (Arraylb_1ListBox[0] ==null) Arraylb_1ListBox[0] = new Array();
Arraylb_1ListBox[0][121]= new Array('Jiffy bag not received-returns');
if (Arraylb_1ListBox[9] ==null) Arraylb_1ListBox[9] = new Array();
Arraylb_1ListBox[9][123]= new Array('Missing accessories-repair');
if (Arraylb_1ListBox[9] ==null) Arraylb_1ListBox[9] = new Array();
Arraylb_1ListBox[9][124]= new Array('Missing accessories-sales/upgrade');
if (Arraylb_1ListBox[9] ==null) Arraylb_1ListBox[9] = new Array();
Arraylb_1ListBox[9][125]= new Array('Missing from the box-handset');
if (Arraylb_1ListBox[9] ==null) Arraylb_1ListBox[9] = new Array();
Arraylb_1ListBox[9][126]= new Array('Quotation/BER letter query');
if (Arraylb_1ListBox[10] ==null) Arraylb_1ListBox[10] = new Array();
Arraylb_1ListBox[10][127]= new Array('Any usage on my sim/device');
if (Arraylb_1ListBox[10] ==null) Arraylb_1ListBox[10] = new Array();
Arraylb_1ListBox[10][128]= new Array('Request replacement USIM via service order');
if (Arraylb_1ListBox[10] ==null) Arraylb_1ListBox[10] = new Array();
Arraylb_1ListBox[10][129]= new Array('Replacement USIM via store');
if (Arraylb_1ListBox[10] ==null) Arraylb_1ListBox[10] = new Array();
Arraylb_1ListBox[10][130]= new Array('Request new sim/device');
if (Arraylb_1ListBox[10] ==null) Arraylb_1ListBox[10] = new Array();
Arraylb_1ListBox[10][131]= new Array('Found my  sim/device');
if (Arraylb_1ListBox[10] ==null) Arraylb_1ListBox[10] = new Array();
Arraylb_1ListBox[10][132]= new Array('My sim/device has been Lost/ stolen');
if (Arraylb_1ListBox[11] ==null) Arraylb_1ListBox[11] = new Array();
Arraylb_1ListBox[11][133]= new Array('Restricted');
if (Arraylb_1ListBox[11] ==null) Arraylb_1ListBox[11] = new Array();
Arraylb_1ListBox[11][134]= new Array('Sports');
if (Arraylb_1ListBox[11] ==null) Arraylb_1ListBox[11] = new Array();
Arraylb_1ListBox[11][135]= new Array('Music');
if (Arraylb_1ListBox[11] ==null) Arraylb_1ListBox[11] = new Array();
Arraylb_1ListBox[11][137]= new Array('Facebook');
if (Arraylb_1ListBox[11] ==null) Arraylb_1ListBox[11] = new Array();
Arraylb_1ListBox[11][138]= new Array('Favourites');
if (Arraylb_1ListBox[0] ==null) Arraylb_1ListBox[0] = new Array();
Arraylb_1ListBox[0][139]= new Array('Games &amp; Puzzle');
if (Arraylb_1ListBox[11] ==null) Arraylb_1ListBox[11] = new Array();
Arraylb_1ListBox[11][140]= new Array('Intl dial shortcodes');
if (Arraylb_1ListBox[11] ==null) Arraylb_1ListBox[11] = new Array();
Arraylb_1ListBox[11][141]= new Array('Windows Live Messenger');
if (Arraylb_1ListBox[11] ==null) Arraylb_1ListBox[11] = new Array();
Arraylb_1ListBox[11][142]= new Array('Orb');
if (Arraylb_1ListBox[11] ==null) Arraylb_1ListBox[11] = new Array();
Arraylb_1ListBox[11][143]= new Array('Skype');
if (Arraylb_1ListBox[11] ==null) Arraylb_1ListBox[11] = new Array();
Arraylb_1ListBox[11][144]= new Array('Sling Mobile TV');
if (Arraylb_1ListBox[11] ==null) Arraylb_1ListBox[11] = new Array();
Arraylb_1ListBox[11][145]= new Array('Personalise &amp; Download');
if (Arraylb_1ListBox[11] ==null) Arraylb_1ListBox[11] = new Array();
Arraylb_1ListBox[11][146]= new Array('Twitter');
if (Arraylb_1ListBox[11] ==null) Arraylb_1ListBox[11] = new Array();
Arraylb_1ListBox[11][147]= new Array('Yahoo Search');
if (Arraylb_1ListBox[11] ==null) Arraylb_1ListBox[11] = new Array();
Arraylb_1ListBox[11][148]= new Array('YouTube');
if (Arraylb_1ListBox[11] ==null) Arraylb_1ListBox[11] = new Array();
Arraylb_1ListBox[11][149]= new Array('Spotify');
if (Arraylb_1ListBox[11] ==null) Arraylb_1ListBox[11] = new Array();
Arraylb_1ListBox[11][150]= new Array('Blackberry');
if (Arraylb_1ListBox[11] ==null) Arraylb_1ListBox[11] = new Array();
Arraylb_1ListBox[11][151]= new Array('Yahoo Messenger');
if (Arraylb_1ListBox[11] ==null) Arraylb_1ListBox[11] = new Array();
Arraylb_1ListBox[11][152]= new Array('Entertainment');
if (Arraylb_1ListBox[0] ==null) Arraylb_1ListBox[0] = new Array();
Arraylb_1ListBox[0][153]= new Array('Services &amp; Add on');
if (Arraylb_1ListBox[12] ==null) Arraylb_1ListBox[12] = new Array();
Arraylb_1ListBox[12][154]= new Array('Want browser services');
if (Arraylb_1ListBox[12] ==null) Arraylb_1ListBox[12] = new Array();
Arraylb_1ListBox[12][155]= new Array('Want a letter');
if (Arraylb_1ListBox[12] ==null) Arraylb_1ListBox[12] = new Array();
Arraylb_1ListBox[12][156]= new Array('Use my phone abroad (IR SMS)');
if (Arraylb_1ListBox[12] ==null) Arraylb_1ListBox[12] = new Array();
Arraylb_1ListBox[12][157]= new Array('Want an Add on');
if (Arraylb_1ListBox[12] ==null) Arraylb_1ListBox[12] = new Array();
Arraylb_1ListBox[12][158]= new Array('Deactivate an Add on');
if (Arraylb_1ListBox[12] ==null) Arraylb_1ListBox[12] = new Array();
Arraylb_1ListBox[12][159]= new Array('Adult PIN request');
if (Arraylb_1ListBox[12] ==null) Arraylb_1ListBox[12] = new Array();
Arraylb_1ListBox[12][160]= new Array('Transfer my old number to 3');
if (Arraylb_1ListBox[12] ==null) Arraylb_1ListBox[12] = new Array();
Arraylb_1ListBox[12][161]= new Array('Deactivate Service');
if (Arraylb_1ListBox[13] ==null) Arraylb_1ListBox[13] = new Array();
Arraylb_1ListBox[13][162]= new Array('Activate Micro-SIM');
if (Arraylb_1ListBox[13] ==null) Arraylb_1ListBox[13] = new Array();
Arraylb_1ListBox[13][163]= new Array('I need a network unlock code');
if (Arraylb_1ListBox[13] ==null) Arraylb_1ListBox[13] = new Array();
Arraylb_1ListBox[13][164]= new Array('How do I unblock my phone');
if (Arraylb_1ListBox[13] ==null) Arraylb_1ListBox[13] = new Array();
Arraylb_1ListBox[13][165]= new Array('Sync with ITunes');
if (Arraylb_1ListBox[13] ==null) Arraylb_1ListBox[13] = new Array();
Arraylb_1ListBox[13][166]= new Array('Tethering - As a Modem');
if (Arraylb_1ListBox[13] ==null) Arraylb_1ListBox[13] = new Array();
Arraylb_1ListBox[13][167]= new Array('Transfer Contact');
if (Arraylb_1ListBox[13] ==null) Arraylb_1ListBox[13] = new Array();
Arraylb_1ListBox[13][168]= new Array('Call Me Tones');
if (Arraylb_1ListBox[13] ==null) Arraylb_1ListBox[13] = new Array();
Arraylb_1ListBox[13][169]= new Array('Activation/Unbricking');
if (Arraylb_1ListBox[13] ==null) Arraylb_1ListBox[13] = new Array();
Arraylb_1ListBox[13][171]= new Array('Setup-Email gmail yahoo hotmail');
if (Arraylb_1ListBox[13] ==null) Arraylb_1ListBox[13] = new Array();
Arraylb_1ListBox[13][172]= new Array('Sending MMS');
if (Arraylb_1ListBox[13] ==null) Arraylb_1ListBox[13] = new Array();
Arraylb_1ListBox[13][173]= new Array('Using WIFI');
if (Arraylb_1ListBox[13] ==null) Arraylb_1ListBox[13] = new Array();
Arraylb_1ListBox[13][174]= new Array('Apps Store');
if (Arraylb_1ListBox[13] ==null) Arraylb_1ListBox[13] = new Array();
Arraylb_1ListBox[13][176]= new Array('Using GPS');
if (Arraylb_1ListBox[13] ==null) Arraylb_1ListBox[13] = new Array();
Arraylb_1ListBox[13][178]= new Array('How do I use my handset to (not in the List)');
if (Arraylb_1ListBox[14] ==null) Arraylb_1ListBox[14] = new Array();
Arraylb_1ListBox[14][179]= new Array('Transerferd to Icare CS(Iphone)');
if (Arraylb_1ListBox[15] ==null) Arraylb_1ListBox[15] = new Array();
Arraylb_1ListBox[15][180]= new Array('Transfered');
if (Arraylb_1ListBox[5] ==null) Arraylb_1ListBox[5] = new Array();
Arraylb_1ListBox[5][181]= new Array('Emails');
if (Arraylb_1ListBox[13] ==null) Arraylb_1ListBox[13] = new Array();
Arraylb_1ListBox[13][182]= new Array('Call Diverts');
if (Arraylb_1ListBox[13] ==null) Arraylb_1ListBox[13] = new Array();
Arraylb_1ListBox[13][183]= new Array('VoiceMail -Activate/Deactivate');
if (Arraylb_1ListBox[4] ==null) Arraylb_1ListBox[4] = new Array();
Arraylb_1ListBox[4][184]= new Array('WI -FI not working');
var Arraylb_2ListBox = new Array( 21 );
if (Arraylb_2ListBox[0] ==null) Arraylb_2ListBox[0] = new Array();
Arraylb_2ListBox[0][1]= new Array('Resolved');
if (Arraylb_2ListBox[0] ==null) Arraylb_2ListBox[0] = new Array();
Arraylb_2ListBox[0][2]= new Array('Transfered to Apple (Repair)');
if (Arraylb_2ListBox[0] ==null) Arraylb_2ListBox[0] = new Array();
Arraylb_2ListBox[0][3]= new Array('Transfered to Apple (Other)');
if (Arraylb_2ListBox[0] ==null) Arraylb_2ListBox[0] = new Array();
Arraylb_2ListBox[0][4]= new Array('Follow Up arranged');
if (Arraylb_2ListBox[0] ==null) Arraylb_2ListBox[0] = new Array();
Arraylb_2ListBox[0][5]= new Array('Unresolved');
if (Arraylb_2ListBox[0] ==null) Arraylb_2ListBox[0] = new Array();
Arraylb_2ListBox[0][6]= new Array('Transferd to ICare CS(Iphone)');
if (Arraylb_2ListBox[0] ==null) Arraylb_2ListBox[0] = new Array();
Arraylb_2ListBox[0][7]= new Array('Transfered to LSG');
if (Arraylb_2ListBox[0] ==null) Arraylb_2ListBox[0] = new Array();
Arraylb_2ListBox[0][8]= new Array('Call Dropped (Did not outcall)');
if (Arraylb_2ListBox[0] ==null) Arraylb_2ListBox[0] = new Array();
Arraylb_2ListBox[0][9]= new Array('Call Dropped (Outcalled RVM)');
if (Arraylb_2ListBox[0] ==null) Arraylb_2ListBox[0] = new Array();
Arraylb_2ListBox[0][10]= new Array('Blank Call');
if (Arraylb_2ListBox[0] ==null) Arraylb_2ListBox[0] = new Array();
Arraylb_2ListBox[0][11]= new Array('Transferd to Heart');
if (Arraylb_2ListBox[0] ==null) Arraylb_2ListBox[0] = new Array();
Arraylb_2ListBox[0][12]= new Array('Transfered to TSI');
if (Arraylb_2ListBox[0] ==null) Arraylb_2ListBox[0] = new Array();
Arraylb_2ListBox[0][13]= new Array('Transferd to SET');
if (Arraylb_2ListBox[0] ==null) Arraylb_2ListBox[0] = new Array();
Arraylb_2ListBox[0][14]= new Array('Escalated to manager');
if (Arraylb_2ListBox[0] ==null) Arraylb_2ListBox[0] = new Array();
Arraylb_2ListBox[0][15]= new Array('Troubleshooting steps given - No outcall done');
if (Arraylb_2ListBox[0] ==null) Arraylb_2ListBox[0] = new Array();
Arraylb_2ListBox[0][16]= new Array('PR Sla Given');
if (Arraylb_2ListBox[0] ==null) Arraylb_2ListBox[0] = new Array();
Arraylb_2ListBox[0][17]= new Array('Transferred to Bits');
if (Arraylb_2ListBox[0] ==null) Arraylb_2ListBox[0] = new Array();
Arraylb_2ListBox[0][18]= new Array('Transferred to 2nd Line');
if (Arraylb_2ListBox[0] ==null) Arraylb_2ListBox[0] = new Array();
Arraylb_2ListBox[0][19]= new Array('SO Raised');
if (Arraylb_2ListBox[0] ==null) Arraylb_2ListBox[0] = new Array();
Arraylb_2ListBox[0][20]= new Array('Customer Chooses to call back');
if (Arraylb_2ListBox[0] ==null) Arraylb_2ListBox[0] = new Array();
Arraylb_2ListBox[0][21]= new Array('PR with in SLA  -Information given');
</Array>
  </DataScript>
</FORMS>