﻿<?xml version="1.0" encoding="utf-8"?>
<FORMS xmlns:xsi="http://www.w3.org/2001/XMLSchema-instance" FormID="74" VersionName="1.0">
  <ListBox>
    <Label>
      <Text>Call Type 1</Text>
    </Label>
    <ControlID>5</ControlID>
    <ControlType>Basic</ControlType>
    <FieldID>lb_0ListBox</FieldID>
    <Title>Call Type 1</Title>
    <DependentID>lb_1ListBox</DependentID>
    <X-Pos>236</X-Pos>
    <Y-Pos>10</Y-Pos>
    <Width>100</Width>
    <IsRequired>True</IsRequired>
    <IsManageable>True</IsManageable>
    <IsPostBack>False</IsPostBack>
    <Dependency>True</Dependency>
    <IsWrap>False</IsWrap>
    <PreWrap>
    </PreWrap>
    <PostWrap>
    </PostWrap>
    <PrevRef>
    </PrevRef>
    <DataSource>XML</DataSource>
    <LISTITEMS>
      <LISTITEM Id="1" value="" DependentOn="0" WrapNote="" OptionTooltip="" Template="">Feedback or Complaint</LISTITEM>
      <LISTITEM Id="2" value="" DependentOn="0" WrapNote="" OptionTooltip="" Template="">Price Plan</LISTITEM>
    </LISTITEMS>
    <Tabindex>2</Tabindex>
    <IsHide>False</IsHide>
  </ListBox>
  <ListBox>
    <Label>
      <Text>Call Type 2</Text>
    </Label>
    <ControlID>5</ControlID>
    <ControlType>Basic</ControlType>
    <FieldID>lb_1ListBox</FieldID>
    <Title>Call Type 2</Title>
    <DependentID>lb_2ListBox</DependentID>
    <X-Pos>10</X-Pos>
    <Y-Pos>10</Y-Pos>
    <Width>100</Width>
    <IsRequired>True</IsRequired>
    <IsManageable>True</IsManageable>
    <IsPostBack>False</IsPostBack>
    <Dependency>True</Dependency>
    <IsWrap>False</IsWrap>
    <PreWrap>
    </PreWrap>
    <PostWrap>
    </PostWrap>
    <PrevRef>lb_0ListBox</PrevRef>
    <DataSource>XML</DataSource>
    <LISTITEMS>
      <LISTITEM Id="1" value="" DependentOn="1" WrapNote="" OptionTooltip="" Template="">Delivery &amp; Logistics</LISTITEM>
      <LISTITEM Id="2" value="" DependentOn="2" WrapNote="" OptionTooltip="" Template="">Add ons</LISTITEM>
    </LISTITEMS>
    <Tabindex>1</Tabindex>
    <IsHide>False</IsHide>
  </ListBox>
  <ListBox>
    <Label>
      <Text>Outcome</Text>
    </Label>
    <ControlID>5</ControlID>
    <ControlType>Basic</ControlType>
    <FieldID>lb_2ListBox</FieldID>
    <Title>Outcome</Title>
    <DependentID>
    </DependentID>
    <X-Pos>462</X-Pos>
    <Y-Pos>10</Y-Pos>
    <Width>100</Width>
    <IsRequired>True</IsRequired>
    <IsManageable>True</IsManageable>
    <IsPostBack>False</IsPostBack>
    <Dependency>True</Dependency>
    <IsWrap>False</IsWrap>
    <PreWrap>
    </PreWrap>
    <PostWrap>
    </PostWrap>
    <PrevRef>lb_1ListBox</PrevRef>
    <DataSource>XML</DataSource>
    <LISTITEMS>
      <LISTITEM Id="1" value="" DependentOn="1" WrapNote="" OptionTooltip="" Template="">Deflected from  1913</LISTITEM>
      <LISTITEM Id="2" value="" DependentOn="1" WrapNote="" OptionTooltip="" Template="">Deflected from  RD</LISTITEM>
      <LISTITEM Id="3" value="" DependentOn="1" WrapNote="" OptionTooltip="" Template="">Deflected to SelfCare</LISTITEM>
      <LISTITEM Id="4" value="" DependentOn="1" WrapNote="" OptionTooltip="" Template="">No Action Required</LISTITEM>
      <LISTITEM Id="5" value="" DependentOn="1" WrapNote="" OptionTooltip="" Template="">Resolved</LISTITEM>
      <LISTITEM Id="6" value="" DependentOn="1" WrapNote="" OptionTooltip="" Template="">Unresolved</LISTITEM>
      <LISTITEM Id="7" value="" DependentOn="1" WrapNote="" OptionTooltip="" Template="">Unresolved - Email to EO</LISTITEM>
      <LISTITEM Id="8" value="" DependentOn="1" WrapNote="" OptionTooltip="" Template="">Unresolved - Email to RD</LISTITEM>
      <LISTITEM Id="9" value="" DependentOn="1" WrapNote="" OptionTooltip="" Template="">Unresolved - Email to SLS</LISTITEM>
      <LISTITEM Id="10" value="" DependentOn="2" WrapNote="" OptionTooltip="" Template="">Deflected from  1913</LISTITEM>
      <LISTITEM Id="11" value="" DependentOn="2" WrapNote="" OptionTooltip="" Template="">Deflected from  RD</LISTITEM>
      <LISTITEM Id="12" value="" DependentOn="2" WrapNote="" OptionTooltip="" Template="">Deflected to SelfCare</LISTITEM>
      <LISTITEM Id="13" value="" DependentOn="2" WrapNote="" OptionTooltip="" Template="">No Action Required</LISTITEM>
      <LISTITEM Id="14" value="" DependentOn="2" WrapNote="" OptionTooltip="" Template="">Resolved</LISTITEM>
      <LISTITEM Id="15" value="" DependentOn="2" WrapNote="" OptionTooltip="" Template="">Unresolved</LISTITEM>
      <LISTITEM Id="16" value="" DependentOn="2" WrapNote="" OptionTooltip="" Template="">Unresolved - Email to EO</LISTITEM>
      <LISTITEM Id="17" value="" DependentOn="2" WrapNote="" OptionTooltip="" Template="">Unresolved - Email to RD</LISTITEM>
      <LISTITEM Id="18" value="" DependentOn="2" WrapNote="" OptionTooltip="" Template="">Unresolved - Email to SLS</LISTITEM>
    </LISTITEMS>
    <Tabindex>3</Tabindex>
    <IsHide>False</IsHide>
  </ListBox>
  <TextBox>
    <Label>
      <Text>Mobile No</Text>
    </Label>
    <ControlID>1</ControlID>
    <ControlType>Basic</ControlType>
    <FieldID>txt_1TextBox</FieldID>
    <Title>Mobile No</Title>
    <X-Pos>10</X-Pos>
    <Y-Pos>184</Y-Pos>
    <Width>200</Width>
    <IsRequired>False</IsRequired>
    <IsPostBack>False</IsPostBack>
    <IsWrap>False</IsWrap>
    <PreWrap>
    </PreWrap>
    <PostWrap>
    </PostWrap>
    <TextMode>Singleline</TextMode>
    <IsType>Numeric</IsType>
    <MaxLength>20</MaxLength>
    <Dependency>
    </Dependency>
    <PrevRef>
    </PrevRef>
    <DependentID>
    </DependentID>
    <Tabindex>4</Tabindex>
    <Height>50</Height>
    <IsHide>False</IsHide>
  </TextBox>
  <DataScript>
    <IsUpdated>True</IsUpdated>
    <Array>var Arraylb_0ListBox = new Array( 2 );
if (Arraylb_0ListBox[0] ==null) Arraylb_0ListBox[0] = new Array();
Arraylb_0ListBox[0][1]= new Array('Feedback or Complaint');
if (Arraylb_0ListBox[0][1].WN ==null) Arraylb_0ListBox[0][1].WN = '';
if (Arraylb_0ListBox[0][1].OT ==null) Arraylb_0ListBox[0][1].OT = '';
if (Arraylb_0ListBox[0][1].T ==null) Arraylb_0ListBox[0][1].T = '0';
if (Arraylb_0ListBox[0] ==null) Arraylb_0ListBox[0] = new Array();
Arraylb_0ListBox[0][2]= new Array('Price Plan');
if (Arraylb_0ListBox[0][2].WN ==null) Arraylb_0ListBox[0][2].WN = '';
if (Arraylb_0ListBox[0][2].OT ==null) Arraylb_0ListBox[0][2].OT = '';
if (Arraylb_0ListBox[0][2].T ==null) Arraylb_0ListBox[0][2].T = '0';
var Arraylb_1ListBox = new Array( 2 );
if (Arraylb_1ListBox[1] ==null) Arraylb_1ListBox[1] = new Array();
Arraylb_1ListBox[1][1]= new Array('Delivery &amp; Logistics');
if (Arraylb_1ListBox[1][1].WN ==null) Arraylb_1ListBox[1][1].WN = '';
if (Arraylb_1ListBox[1][1].OT ==null) Arraylb_1ListBox[1][1].OT = '';
if (Arraylb_1ListBox[1][1].T ==null) Arraylb_1ListBox[1][1].T = '0';
if (Arraylb_1ListBox[2] ==null) Arraylb_1ListBox[2] = new Array();
Arraylb_1ListBox[2][2]= new Array('Add ons');
if (Arraylb_1ListBox[2][2].WN ==null) Arraylb_1ListBox[2][2].WN = '';
if (Arraylb_1ListBox[2][2].OT ==null) Arraylb_1ListBox[2][2].OT = '';
if (Arraylb_1ListBox[2][2].T ==null) Arraylb_1ListBox[2][2].T = '0';
var Arraylb_2ListBox = new Array( 18 );
if (Arraylb_2ListBox[1] ==null) Arraylb_2ListBox[1] = new Array();
Arraylb_2ListBox[1][1]= new Array('Deflected from  1913');
if (Arraylb_2ListBox[1][1].WN ==null) Arraylb_2ListBox[1][1].WN = '';
if (Arraylb_2ListBox[1][1].OT ==null) Arraylb_2ListBox[1][1].OT = '';
if (Arraylb_2ListBox[1][1].T ==null) Arraylb_2ListBox[1][1].T = '0';
if (Arraylb_2ListBox[1] ==null) Arraylb_2ListBox[1] = new Array();
Arraylb_2ListBox[1][2]= new Array('Deflected from  RD');
if (Arraylb_2ListBox[1][2].WN ==null) Arraylb_2ListBox[1][2].WN = '';
if (Arraylb_2ListBox[1][2].OT ==null) Arraylb_2ListBox[1][2].OT = '';
if (Arraylb_2ListBox[1][2].T ==null) Arraylb_2ListBox[1][2].T = '0';
if (Arraylb_2ListBox[1] ==null) Arraylb_2ListBox[1] = new Array();
Arraylb_2ListBox[1][3]= new Array('Deflected to SelfCare');
if (Arraylb_2ListBox[1][3].WN ==null) Arraylb_2ListBox[1][3].WN = '';
if (Arraylb_2ListBox[1][3].OT ==null) Arraylb_2ListBox[1][3].OT = '';
if (Arraylb_2ListBox[1][3].T ==null) Arraylb_2ListBox[1][3].T = '0';
if (Arraylb_2ListBox[1] ==null) Arraylb_2ListBox[1] = new Array();
Arraylb_2ListBox[1][4]= new Array('No Action Required');
if (Arraylb_2ListBox[1][4].WN ==null) Arraylb_2ListBox[1][4].WN = '';
if (Arraylb_2ListBox[1][4].OT ==null) Arraylb_2ListBox[1][4].OT = '';
if (Arraylb_2ListBox[1][4].T ==null) Arraylb_2ListBox[1][4].T = '0';
if (Arraylb_2ListBox[1] ==null) Arraylb_2ListBox[1] = new Array();
Arraylb_2ListBox[1][5]= new Array('Resolved');
if (Arraylb_2ListBox[1][5].WN ==null) Arraylb_2ListBox[1][5].WN = '';
if (Arraylb_2ListBox[1][5].OT ==null) Arraylb_2ListBox[1][5].OT = '';
if (Arraylb_2ListBox[1][5].T ==null) Arraylb_2ListBox[1][5].T = '0';
if (Arraylb_2ListBox[1] ==null) Arraylb_2ListBox[1] = new Array();
Arraylb_2ListBox[1][6]= new Array('Unresolved');
if (Arraylb_2ListBox[1][6].WN ==null) Arraylb_2ListBox[1][6].WN = '';
if (Arraylb_2ListBox[1][6].OT ==null) Arraylb_2ListBox[1][6].OT = '';
if (Arraylb_2ListBox[1][6].T ==null) Arraylb_2ListBox[1][6].T = '0';
if (Arraylb_2ListBox[1] ==null) Arraylb_2ListBox[1] = new Array();
Arraylb_2ListBox[1][7]= new Array('Unresolved - Email to EO');
if (Arraylb_2ListBox[1][7].WN ==null) Arraylb_2ListBox[1][7].WN = '';
if (Arraylb_2ListBox[1][7].OT ==null) Arraylb_2ListBox[1][7].OT = '';
if (Arraylb_2ListBox[1][7].T ==null) Arraylb_2ListBox[1][7].T = '0';
if (Arraylb_2ListBox[1] ==null) Arraylb_2ListBox[1] = new Array();
Arraylb_2ListBox[1][8]= new Array('Unresolved - Email to RD');
if (Arraylb_2ListBox[1][8].WN ==null) Arraylb_2ListBox[1][8].WN = '';
if (Arraylb_2ListBox[1][8].OT ==null) Arraylb_2ListBox[1][8].OT = '';
if (Arraylb_2ListBox[1][8].T ==null) Arraylb_2ListBox[1][8].T = '0';
if (Arraylb_2ListBox[1] ==null) Arraylb_2ListBox[1] = new Array();
Arraylb_2ListBox[1][9]= new Array('Unresolved - Email to SLS');
if (Arraylb_2ListBox[1][9].WN ==null) Arraylb_2ListBox[1][9].WN = '';
if (Arraylb_2ListBox[1][9].OT ==null) Arraylb_2ListBox[1][9].OT = '';
if (Arraylb_2ListBox[1][9].T ==null) Arraylb_2ListBox[1][9].T = '0';
if (Arraylb_2ListBox[2] ==null) Arraylb_2ListBox[2] = new Array();
Arraylb_2ListBox[2][10]= new Array('Deflected from  1913');
if (Arraylb_2ListBox[2][10].WN ==null) Arraylb_2ListBox[2][10].WN = '';
if (Arraylb_2ListBox[2][10].OT ==null) Arraylb_2ListBox[2][10].OT = '';
if (Arraylb_2ListBox[2][10].T ==null) Arraylb_2ListBox[2][10].T = '0';
if (Arraylb_2ListBox[2] ==null) Arraylb_2ListBox[2] = new Array();
Arraylb_2ListBox[2][11]= new Array('Deflected from  RD');
if (Arraylb_2ListBox[2][11].WN ==null) Arraylb_2ListBox[2][11].WN = '';
if (Arraylb_2ListBox[2][11].OT ==null) Arraylb_2ListBox[2][11].OT = '';
if (Arraylb_2ListBox[2][11].T ==null) Arraylb_2ListBox[2][11].T = '0';
if (Arraylb_2ListBox[2] ==null) Arraylb_2ListBox[2] = new Array();
Arraylb_2ListBox[2][12]= new Array('Deflected to SelfCare');
if (Arraylb_2ListBox[2][12].WN ==null) Arraylb_2ListBox[2][12].WN = '';
if (Arraylb_2ListBox[2][12].OT ==null) Arraylb_2ListBox[2][12].OT = '';
if (Arraylb_2ListBox[2][12].T ==null) Arraylb_2ListBox[2][12].T = '0';
if (Arraylb_2ListBox[2] ==null) Arraylb_2ListBox[2] = new Array();
Arraylb_2ListBox[2][13]= new Array('No Action Required');
if (Arraylb_2ListBox[2][13].WN ==null) Arraylb_2ListBox[2][13].WN = '';
if (Arraylb_2ListBox[2][13].OT ==null) Arraylb_2ListBox[2][13].OT = '';
if (Arraylb_2ListBox[2][13].T ==null) Arraylb_2ListBox[2][13].T = '0';
if (Arraylb_2ListBox[2] ==null) Arraylb_2ListBox[2] = new Array();
Arraylb_2ListBox[2][14]= new Array('Resolved');
if (Arraylb_2ListBox[2][14].WN ==null) Arraylb_2ListBox[2][14].WN = '';
if (Arraylb_2ListBox[2][14].OT ==null) Arraylb_2ListBox[2][14].OT = '';
if (Arraylb_2ListBox[2][14].T ==null) Arraylb_2ListBox[2][14].T = '0';
if (Arraylb_2ListBox[2] ==null) Arraylb_2ListBox[2] = new Array();
Arraylb_2ListBox[2][15]= new Array('Unresolved');
if (Arraylb_2ListBox[2][15].WN ==null) Arraylb_2ListBox[2][15].WN = '';
if (Arraylb_2ListBox[2][15].OT ==null) Arraylb_2ListBox[2][15].OT = '';
if (Arraylb_2ListBox[2][15].T ==null) Arraylb_2ListBox[2][15].T = '0';
if (Arraylb_2ListBox[2] ==null) Arraylb_2ListBox[2] = new Array();
Arraylb_2ListBox[2][16]= new Array('Unresolved - Email to EO');
if (Arraylb_2ListBox[2][16].WN ==null) Arraylb_2ListBox[2][16].WN = '';
if (Arraylb_2ListBox[2][16].OT ==null) Arraylb_2ListBox[2][16].OT = '';
if (Arraylb_2ListBox[2][16].T ==null) Arraylb_2ListBox[2][16].T = '0';
if (Arraylb_2ListBox[2] ==null) Arraylb_2ListBox[2] = new Array();
Arraylb_2ListBox[2][17]= new Array('Unresolved - Email to RD');
if (Arraylb_2ListBox[2][17].WN ==null) Arraylb_2ListBox[2][17].WN = '';
if (Arraylb_2ListBox[2][17].OT ==null) Arraylb_2ListBox[2][17].OT = '';
if (Arraylb_2ListBox[2][17].T ==null) Arraylb_2ListBox[2][17].T = '0';
if (Arraylb_2ListBox[2] ==null) Arraylb_2ListBox[2] = new Array();
Arraylb_2ListBox[2][18]= new Array('Unresolved - Email to SLS');
if (Arraylb_2ListBox[2][18].WN ==null) Arraylb_2ListBox[2][18].WN = '';
if (Arraylb_2ListBox[2][18].OT ==null) Arraylb_2ListBox[2][18].OT = '';
if (Arraylb_2ListBox[2][18].T ==null) Arraylb_2ListBox[2][18].T = '0';
</Array>
  </DataScript>
</FORMS>