﻿<?xml version="1.0" encoding="utf-8"?>
<FORMS xmlns:xsi="http://www.w3.org/2001/XMLSchema-instance" FormID="23" VersionName="1.0">
  <ListBox>
    <Label>
      <Text>sdfsadfsdfs</Text>
    </Label>
    <ControlID>5</ControlID>
    <ControlType>Basic</ControlType>
    <FieldID>lb_0ListBox</FieldID>
    <Title>sdfsadfsdfs</Title>
    <DependentID>lb_1ListBox</DependentID>
    <X-Pos>0</X-Pos>
    <Y-Pos>0</Y-Pos>
    <Width>100</Width>
    <IsRequired>False</IsRequired>
    <IsManageable>True</IsManageable>
    <IsPostBack>False</IsPostBack>
    <Dependency>True</Dependency>
    <IsWrap>False</IsWrap>
    <PreWrap>
    </PreWrap>
    <PostWrap>
    </PostWrap>
    <PrevRef>
    </PrevRef>
    <DataSource>XML</DataSource>
    <LISTITEMS>
      <LISTITEM Id="1" value="" DependentOn="0" WrapNote="" OptionTooltip="" Template="">sdadsasdasd</LISTITEM>
      <LISTITEM Id="2" value="" DependentOn="0" WrapNote="" OptionTooltip="" Template="">sadasdasdasd</LISTITEM>
      <LISTITEM Id="3" value="" DependentOn="0" WrapNote="" OptionTooltip="" Template="">2x3s4d65asd</LISTITEM>
    </LISTITEMS>
  </ListBox>
  <ListBox>
    <Label>
      <Text>dfsdfdf</Text>
    </Label>
    <ControlID>5</ControlID>
    <ControlType>Basic</ControlType>
    <FieldID>lb_1ListBox</FieldID>
    <Title>dfsdfdf</Title>
    <DependentID>
    </DependentID>
    <X-Pos>273</X-Pos>
    <Y-Pos>1</Y-Pos>
    <Width>100</Width>
    <IsRequired>False</IsRequired>
    <IsManageable>True</IsManageable>
    <IsPostBack>False</IsPostBack>
    <Dependency>True</Dependency>
    <IsWrap>False</IsWrap>
    <PreWrap>
    </PreWrap>
    <PostWrap>
    </PostWrap>
    <PrevRef>lb_0ListBox</PrevRef>
    <DataSource>XML</DataSource>
    <LISTITEMS>
      <LISTITEM Id="1" value="" DependentOn="1" WrapNote="" OptionTooltip="" Template="14">weqwe</LISTITEM>
      <LISTITEM Id="2" value="" DependentOn="2" WrapNote="" OptionTooltip="" Template="18">we</LISTITEM>
      <LISTITEM Id="3" value="" DependentOn="3" WrapNote="" OptionTooltip="" Template="22">2x3s4d65asd</LISTITEM>
    </LISTITEMS>
  </ListBox>
  <DataScript>
    <IsUpdated>True</IsUpdated>
    <Array>var Arraylb_0ListBox = new Array( 3 );
if (Arraylb_0ListBox[0] ==null) Arraylb_0ListBox[0] = new Array();
Arraylb_0ListBox[0][1]= new Array('sdadsasdasd');
if (Arraylb_0ListBox[0][1].WN ==null) Arraylb_0ListBox[0][1].WN = '';
if (Arraylb_0ListBox[0][1].OT ==null) Arraylb_0ListBox[0][1].OT = '';
if (Arraylb_0ListBox[0][1].T ==null) Arraylb_0ListBox[0][1].T = '0';
if (Arraylb_0ListBox[0] ==null) Arraylb_0ListBox[0] = new Array();
Arraylb_0ListBox[0][2]= new Array('sadasdasdasd');
if (Arraylb_0ListBox[0][2].WN ==null) Arraylb_0ListBox[0][2].WN = '';
if (Arraylb_0ListBox[0][2].OT ==null) Arraylb_0ListBox[0][2].OT = '';
if (Arraylb_0ListBox[0][2].T ==null) Arraylb_0ListBox[0][2].T = '0';
if (Arraylb_0ListBox[0] ==null) Arraylb_0ListBox[0] = new Array();
Arraylb_0ListBox[0][3]= new Array('2x3s4d65asd');
if (Arraylb_0ListBox[0][3].WN ==null) Arraylb_0ListBox[0][3].WN = '';
if (Arraylb_0ListBox[0][3].OT ==null) Arraylb_0ListBox[0][3].OT = '';
if (Arraylb_0ListBox[0][3].T ==null) Arraylb_0ListBox[0][3].T = '0';
var Arraylb_1ListBox = new Array( 3 );
if (Arraylb_1ListBox[1] ==null) Arraylb_1ListBox[1] = new Array();
Arraylb_1ListBox[1][1]= new Array('weqwe');
if (Arraylb_1ListBox[1][1].WN ==null) Arraylb_1ListBox[1][1].WN = '';
if (Arraylb_1ListBox[1][1].OT ==null) Arraylb_1ListBox[1][1].OT = '';
if (Arraylb_1ListBox[1][1].T ==null) Arraylb_1ListBox[1][1].T = '14';
if (Arraylb_1ListBox[2] ==null) Arraylb_1ListBox[2] = new Array();
Arraylb_1ListBox[2][2]= new Array('we');
if (Arraylb_1ListBox[2][2].WN ==null) Arraylb_1ListBox[2][2].WN = '';
if (Arraylb_1ListBox[2][2].OT ==null) Arraylb_1ListBox[2][2].OT = '';
if (Arraylb_1ListBox[2][2].T ==null) Arraylb_1ListBox[2][2].T = '18';
if (Arraylb_1ListBox[3] ==null) Arraylb_1ListBox[3] = new Array();
Arraylb_1ListBox[3][3]= new Array('2x3s4d65asd');
if (Arraylb_1ListBox[3][3].WN ==null) Arraylb_1ListBox[3][3].WN = '';
if (Arraylb_1ListBox[3][3].OT ==null) Arraylb_1ListBox[3][3].OT = '';
if (Arraylb_1ListBox[3][3].T ==null) Arraylb_1ListBox[3][3].T = '22';
</Array>
  </DataScript>
</FORMS>