﻿<?xml version="1.0" encoding="utf-8"?>
<FORMS xmlns:xsi="http://www.w3.org/2001/XMLSchema-instance" FormID="36" VersionName="1.0">
  <TextBox>
    <Label>
      <Text>Issue Start Date </Text>
    </Label>
    <ControlID>1</ControlID>
    <ControlType>Basic</ControlType>
    <FieldID>txt_0TextBox</FieldID>
    <Title>Issue Start Date </Title>
    <X-Pos>0</X-Pos>
    <Y-Pos>0</Y-Pos>
    <Width>200</Width>
    <IsRequired>True</IsRequired>
    <IsPostBack>False</IsPostBack>
    <IsWrap>False</IsWrap>
    <PreWrap>
    </PreWrap>
    <PostWrap>
    </PostWrap>
    <TextMode>Singleline</TextMode>
    <IsType>Date</IsType>
    <MaxLength>20</MaxLength>
    <Dependency>
    </Dependency>
    <PrevRef>
    </PrevRef>
    <DependentID>
    </DependentID>
  </TextBox>
  <DropDownList>
    <Label>
      <Text>Did the service ever work at the address</Text>
    </Label>
    <ControlID>2</ControlID>
    <ControlType>Basic</ControlType>
    <FieldID>ddl_1DropDown</FieldID>
    <Title>Did the service ever work at the address</Title>
    <DependentID>
    </DependentID>
    <X-Pos>1</X-Pos>
    <Y-Pos>53</Y-Pos>
    <Width>200</Width>
    <IsRequired>False</IsRequired>
    <IsManageable>True</IsManageable>
    <IsPostBack>False</IsPostBack>
    <Dependency>False</Dependency>
    <IsWrap>False</IsWrap>
    <PreWrap>
    </PreWrap>
    <PostWrap>
    </PostWrap>
    <PrevRef>
    </PrevRef>
    <IsQueryPattern>Contains</IsQueryPattern>
    <DataSource>XML</DataSource>
    <LISTITEMS>
    </LISTITEMS>
  </DropDownList>
  <DropDownList>
    <Label>
      <Text>Issue Type </Text>
    </Label>
    <ControlID>2</ControlID>
    <ControlType>Basic</ControlType>
    <FieldID>ddl_2DropDown</FieldID>
    <Title>Issue Type </Title>
    <DependentID>
    </DependentID>
    <X-Pos>1</X-Pos>
    <Y-Pos>108</Y-Pos>
    <Width>200</Width>
    <IsRequired>True</IsRequired>
    <IsManageable>True</IsManageable>
    <IsPostBack>False</IsPostBack>
    <Dependency>False</Dependency>
    <IsWrap>False</IsWrap>
    <PreWrap>
    </PreWrap>
    <PostWrap>
    </PostWrap>
    <PrevRef>
    </PrevRef>
    <IsQueryPattern>Contains</IsQueryPattern>
    <DataSource>XML</DataSource>
    <LISTITEMS>
    </LISTITEMS>
  </DropDownList>
  <TextBox>
    <Label>
      <Text>MNS Result</Text>
    </Label>
    <ControlID>1</ControlID>
    <ControlType>Basic</ControlType>
    <FieldID>txt_1TextBox</FieldID>
    <Title>MNS Result</Title>
    <X-Pos>2</X-Pos>
    <Y-Pos>163</Y-Pos>
    <Width>200</Width>
    <IsRequired>False</IsRequired>
    <IsPostBack>False</IsPostBack>
    <IsWrap>False</IsWrap>
    <PreWrap>
    </PreWrap>
    <PostWrap>
    </PostWrap>
    <TextMode>Singleline</TextMode>
    <IsType>AlphaNumeric</IsType>
    <MaxLength>20</MaxLength>
    <Dependency>
    </Dependency>
    <PrevRef>
    </PrevRef>
    <DependentID>
    </DependentID>
  </TextBox>
  <CheckBoxList>
    <Label>
      <Text>Have u recently upgraded anti virus software</Text>
    </Label>
    <ControlID>4</ControlID>
    <ControlType>Basic</ControlType>
    <FieldID>cbl_0CheckBox</FieldID>
    <Title>Have u recently upgraded anti virus software</Title>
    <X-Pos>1</X-Pos>
    <Y-Pos>219</Y-Pos>
    <Width>200</Width>
    <IsRequired>False</IsRequired>
    <IsManageable>True</IsManageable>
    <IsPostBack>False</IsPostBack>
    <RepeatColumns>1</RepeatColumns>
    <RepeatDirection>Horizontal</RepeatDirection>
    <IsWrap>False</IsWrap>
    <PreWrap>
    </PreWrap>
    <PostWrap>
    </PostWrap>
    <Dependency>
    </Dependency>
    <PrevRef>
    </PrevRef>
    <DependentID>
    </DependentID>
    <DataSource>XML</DataSource>
    <LISTITEMS>
      <LISTITEM Id="0" value="" DependentOn="0">0List Item text here.</LISTITEM>
      <LISTITEM Id="1" value="" DependentOn="0">1List Item text here.</LISTITEM>
    </LISTITEMS>
  </CheckBoxList>
  <RadioButtonList>
    <Label>
      <Text>Has ur PC been giving you trouble recently</Text>
    </Label>
    <ControlID>3</ControlID>
    <ControlType>Basic</ControlType>
    <FieldID>rbl_2RadioButton</FieldID>
    <Title>Has ur PC been giving you trouble recently</Title>
    <X-Pos>2</X-Pos>
    <Y-Pos>278</Y-Pos>
    <Width>200</Width>
    <IsRequired>False</IsRequired>
    <IsPostBack>False</IsPostBack>
    <IsManageable>True</IsManageable>
    <RepeatColumns>1</RepeatColumns>
    <RepeatDirection>Horizontal</RepeatDirection>
    <IsWrap>False</IsWrap>
    <PreWrap>
    </PreWrap>
    <PostWrap>
    </PostWrap>
    <Dependency>
    </Dependency>
    <PrevRef>
    </PrevRef>
    <DependentID>
    </DependentID>
    <DataSource>XML</DataSource>
    <LISTITEMS>
      <LISTITEM Id="0" value="" DependentOn="0">0List Item text here.</LISTITEM>
      <LISTITEM Id="1" value="" DependentOn="0">1List Item text here.</LISTITEM>
    </LISTITEMS>
  </RadioButtonList>
  <TextBox>
    <Label>
      <Text>Ping test Result</Text>
    </Label>
    <ControlID>1</ControlID>
    <ControlType>Basic</ControlType>
    <FieldID>txt_3TextBox</FieldID>
    <Title>Ping test Result</Title>
    <X-Pos>0</X-Pos>
    <Y-Pos>0</Y-Pos>
    <Width>200</Width>
    <IsRequired>False</IsRequired>
    <IsPostBack>False</IsPostBack>
    <IsWrap>False</IsWrap>
    <PreWrap>
    </PreWrap>
    <PostWrap>
    </PostWrap>
    <TextMode>Multiline</TextMode>
    <IsType>AlphaNumeric</IsType>
    <MaxLength>200</MaxLength>
    <Dependency>
    </Dependency>
    <PrevRef>
    </PrevRef>
    <DependentID>
    </DependentID>
  </TextBox>
  <DataScript>
    <IsUpdated>False</IsUpdated>
    <Array>
    </Array>
  </DataScript>
</FORMS>