﻿<?xml version="1.0" encoding="utf-8"?>
<FORMS xmlns:xsi="http://www.w3.org/2001/XMLSchema-instance" FormID="91" VersionName="3.3">
  <TextBox>
    <Label>
      <Text>MSISDN</Text>
    </Label>
    <ControlID>1</ControlID>
    <ControlType>Basic</ControlType>
    <FieldID>txt_0TextBox</FieldID>
    <Title>MSISDN</Title>
    <X-Pos>138</X-Pos>
    <Y-Pos>6</Y-Pos>
    <Width>200</Width>
    <IsRequired>True</IsRequired>
    <IsPostBack>False</IsPostBack>
    <IsWrap>True</IsWrap>
    <PreWrap>MSISDN</PreWrap>
    <PostWrap>
    </PostWrap>
    <TextMode>Singleline</TextMode>
    <IsType>Numeric</IsType>
    <MaxLength>12</MaxLength>
    <Dependency>
    </Dependency>
    <PrevRef>
    </PrevRef>
    <DependentID>
    </DependentID>
  </TextBox>
  <DropDownList>
    <Label>
      <Text>Routed Through</Text>
    </Label>
    <ControlID>2</ControlID>
    <ControlType>Basic</ControlType>
    <FieldID>ddl_0DropDown</FieldID>
    <Title>Routed Through</Title>
    <DependentID>
    </DependentID>
    <X-Pos>412</X-Pos>
    <Y-Pos>8</Y-Pos>
    <Width>200</Width>
    <IsRequired>True</IsRequired>
    <IsManageable>True</IsManageable>
    <IsPostBack>False</IsPostBack>
    <Dependency>False</Dependency>
    <IsWrap>True</IsWrap>
    <PreWrap>Routed Through</PreWrap>
    <PostWrap>
    </PostWrap>
    <PrevRef>
    </PrevRef>
    <DataSource>XML</DataSource>
    <LISTITEMS>
      <LISTITEM Id="1" value="" DependentOn="0">IVR</LISTITEM>
      <LISTITEM Id="10" value="" DependentOn="0">Transfer from MBB Tech</LISTITEM>
      <LISTITEM Id="11" value="" DependentOn="0">Transfer from HEART</LISTITEM>
      <LISTITEM Id="12" value="" DependentOn="0">Transfer from Billing</LISTITEM>
      <LISTITEM Id="14" value="" DependentOn="0">Transfer from Handset  Retentions</LISTITEM>
      <LISTITEM Id="15" value="" DependentOn="0">Other Department</LISTITEM>
      <LISTITEM Id="16" value="" DependentOn="0">MBB DU CLI</LISTITEM>
      <LISTITEM Id="17" value="" DependentOn="0">ILAR</LISTITEM>
    </LISTITEMS>
  </DropDownList>
  <DropDownList>
    <Label>
      <Text>Customer Value</Text>
    </Label>
    <ControlID>2</ControlID>
    <ControlType>Basic</ControlType>
    <FieldID>ddl_1DropDown</FieldID>
    <Title>Customer Value</Title>
    <DependentID>
    </DependentID>
    <X-Pos>725</X-Pos>
    <Y-Pos>4</Y-Pos>
    <Width>200</Width>
    <IsRequired>True</IsRequired>
    <IsManageable>True</IsManageable>
    <IsPostBack>False</IsPostBack>
    <Dependency>False</Dependency>
    <IsWrap>True</IsWrap>
    <PreWrap>Customer Value</PreWrap>
    <PostWrap>
    </PostWrap>
    <PrevRef>
    </PrevRef>
    <DataSource>XML</DataSource>
    <LISTITEMS>
      <LISTITEM Id="8" value="" DependentOn="0">BH2</LISTITEM>
      <LISTITEM Id="9" value="" DependentOn="0">BH1</LISTITEM>
      <LISTITEM Id="10" value="" DependentOn="0">BM2</LISTITEM>
      <LISTITEM Id="11" value="" DependentOn="0">BM1</LISTITEM>
      <LISTITEM Id="12" value="" DependentOn="0">BL1</LISTITEM>
      <LISTITEM Id="13" value="" DependentOn="0">BL0</LISTITEM>
    </LISTITEMS>
  </DropDownList>
  <TextBox>
    <Label>
      <Text>Interactions</Text>
    </Label>
    <ControlID>1</ControlID>
    <ControlType>Basic</ControlType>
    <FieldID>txt_1TextBox</FieldID>
    <Title>Interactions</Title>
    <X-Pos>389</X-Pos>
    <Y-Pos>399</Y-Pos>
    <Width>200</Width>
    <IsRequired>False</IsRequired>
    <IsPostBack>False</IsPostBack>
    <IsWrap>False</IsWrap>
    <PreWrap>
    </PreWrap>
    <PostWrap>
    </PostWrap>
    <TextMode>Multiline</TextMode>
    <IsType>AlphaNumeric</IsType>
    <MaxLength>500</MaxLength>
    <Dependency>
    </Dependency>
    <PrevRef>
    </PrevRef>
    <DependentID>
    </DependentID>
  </TextBox>
  <RadioButtonList>
    <Label>
      <Text>Incorrect Transfer</Text>
    </Label>
    <ControlID>3</ControlID>
    <ControlType>Basic</ControlType>
    <FieldID>rbl_0RadioButton</FieldID>
    <Title>Incorrect Transfer</Title>
    <X-Pos>106</X-Pos>
    <Y-Pos>88</Y-Pos>
    <Width>200</Width>
    <IsRequired>False</IsRequired>
    <IsPostBack>False</IsPostBack>
    <IsManageable>True</IsManageable>
    <RepeatColumns>1</RepeatColumns>
    <RepeatDirection>Horizontal</RepeatDirection>
    <IsWrap>False</IsWrap>
    <PreWrap>
    </PreWrap>
    <PostWrap>
    </PostWrap>
    <Dependency>
    </Dependency>
    <PrevRef>
    </PrevRef>
    <DependentID>
    </DependentID>
    <DataSource>XML</DataSource>
    <LISTITEMS>
      <LISTITEM Id="0" value="" DependentOn="0">Yes</LISTITEM>
      <LISTITEM Id="1" value="" DependentOn="0">No</LISTITEM>
    </LISTITEMS>
  </RadioButtonList>
  <ListBox>
    <Label>
      <Text>Call Type</Text>
    </Label>
    <ControlID>5</ControlID>
    <ControlType>Basic</ControlType>
    <FieldID>lb_6ListBox</FieldID>
    <Title>Call Type</Title>
    <DependentID>lb_7ListBox</DependentID>
    <X-Pos>15</X-Pos>
    <Y-Pos>177</Y-Pos>
    <Width>100</Width>
    <IsRequired>False</IsRequired>
    <IsManageable>True</IsManageable>
    <IsPostBack>False</IsPostBack>
    <Dependency>True</Dependency>
    <IsWrap>True</IsWrap>
    <PreWrap>Call Type</PreWrap>
    <PostWrap>
    </PostWrap>
    <PrevRef>
    </PrevRef>
    <DataSource>XML</DataSource>
    <LISTITEMS>
      <LISTITEM Id="2" value="" DependentOn="0">Pre Upgrade Query</LISTITEM>
      <LISTITEM Id="4" value="" DependentOn="0">Cancellation Request</LISTITEM>
      <LISTITEM Id="5" value="" DependentOn="0">General Query</LISTITEM>
      <LISTITEM Id="6" value="" DependentOn="0">General Logistics Query</LISTITEM>
      <LISTITEM Id="7" value="" DependentOn="0">Proactive Campaign</LISTITEM>
      <LISTITEM Id="8" value="" DependentOn="0">HEART</LISTITEM>
      <LISTITEM Id="9" value="" DependentOn="0">Lost/Stolen</LISTITEM>
      <LISTITEM Id="10" value="" DependentOn="0">VAT Call</LISTITEM>
    </LISTITEMS>
  </ListBox>
  <ListBox>
    <Label>
      <Text>Call Outcome</Text>
    </Label>
    <ControlID>5</ControlID>
    <ControlType>Basic</ControlType>
    <FieldID>lb_7ListBox</FieldID>
    <Title>Call Outcome</Title>
    <DependentID>lb_8ListBox</DependentID>
    <X-Pos>252</X-Pos>
    <Y-Pos>180</Y-Pos>
    <Width>100</Width>
    <IsRequired>False</IsRequired>
    <IsManageable>True</IsManageable>
    <IsPostBack>False</IsPostBack>
    <Dependency>True</Dependency>
    <IsWrap>True</IsWrap>
    <PreWrap>Call Outcome</PreWrap>
    <PostWrap>
    </PostWrap>
    <PrevRef>lb_6ListBox</PrevRef>
    <DataSource>XML</DataSource>
    <LISTITEMS>
      <LISTITEM Id="33" value="" DependentOn="5">SIM Only Contract</LISTITEM>
      <LISTITEM Id="34" value="" DependentOn="5">iPad Query</LISTITEM>
      <LISTITEM Id="35" value="" DependentOn="0">Handset Contract</LISTITEM>
      <LISTITEM Id="36" value="" DependentOn="5">Billing Query</LISTITEM>
      <LISTITEM Id="37" value="" DependentOn="0">Tech Issue</LISTITEM>
      <LISTITEM Id="39" value="" DependentOn="5">Change Price Plan</LISTITEM>
      <LISTITEM Id="40" value="" DependentOn="5">Handset Contract</LISTITEM>
      <LISTITEM Id="41" value="" DependentOn="5">New Sales</LISTITEM>
      <LISTITEM Id="44" value="" DependentOn="0">Considering</LISTITEM>
      <LISTITEM Id="47" value="" DependentOn="5">Tech Issue</LISTITEM>
      <LISTITEM Id="49" value="" DependentOn="4">Transfer to ILAR/MBB COTI</LISTITEM>
      <LISTITEM Id="50" value="" DependentOn="4">Considering offer and no notice taken</LISTITEM>
      <LISTITEM Id="51" value="" DependentOn="2">Upgraded</LISTITEM>
      <LISTITEM Id="52" value="" DependentOn="2">Considering</LISTITEM>
      <LISTITEM Id="53" value="" DependentOn="4">Cancelled the contract</LISTITEM>
      <LISTITEM Id="54" value="" DependentOn="4">Upgraded the customer</LISTITEM>
      <LISTITEM Id="55" value="" DependentOn="5">Drop Call</LISTITEM>
      <LISTITEM Id="56" value="" DependentOn="6">Laptop delivery</LISTITEM>
      <LISTITEM Id="57" value="" DependentOn="6">Incorrect laptop sent</LISTITEM>
      <LISTITEM Id="58" value="" DependentOn="6">Incorrect Modem sent</LISTITEM>
      <LISTITEM Id="59" value="" DependentOn="6">Modem/Mifi delivery</LISTITEM>
      <LISTITEM Id="60" value="" DependentOn="7">Upgraded</LISTITEM>
      <LISTITEM Id="61" value="" DependentOn="0">Cancellation</LISTITEM>
      <LISTITEM Id="62" value="" DependentOn="0">Cancellation Transfer to MBB COTI</LISTITEM>
      <LISTITEM Id="63" value="" DependentOn="0">Logistics</LISTITEM>
      <LISTITEM Id="64" value="" DependentOn="7">Cancellation Taken</LISTITEM>
      <LISTITEM Id="65" value="" DependentOn="7">Cancellation Transfered to MBB COTI</LISTITEM>
      <LISTITEM Id="66" value="" DependentOn="7">Logistics Query</LISTITEM>
      <LISTITEM Id="67" value="" DependentOn="7">Considering Offer</LISTITEM>
      <LISTITEM Id="68" value="" DependentOn="2">Change Offer</LISTITEM>
      <LISTITEM Id="69" value="" DependentOn="5">Upgrade reversal</LISTITEM>
      <LISTITEM Id="70" value="" DependentOn="7">Campaign expired</LISTITEM>
      <LISTITEM Id="71" value="" DependentOn="2">Early upgrade-refused to pay  ATF</LISTITEM>
      <LISTITEM Id="72" value="" DependentOn="8">upgrade reversal completed</LISTITEM>
      <LISTITEM Id="73" value="" DependentOn="8">Upgrade reversal with cancellation processed</LISTITEM>
      <LISTITEM Id="74" value="" DependentOn="8">Upgraded Contract</LISTITEM>
      <LISTITEM Id="75" value="" DependentOn="9">upgraded customer</LISTITEM>
      <LISTITEM Id="76" value="" DependentOn="9">customer purchased modem/mifi</LISTITEM>
      <LISTITEM Id="77" value="" DependentOn="9">Cust omer not happy with resolution</LISTITEM>
      <LISTITEM Id="78" value="" DependentOn="8">New Contract</LISTITEM>
      <LISTITEM Id="79" value="" DependentOn="9">Lost</LISTITEM>
      <LISTITEM Id="80" value="" DependentOn="9">Stolen</LISTITEM>
      <LISTITEM Id="81" value="" DependentOn="9">Damaged</LISTITEM>
      <LISTITEM Id="82" value="" DependentOn="8">Door step Exchange</LISTITEM>
      <LISTITEM Id="84" value="" DependentOn="8">Enquiry about jiffy Bag/Returns Label for laptop</LISTITEM>
      <LISTITEM Id="85" value="" DependentOn="8">Retained on Same offer</LISTITEM>
      <LISTITEM Id="86" value="" DependentOn="9">Customer wants to return Dongle/Mifi under 14 DMBG</LISTITEM>
      <LISTITEM Id="87" value="" DependentOn="2">Credit check Declined</LISTITEM>
      <LISTITEM Id="88" value="" DependentOn="5">Post Upgrade Query</LISTITEM>
      <LISTITEM Id="89" value="" DependentOn="10">Upgrade</LISTITEM>
      <LISTITEM Id="90" value="" DependentOn="10">Loss</LISTITEM>
      <LISTITEM Id="91" value="" DependentOn="10">General Query</LISTITEM>
      <LISTITEM Id="92" value="" DependentOn="8">Heart Reversal and Cancellation Declined.</LISTITEM>
      <LISTITEM Id="93" value="" DependentOn="8">Customer Disputing Laptop/Dongle Delivery.</LISTITEM>
      <LISTITEM Id="94" value="" DependentOn="8">Laptop/Dongle sent back without Jiffybag/Lable.</LISTITEM>
      <LISTITEM Id="95" value="" DependentOn="8">Laptop/Dongle sent back  in the same Jiffy Bag.</LISTITEM>
      <LISTITEM Id="96" value="" DependentOn="5">Called to check Contract end date.</LISTITEM>
    </LISTITEMS>
  </ListBox>
  <ListBox>
    <Label>
      <Text>Detail of Call Outcome</Text>
    </Label>
    <ControlID>5</ControlID>
    <ControlType>Basic</ControlType>
    <FieldID>lb_8ListBox</FieldID>
    <Title>Detail of Call Outcome</Title>
    <DependentID>lb_9ListBox</DependentID>
    <X-Pos>490</X-Pos>
    <Y-Pos>180</Y-Pos>
    <Width>100</Width>
    <IsRequired>False</IsRequired>
    <IsManageable>True</IsManageable>
    <IsPostBack>False</IsPostBack>
    <Dependency>True</Dependency>
    <IsWrap>True</IsWrap>
    <PreWrap>Detail Of Call Outcome</PreWrap>
    <PostWrap>
    </PostWrap>
    <PrevRef>lb_7ListBox</PrevRef>
    <DataSource>XML</DataSource>
    <LISTITEMS>
      <LISTITEM Id="4" value="" DependentOn="0">Cannot afford</LISTITEM>
      <LISTITEM Id="5" value="" DependentOn="72">Only Modem/Mifi</LISTITEM>
      <LISTITEM Id="6" value="" DependentOn="72">Modem+Laptop</LISTITEM>
      <LISTITEM Id="7" value="" DependentOn="72">Customer wants different laptop</LISTITEM>
      <LISTITEM Id="8" value="" DependentOn="73">Forced Upgrade</LISTITEM>
      <LISTITEM Id="9" value="" DependentOn="73">Sent netbook instead of Laptop</LISTITEM>
      <LISTITEM Id="11" value="" DependentOn="73">No Network Coverage</LISTITEM>
      <LISTITEM Id="12" value="" DependentOn="73">Sim only Cancellation</LISTITEM>
      <LISTITEM Id="13" value="" DependentOn="73">Customer Mis-informed about the deal</LISTITEM>
      <LISTITEM Id="14" value="" DependentOn="73">Contract  term not suitable for customer.</LISTITEM>
      <LISTITEM Id="16" value="" DependentOn="82">Exchange with MiFi</LISTITEM>
      <LISTITEM Id="17" value="" DependentOn="82">Exchange with Dongle</LISTITEM>
      <LISTITEM Id="18" value="" DependentOn="82">Wants to keep the Dongle/MiFi and return Laptop</LISTITEM>
      <LISTITEM Id="19" value="" DependentOn="85">Offer 301</LISTITEM>
      <LISTITEM Id="20" value="" DependentOn="85">Offer 302</LISTITEM>
      <LISTITEM Id="21" value="" DependentOn="85">Offer 303</LISTITEM>
      <LISTITEM Id="22" value="" DependentOn="85">Offer 304</LISTITEM>
      <LISTITEM Id="23" value="" DependentOn="85">Offer 305</LISTITEM>
      <LISTITEM Id="24" value="" DependentOn="85">Offer 306</LISTITEM>
      <LISTITEM Id="25" value="" DependentOn="85">Offer 307</LISTITEM>
      <LISTITEM Id="26" value="" DependentOn="85">Offer 308</LISTITEM>
      <LISTITEM Id="27" value="" DependentOn="85">Offer 309</LISTITEM>
      <LISTITEM Id="28" value="" DependentOn="85">Offer 310</LISTITEM>
      <LISTITEM Id="29" value="" DependentOn="85">Offer 311</LISTITEM>
      <LISTITEM Id="30" value="" DependentOn="85">Offer 312</LISTITEM>
      <LISTITEM Id="31" value="" DependentOn="85">Offer 313</LISTITEM>
      <LISTITEM Id="32" value="" DependentOn="85">Offer 314</LISTITEM>
      <LISTITEM Id="33" value="" DependentOn="85">Offer 315</LISTITEM>
      <LISTITEM Id="34" value="" DependentOn="85">Offer 317</LISTITEM>
      <LISTITEM Id="35" value="" DependentOn="85">Offer 318</LISTITEM>
      <LISTITEM Id="36" value="" DependentOn="85">Offer 319</LISTITEM>
      <LISTITEM Id="37" value="" DependentOn="85">Offer 328</LISTITEM>
      <LISTITEM Id="38" value="" DependentOn="85">Offer 340</LISTITEM>
      <LISTITEM Id="39" value="" DependentOn="85">Offer 341</LISTITEM>
      <LISTITEM Id="40" value="" DependentOn="85">Offer 342</LISTITEM>
      <LISTITEM Id="41" value="" DependentOn="85">Offer 343</LISTITEM>
      <LISTITEM Id="42" value="" DependentOn="85">Offer 344</LISTITEM>
      <LISTITEM Id="43" value="" DependentOn="85">Offer 345</LISTITEM>
      <LISTITEM Id="44" value="" DependentOn="85">Offer 346</LISTITEM>
      <LISTITEM Id="45" value="" DependentOn="85">Offer 347</LISTITEM>
      <LISTITEM Id="46" value="" DependentOn="85">Offer 348</LISTITEM>
      <LISTITEM Id="47" value="" DependentOn="85">Offer 349</LISTITEM>
      <LISTITEM Id="48" value="" DependentOn="92">Outside 14 Days</LISTITEM>
      <LISTITEM Id="49" value="" DependentOn="73">No Requirement</LISTITEM>
      <LISTITEM Id="50" value="" DependentOn="73">Cannot Afford to Pay</LISTITEM>
      <LISTITEM Id="51" value="" DependentOn="95">Unable to trace Device.</LISTITEM>
      <LISTITEM Id="52" value="" DependentOn="94">Unable to trace Device.</LISTITEM>
      <LISTITEM Id="53" value="" DependentOn="88">Customer Disputing Upgrade Offer.</LISTITEM>
    </LISTITEMS>
  </ListBox>
  <DropDownList>
    <Label>
      <Text>Price Plan</Text>
    </Label>
    <ControlID>2</ControlID>
    <ControlType>Basic</ControlType>
    <FieldID>ddl_4DropDown</FieldID>
    <Title>Price Plan</Title>
    <DependentID>
    </DependentID>
    <X-Pos>518</X-Pos>
    <Y-Pos>87</Y-Pos>
    <Width>200</Width>
    <IsRequired>False</IsRequired>
    <IsManageable>True</IsManageable>
    <IsPostBack>False</IsPostBack>
    <Dependency>False</Dependency>
    <IsWrap>True</IsWrap>
    <PreWrap>Price Plan</PreWrap>
    <PostWrap>
    </PostWrap>
    <PrevRef>
    </PrevRef>
    <DataSource>XML</DataSource>
    <LISTITEMS>
      <LISTITEM Id="4" value="" DependentOn="0">BB 0.5 GB</LISTITEM>
      <LISTITEM Id="5" value="" DependentOn="0">BB LITE</LISTITEM>
      <LISTITEM Id="8" value="" DependentOn="0">BB PLUS</LISTITEM>
      <LISTITEM Id="9" value="" DependentOn="0">BB 5 GB</LISTITEM>
      <LISTITEM Id="11" value="" DependentOn="0">BB 15 GB</LISTITEM>
      <LISTITEM Id="12" value="" DependentOn="0">BB Max</LISTITEM>
      <LISTITEM Id="13" value="" DependentOn="0">iPad 1GB</LISTITEM>
      <LISTITEM Id="14" value="" DependentOn="0">iPad 10GB</LISTITEM>
    </LISTITEMS>
  </DropDownList>
  <DropDownList>
    <Label>
      <Text>Device</Text>
    </Label>
    <ControlID>2</ControlID>
    <ControlType>Basic</ControlType>
    <FieldID>ddl_5DropDown</FieldID>
    <Title>Device</Title>
    <DependentID>
    </DependentID>
    <X-Pos>717</X-Pos>
    <Y-Pos>183</Y-Pos>
    <Width>200</Width>
    <IsRequired>False</IsRequired>
    <IsManageable>True</IsManageable>
    <IsPostBack>False</IsPostBack>
    <Dependency>False</Dependency>
    <IsWrap>True</IsWrap>
    <PreWrap>Device</PreWrap>
    <PostWrap>
    </PostWrap>
    <PrevRef>
    </PrevRef>
    <DataSource>XML</DataSource>
    <LISTITEMS>
      <LISTITEM Id="7" value="" DependentOn="0">Huawei E1750</LISTITEM>
      <LISTITEM Id="10" value="" DependentOn="0">Huawei E122</LISTITEM>
      <LISTITEM Id="11" value="" DependentOn="0">Huawei E585 (New MiFi)</LISTITEM>
      <LISTITEM Id="12" value="" DependentOn="0">Huawei E5830(MiFi)</LISTITEM>
      <LISTITEM Id="13" value="" DependentOn="0">ZTE MF112</LISTITEM>
    </LISTITEMS>
  </DropDownList>
  <DropDownList>
    <Label>
      <Text>Laptop</Text>
    </Label>
    <ControlID>2</ControlID>
    <ControlType>Basic</ControlType>
    <FieldID>ddl_6DropDown</FieldID>
    <Title>Laptop</Title>
    <DependentID>
    </DependentID>
    <X-Pos>127</X-Pos>
    <Y-Pos>395</Y-Pos>
    <Width>200</Width>
    <IsRequired>False</IsRequired>
    <IsManageable>True</IsManageable>
    <IsPostBack>False</IsPostBack>
    <Dependency>False</Dependency>
    <IsWrap>True</IsWrap>
    <PreWrap>Laptop</PreWrap>
    <PostWrap>
    </PostWrap>
    <PrevRef>
    </PrevRef>
    <DataSource>XML</DataSource>
    <LISTITEMS>
      <LISTITEM Id="18" value="" DependentOn="0">Samsung R530</LISTITEM>
      <LISTITEM Id="20" value="" DependentOn="0">Acer D260</LISTITEM>
      <LISTITEM Id="21" value="" DependentOn="0">Samsung N150</LISTITEM>
      <LISTITEM Id="22" value="" DependentOn="0">Samsung 230+DVD</LISTITEM>
      <LISTITEM Id="23" value="" DependentOn="0">Samsung Q330</LISTITEM>
      <LISTITEM Id="25" value="" DependentOn="0">Samsung R730 DC</LISTITEM>
      <LISTITEM Id="26" value="" DependentOn="0">Samsung R730 i3</LISTITEM>
      <LISTITEM Id="27" value="" DependentOn="0">Toshiba Pro c650</LISTITEM>
      <LISTITEM Id="28" value="" DependentOn="0">Compaq CQ56</LISTITEM>
      <LISTITEM Id="29" value="" DependentOn="0">Sony JOE</LISTITEM>
    </LISTITEMS>
  </DropDownList>
  <TextBox>
    <Label>
      <Text>Calling number</Text>
    </Label>
    <ControlID>1</ControlID>
    <ControlType>Basic</ControlType>
    <FieldID>txt_2TextBox</FieldID>
    <Title>Calling number</Title>
    <X-Pos>832</X-Pos>
    <Y-Pos>84</Y-Pos>
    <Width>200</Width>
    <IsRequired>True</IsRequired>
    <IsPostBack>False</IsPostBack>
    <IsWrap>True</IsWrap>
    <PreWrap>
    </PreWrap>
    <PostWrap>
    </PostWrap>
    <TextMode>Singleline</TextMode>
    <IsType>Numeric</IsType>
    <MaxLength>20</MaxLength>
    <Dependency>
    </Dependency>
    <PrevRef>
    </PrevRef>
    <DependentID>
    </DependentID>
  </TextBox>
  <DataScript>
    <IsUpdated>False</IsUpdated>
    <Array>
    </Array>
  </DataScript>
</FORMS>