﻿<?xml version="1.0" encoding="utf-8"?>
<FORMS xmlns:xsi="http://www.w3.org/2001/XMLSchema-instance" FormID="47" VersionName="4.4">
  <TextBox>
    <Label>
      <Text>MSISDN</Text>
    </Label>
    <ControlID>1</ControlID>
    <ControlType>Basic</ControlType>
    <FieldID>txt_0TextBox</FieldID>
    <Title>MSISDN</Title>
    <X-Pos>4</X-Pos>
    <Y-Pos>1</Y-Pos>
    <Width>200</Width>
    <IsRequired>True</IsRequired>
    <IsPostBack>False</IsPostBack>
    <IsWrap>False</IsWrap>
    <PreWrap>
    </PreWrap>
    <PostWrap>
    </PostWrap>
    <TextMode>Singleline</TextMode>
    <IsType>Numeric</IsType>
    <MaxLength>12</MaxLength>
    <Dependency>
    </Dependency>
    <PrevRef>
    </PrevRef>
    <DependentID>
    </DependentID>
  </TextBox>
  <TextBox>
    <Label>
      <Text>Ban</Text>
    </Label>
    <ControlID>1</ControlID>
    <ControlType>Basic</ControlType>
    <FieldID>txt_1TextBox</FieldID>
    <Title>Ban</Title>
    <X-Pos>226</X-Pos>
    <Y-Pos>1</Y-Pos>
    <Width>200</Width>
    <IsRequired>True</IsRequired>
    <IsPostBack>False</IsPostBack>
    <IsWrap>True</IsWrap>
    <PreWrap>Ban:</PreWrap>
    <PostWrap>DPA DONE. Out called customer regarding an upgrade and offered the below mentioned upgarde:-</PostWrap>
    <TextMode>Singleline</TextMode>
    <IsType>Numeric</IsType>
    <MaxLength>10</MaxLength>
    <Dependency>
    </Dependency>
    <PrevRef>
    </PrevRef>
    <DependentID>
    </DependentID>
  </TextBox>
  <TextBox>
    <Label>
      <Text>Customer Name</Text>
    </Label>
    <ControlID>1</ControlID>
    <ControlType>Basic</ControlType>
    <FieldID>txt_2TextBox</FieldID>
    <Title>Customer Name</Title>
    <X-Pos>437</X-Pos>
    <Y-Pos>1</Y-Pos>
    <Width>200</Width>
    <IsRequired>True</IsRequired>
    <IsPostBack>False</IsPostBack>
    <IsWrap>False</IsWrap>
    <PreWrap>
    </PreWrap>
    <PostWrap>
    </PostWrap>
    <TextMode>Singleline</TextMode>
    <IsType>Alphabet</IsType>
    <MaxLength>100</MaxLength>
    <Dependency>
    </Dependency>
    <PrevRef>
    </PrevRef>
    <DependentID>
    </DependentID>
  </TextBox>
  <DropDownList>
    <Label>
      <Text>Customer Value</Text>
    </Label>
    <ControlID>2</ControlID>
    <ControlType>Basic</ControlType>
    <FieldID>ddl_0DropDown</FieldID>
    <Title>Customer Value</Title>
    <DependentID>
    </DependentID>
    <X-Pos>713</X-Pos>
    <Y-Pos>1</Y-Pos>
    <Width>200</Width>
    <IsRequired>True</IsRequired>
    <IsManageable>True</IsManageable>
    <IsPostBack>False</IsPostBack>
    <Dependency>False</Dependency>
    <IsWrap>False</IsWrap>
    <PreWrap>
    </PreWrap>
    <PostWrap>
    </PostWrap>
    <PrevRef>
    </PrevRef>
    <DataSource>XML</DataSource>
    <LISTITEMS>
      <LISTITEM Id="1" value="" DependentOn="0">H3</LISTITEM>
      <LISTITEM Id="2" value="" DependentOn="0">H2</LISTITEM>
      <LISTITEM Id="3" value="" DependentOn="0">H1</LISTITEM>
      <LISTITEM Id="4" value="" DependentOn="0">H0</LISTITEM>
      <LISTITEM Id="5" value="" DependentOn="0">M1</LISTITEM>
      <LISTITEM Id="6" value="" DependentOn="0">M0</LISTITEM>
      <LISTITEM Id="7" value="" DependentOn="0">L1</LISTITEM>
      <LISTITEM Id="8" value="" DependentOn="0">L2</LISTITEM>
      <LISTITEM Id="9" value="" DependentOn="0">L3</LISTITEM>
      <LISTITEM Id="10" value="" DependentOn="0">L4</LISTITEM>
    </LISTITEMS>
  </DropDownList>
  <DropDownList>
    <Label>
      <Text>Tariff</Text>
    </Label>
    <ControlID>2</ControlID>
    <ControlType>Basic</ControlType>
    <FieldID>ddl_1DropDown</FieldID>
    <Title>Tariff</Title>
    <DependentID>
    </DependentID>
    <X-Pos>1</X-Pos>
    <Y-Pos>67</Y-Pos>
    <Width>200</Width>
    <IsRequired>True</IsRequired>
    <IsManageable>True</IsManageable>
    <IsPostBack>False</IsPostBack>
    <Dependency>False</Dependency>
    <IsWrap>True</IsWrap>
    <PreWrap>Tariff: </PreWrap>
    <PostWrap>.</PostWrap>
    <PrevRef>
    </PrevRef>
    <DataSource>XML</DataSource>
    <LISTITEMS>
      <LISTITEM Id="7" value="" DependentOn="0">£15 Talker</LISTITEM>
      <LISTITEM Id="8" value="" DependentOn="0">£15 Texter</LISTITEM>
      <LISTITEM Id="9" value="" DependentOn="0">£20 Texter</LISTITEM>
      <LISTITEM Id="10" value="" DependentOn="0">Direct Talker 1000</LISTITEM>
      <LISTITEM Id="11" value="" DependentOn="0">Direct Text 1400</LISTITEM>
      <LISTITEM Id="12" value="" DependentOn="0">Direct Text 950</LISTITEM>
      <LISTITEM Id="13" value="" DependentOn="0">Direct Texter 1400</LISTITEM>
      <LISTITEM Id="14" value="" DependentOn="0">Direct VTT1000</LISTITEM>
      <LISTITEM Id="15" value="" DependentOn="0">Direct VTT500</LISTITEM>
      <LISTITEM Id="16" value="" DependentOn="0">TT200</LISTITEM>
      <LISTITEM Id="17" value="" DependentOn="0">TT600</LISTITEM>
      <LISTITEM Id="18" value="" DependentOn="0">TT900</LISTITEM>
      <LISTITEM Id="19" value="" DependentOn="0">VTT1100</LISTITEM>
      <LISTITEM Id="20" value="" DependentOn="0">VTT1300</LISTITEM>
      <LISTITEM Id="21" value="" DependentOn="0">VTT2600</LISTITEM>
      <LISTITEM Id="22" value="" DependentOn="0">VTT350</LISTITEM>
      <LISTITEM Id="23" value="" DependentOn="0">VTT700</LISTITEM>
      <LISTITEM Id="24" value="" DependentOn="0">£25 Texter</LISTITEM>
      <LISTITEM Id="25" value="" DependentOn="0">£35 Texter</LISTITEM>
      <LISTITEM Id="26" value="" DependentOn="0">Sim £10</LISTITEM>
      <LISTITEM Id="27" value="" DependentOn="0">Sim £15</LISTITEM>
      <LISTITEM Id="28" value="" DependentOn="0">Personalised Plan</LISTITEM>
      <LISTITEM Id="29" value="" DependentOn="0">Video Talk 500 Plus</LISTITEM>
      <LISTITEM Id="30" value="" DependentOn="0">VideoTalk 500</LISTITEM>
      <LISTITEM Id="31" value="" DependentOn="0">VideoTalk750</LISTITEM>
      <LISTITEM Id="32" value="" DependentOn="0">Direct Text 675</LISTITEM>
      <LISTITEM Id="33" value="" DependentOn="0">Music TT700</LISTITEM>
      <LISTITEM Id="34" value="" DependentOn="0">Off Peak 1000</LISTITEM>
      <LISTITEM Id="35" value="" DependentOn="0">Off Peak 3000</LISTITEM>
      <LISTITEM Id="36" value="" DependentOn="0">Web TT700</LISTITEM>
      <LISTITEM Id="37" value="" DependentOn="0">Sim £0</LISTITEM>
      <LISTITEM Id="38" value="" DependentOn="0">£25 Internet Texter</LISTITEM>
      <LISTITEM Id="39" value="" DependentOn="0">£35 Internet Texter</LISTITEM>
      <LISTITEM Id="40" value="" DependentOn="0">100 Internet Talker</LISTITEM>
      <LISTITEM Id="41" value="" DependentOn="0">300 Internet Talker</LISTITEM>
      <LISTITEM Id="42" value="" DependentOn="0">500 Internet Talker</LISTITEM>
      <LISTITEM Id="43" value="" DependentOn="0">900 Internet Talker</LISTITEM>
      <LISTITEM Id="44" value="" DependentOn="0">100 Internet Texter</LISTITEM>
      <LISTITEM Id="45" value="" DependentOn="0">300 Internet Texter</LISTITEM>
      <LISTITEM Id="46" value="" DependentOn="0">500 Internet Texter</LISTITEM>
      <LISTITEM Id="47" value="" DependentOn="0">900 Internet Texter</LISTITEM>
      <LISTITEM Id="48" value="" DependentOn="0">100 Talker</LISTITEM>
      <LISTITEM Id="49" value="" DependentOn="0">300 Talker</LISTITEM>
      <LISTITEM Id="50" value="" DependentOn="0">500 Talker</LISTITEM>
      <LISTITEM Id="51" value="" DependentOn="0">900 Talker</LISTITEM>
      <LISTITEM Id="52" value="" DependentOn="0">100 Texter</LISTITEM>
      <LISTITEM Id="53" value="" DependentOn="0">300 Texter</LISTITEM>
      <LISTITEM Id="54" value="" DependentOn="0">500 Texter</LISTITEM>
      <LISTITEM Id="55" value="" DependentOn="0">900 Texter</LISTITEM>
      <LISTITEM Id="56" value="" DependentOn="0">Internet Talker 1200</LISTITEM>
      <LISTITEM Id="57" value="" DependentOn="0">The One Plan 24m</LISTITEM>
      <LISTITEM Id="58" value="" DependentOn="0">£15 Text</LISTITEM>
      <LISTITEM Id="59" value="" DependentOn="0">£20 Text</LISTITEM>
      <LISTITEM Id="60" value="" DependentOn="0">The One Plan 18m</LISTITEM>
      <LISTITEM Id="61" value="" DependentOn="0">The One Plan 12m sim only</LISTITEM>
      <LISTITEM Id="62" value="" DependentOn="0">SIM 300 - 12 Month</LISTITEM>
      <LISTITEM Id="63" value="" DependentOn="0">SIM 600 - 1 Month</LISTITEM>
      <LISTITEM Id="64" value="" DependentOn="0">SIM 600 - 12 Month</LISTITEM>
      <LISTITEM Id="65" value="" DependentOn="0">The One Plan 18(Ret)</LISTITEM>
    </LISTITEMS>
  </DropDownList>
  <DropDownList>
    <Label>
      <Text>Loyalty Discount</Text>
    </Label>
    <ControlID>2</ControlID>
    <ControlType>Basic</ControlType>
    <FieldID>ddl_2DropDown</FieldID>
    <Title>Loyalty Discount</Title>
    <DependentID>
    </DependentID>
    <X-Pos>1</X-Pos>
    <Y-Pos>126</Y-Pos>
    <Width>200</Width>
    <IsRequired>False</IsRequired>
    <IsManageable>True</IsManageable>
    <IsPostBack>False</IsPostBack>
    <Dependency>False</Dependency>
    <IsWrap>True</IsWrap>
    <PreWrap>
    </PreWrap>
    <PostWrap>.</PostWrap>
    <PrevRef>
    </PrevRef>
    <DataSource>XML</DataSource>
    <LISTITEMS>
      <LISTITEM Id="1" value="" DependentOn="0">£1 Existing LD Carried Forward</LISTITEM>
      <LISTITEM Id="2" value="" DependentOn="0">£2 Existing LD Carried Forward</LISTITEM>
      <LISTITEM Id="3" value="" DependentOn="0">£3 Existing LD Carried Forward</LISTITEM>
      <LISTITEM Id="4" value="" DependentOn="0">£4 Existing LD Carried Forward</LISTITEM>
      <LISTITEM Id="5" value="" DependentOn="0">£5 Existing LD Carried Forward</LISTITEM>
      <LISTITEM Id="6" value="" DependentOn="0">£6 Existing LD Carried Forward</LISTITEM>
      <LISTITEM Id="7" value="" DependentOn="0">£7 Existing LD Carried Forward</LISTITEM>
      <LISTITEM Id="8" value="" DependentOn="0">£8 Existing LD Carried Forward</LISTITEM>
      <LISTITEM Id="9" value="" DependentOn="0">£9 Existing LD Carried Forward</LISTITEM>
      <LISTITEM Id="10" value="" DependentOn="0">£10 Existing LD Carried Forward</LISTITEM>
      <LISTITEM Id="11" value="" DependentOn="0">£11 Existing LD Carried Forward</LISTITEM>
      <LISTITEM Id="12" value="" DependentOn="0">£12 Existing LD Carried Forward</LISTITEM>
      <LISTITEM Id="13" value="" DependentOn="0">£13 Existing LD Carried Forward</LISTITEM>
      <LISTITEM Id="14" value="" DependentOn="0">£14 Existing LD Carried Forward</LISTITEM>
      <LISTITEM Id="15" value="" DependentOn="0">£15 Existing LD Carried Forward</LISTITEM>
      <LISTITEM Id="16" value="" DependentOn="0">£16 Existing LD Carried Forward</LISTITEM>
      <LISTITEM Id="17" value="" DependentOn="0">£17 Existing LD Carried Forward</LISTITEM>
      <LISTITEM Id="18" value="" DependentOn="0">£18 Existing LD Carried Forward</LISTITEM>
      <LISTITEM Id="19" value="" DependentOn="0">£19 Existing LD Carried Forward</LISTITEM>
      <LISTITEM Id="20" value="" DependentOn="0">£20 Existing LD Carried Forward</LISTITEM>
      <LISTITEM Id="21" value="" DependentOn="0">£21 Existing LD Carried Forward</LISTITEM>
      <LISTITEM Id="22" value="" DependentOn="0">£22 Existing LD Carried Forward</LISTITEM>
      <LISTITEM Id="23" value="" DependentOn="0">£23 Existing LD Carried Forward</LISTITEM>
      <LISTITEM Id="24" value="" DependentOn="0">£24 Existing LD Carried Forward</LISTITEM>
      <LISTITEM Id="25" value="" DependentOn="0">£25 Existing LD Carried Forward</LISTITEM>
      <LISTITEM Id="26" value="" DependentOn="0">25% Recurring Discount</LISTITEM>
      <LISTITEM Id="27" value="" DependentOn="0">£3 LD</LISTITEM>
    </LISTITEMS>
  </DropDownList>
  <DropDownList>
    <Label>
      <Text>Video Pack</Text>
    </Label>
    <ControlID>2</ControlID>
    <ControlType>Basic</ControlType>
    <FieldID>ddl_3DropDown</FieldID>
    <Title>Video Pack</Title>
    <DependentID>
    </DependentID>
    <X-Pos>1</X-Pos>
    <Y-Pos>189</Y-Pos>
    <Width>200</Width>
    <IsRequired>False</IsRequired>
    <IsManageable>True</IsManageable>
    <IsPostBack>False</IsPostBack>
    <Dependency>False</Dependency>
    <IsWrap>True</IsWrap>
    <PreWrap>
    </PreWrap>
    <PostWrap>.</PostWrap>
    <PrevRef>
    </PrevRef>
    <DataSource>XML</DataSource>
    <LISTITEMS>
      <LISTITEM Id="1" value="" DependentOn="0">£2 Handset Combination</LISTITEM>
      <LISTITEM Id="2" value="" DependentOn="0">£3 Handset Combination</LISTITEM>
      <LISTITEM Id="3" value="" DependentOn="0">£4 Handset Combination</LISTITEM>
      <LISTITEM Id="4" value="" DependentOn="0">£5 Handset Combination</LISTITEM>
      <LISTITEM Id="5" value="" DependentOn="0">£6 Handset Combination</LISTITEM>
      <LISTITEM Id="6" value="" DependentOn="0">£7 Handset Combination</LISTITEM>
      <LISTITEM Id="7" value="" DependentOn="0">£8 Handset Combination</LISTITEM>
      <LISTITEM Id="8" value="" DependentOn="0">£9 Handset Combination</LISTITEM>
      <LISTITEM Id="9" value="" DependentOn="0">£10 Handset Combination</LISTITEM>
      <LISTITEM Id="10" value="" DependentOn="0">£11 Handset Combination</LISTITEM>
      <LISTITEM Id="11" value="" DependentOn="0">£12 Handset Combination</LISTITEM>
      <LISTITEM Id="12" value="" DependentOn="0">£13 Handset Combination</LISTITEM>
      <LISTITEM Id="13" value="" DependentOn="0">£14 Handset Combination</LISTITEM>
      <LISTITEM Id="14" value="" DependentOn="0">£15 Handset Combination</LISTITEM>
      <LISTITEM Id="15" value="" DependentOn="0">£16 Handset Combination</LISTITEM>
      <LISTITEM Id="16" value="" DependentOn="0">£17 Handset Combination</LISTITEM>
      <LISTITEM Id="17" value="" DependentOn="0">£18 Handset Combination</LISTITEM>
      <LISTITEM Id="18" value="" DependentOn="0">£19 Handset Combination</LISTITEM>
      <LISTITEM Id="19" value="" DependentOn="0">£20 Handset Combination</LISTITEM>
      <LISTITEM Id="20" value="" DependentOn="0">£21 Handset Combination</LISTITEM>
      <LISTITEM Id="21" value="" DependentOn="0">£22 Handset Combination</LISTITEM>
      <LISTITEM Id="22" value="" DependentOn="0">£23 Handset Combination</LISTITEM>
      <LISTITEM Id="23" value="" DependentOn="0">£24 Handset Combination</LISTITEM>
      <LISTITEM Id="24" value="" DependentOn="0">£25 Handset Combination</LISTITEM>
      <LISTITEM Id="25" value="" DependentOn="0">£1 Handset Combination</LISTITEM>
    </LISTITEMS>
  </DropDownList>
  <DropDownList>
    <Label>
      <Text>Handset</Text>
    </Label>
    <ControlID>2</ControlID>
    <ControlType>Basic</ControlType>
    <FieldID>ddl_4DropDown</FieldID>
    <Title>Handset</Title>
    <DependentID>
    </DependentID>
    <X-Pos>1</X-Pos>
    <Y-Pos>305</Y-Pos>
    <Width>200</Width>
    <IsRequired>True</IsRequired>
    <IsManageable>True</IsManageable>
    <IsPostBack>False</IsPostBack>
    <Dependency>False</Dependency>
    <IsWrap>True</IsWrap>
    <PreWrap>Handset: </PreWrap>
    <PostWrap>.</PostWrap>
    <PrevRef>
    </PrevRef>
    <DataSource>XML</DataSource>
    <LISTITEMS>
      <LISTITEM Id="1" value="" DependentOn="0">Blackberry Bold</LISTITEM>
      <LISTITEM Id="3" value="" DependentOn="0">INQ</LISTITEM>
      <LISTITEM Id="9" value="" DependentOn="0">No Handset</LISTITEM>
      <LISTITEM Id="18" value="" DependentOn="0">Nokia E71</LISTITEM>
      <LISTITEM Id="19" value="" DependentOn="0">Nokia E63</LISTITEM>
      <LISTITEM Id="28" value="" DependentOn="0">Samsung S8300</LISTITEM>
      <LISTITEM Id="49" value="" DependentOn="0">SEM W995</LISTITEM>
      <LISTITEM Id="52" value="" DependentOn="0">Nokia N97</LISTITEM>
      <LISTITEM Id="53" value="" DependentOn="0">Skypephone S1</LISTITEM>
      <LISTITEM Id="54" value="" DependentOn="0">Skypephone S2</LISTITEM>
      <LISTITEM Id="57" value="" DependentOn="0">Nokia N86</LISTITEM>
      <LISTITEM Id="59" value="" DependentOn="0">SEM T715</LISTITEM>
      <LISTITEM Id="60" value="" DependentOn="0">Samsung S5600</LISTITEM>
      <LISTITEM Id="61" value="" DependentOn="0">Nokia 2730</LISTITEM>
      <LISTITEM Id="62" value="" DependentOn="0">SEM Satio</LISTITEM>
      <LISTITEM Id="63" value="" DependentOn="0">Apple iPhone 3G 8GB</LISTITEM>
      <LISTITEM Id="64" value="" DependentOn="0">BlackBerry Onyx 9700</LISTITEM>
      <LISTITEM Id="65" value="" DependentOn="0">HTC Hero</LISTITEM>
      <LISTITEM Id="66" value="" DependentOn="0">Nokia 5230</LISTITEM>
      <LISTITEM Id="67" value="" DependentOn="0">LG GW520</LISTITEM>
      <LISTITEM Id="68" value="" DependentOn="0">Nokia X6</LISTITEM>
      <LISTITEM Id="69" value="" DependentOn="0">Iphone 3GS</LISTITEM>
      <LISTITEM Id="70" value="" DependentOn="0">SEM Vivaz</LISTITEM>
      <LISTITEM Id="71" value="" DependentOn="0">SEM Xperia X10</LISTITEM>
      <LISTITEM Id="72" value="" DependentOn="0">Samsung i5700</LISTITEM>
      <LISTITEM Id="73" value="" DependentOn="0">iphone 3GS 16GB</LISTITEM>
      <LISTITEM Id="74" value="" DependentOn="0">iphone 3GS 32GB</LISTITEM>
      <LISTITEM Id="75" value="" DependentOn="0">Nokia 6700 Slider</LISTITEM>
      <LISTITEM Id="76" value="" DependentOn="0">HTC Desire</LISTITEM>
      <LISTITEM Id="77" value="" DependentOn="0">Nokia E72</LISTITEM>
      <LISTITEM Id="78" value="" DependentOn="0">SEM X10 Mini</LISTITEM>
      <LISTITEM Id="79" value="" DependentOn="0">Samsung S8500</LISTITEM>
      <LISTITEM Id="80" value="" DependentOn="0">LG Viewty GT405</LISTITEM>
      <LISTITEM Id="81" value="" DependentOn="0">iPhone 4 32GB</LISTITEM>
      <LISTITEM Id="82" value="" DependentOn="0">iPhone 4 16GB</LISTITEM>
      <LISTITEM Id="83" value="" DependentOn="0">I phone 3GS 8GB</LISTITEM>
      <LISTITEM Id="84" value="" DependentOn="0">Samsung galaxy S i9000</LISTITEM>
      <LISTITEM Id="85" value="" DependentOn="0">Sony Ericsson Zylo</LISTITEM>
      <LISTITEM Id="86" value="" DependentOn="0">No Handset - SIM Only</LISTITEM>
      <LISTITEM Id="87" value="" DependentOn="0">SEM X10 Mini Pro</LISTITEM>
      <LISTITEM Id="88" value="" DependentOn="0">HTC Wildfire</LISTITEM>
      <LISTITEM Id="89" value="" DependentOn="0">SEM Hazel</LISTITEM>
      <LISTITEM Id="90" value="" DependentOn="0">Nokia N8</LISTITEM>
      <LISTITEM Id="91" value="" DependentOn="0">Blackberry Curve</LISTITEM>
      <LISTITEM Id="92" value="" DependentOn="0">Blackberry Torch</LISTITEM>
      <LISTITEM Id="93" value="" DependentOn="0">Blackberry Pearl</LISTITEM>
      <LISTITEM Id="94" value="" DependentOn="0">nokia e5</LISTITEM>
      <LISTITEM Id="95" value="" DependentOn="0">Samsung Europa Lite</LISTITEM>
      <LISTITEM Id="96" value="" DependentOn="0">HTC Desire HD</LISTITEM>
      <LISTITEM Id="97" value="" DependentOn="0">nokia c7</LISTITEM>
      <LISTITEM Id="98" value="" DependentOn="0">LG Optimus One</LISTITEM>
    </LISTITEMS>
  </DropDownList>
  <TextBox>
    <Label>
      <Text>Handest Colour</Text>
    </Label>
    <ControlID>1</ControlID>
    <ControlType>Basic</ControlType>
    <FieldID>txt_4TextBox</FieldID>
    <Title>Handest Colour</Title>
    <X-Pos>4</X-Pos>
    <Y-Pos>361</Y-Pos>
    <Width>200</Width>
    <IsRequired>False</IsRequired>
    <IsPostBack>False</IsPostBack>
    <IsWrap>True</IsWrap>
    <PreWrap>Handset Colour : </PreWrap>
    <PostWrap>.</PostWrap>
    <TextMode>Multiline</TextMode>
    <IsType>AlphaNumeric</IsType>
    <MaxLength>20</MaxLength>
    <Dependency>
    </Dependency>
    <PrevRef>
    </PrevRef>
    <DependentID>
    </DependentID>
  </TextBox>
  <TextBox>
    <Label>
      <Text>Handset Delivery Date</Text>
    </Label>
    <ControlID>1</ControlID>
    <ControlType>Basic</ControlType>
    <FieldID>txt_5TextBox</FieldID>
    <Title>Handset Delivery Date</Title>
    <X-Pos>288</X-Pos>
    <Y-Pos>361</Y-Pos>
    <Width>200</Width>
    <IsRequired>False</IsRequired>
    <IsPostBack>False</IsPostBack>
    <IsWrap>True</IsWrap>
    <PreWrap>Informed that the handset would reach by DPD on </PreWrap>
    <PostWrap>.</PostWrap>
    <TextMode>Multiline</TextMode>
    <IsType>AlphaNumeric</IsType>
    <MaxLength>20</MaxLength>
    <Dependency>
    </Dependency>
    <PrevRef>
    </PrevRef>
    <DependentID>
    </DependentID>
  </TextBox>
  <CC1EmployeesDropDown>
    <Label>
      <Text>Advisor Name</Text>
    </Label>
    <ControlID>8</ControlID>
    <ControlType>Custom</ControlType>
    <FieldID>cc_0DropDown</FieldID>
    <Title>Advisor Name</Title>
    <X-Pos>5</X-Pos>
    <Y-Pos>482</Y-Pos>
    <Width>
    </Width>
    <IsRequired>True</IsRequired>
    <IsManageable>False</IsManageable>
    <IsPostBack>False</IsPostBack>
    <IsWrap>True</IsWrap>
    <PreWrap>Informed about handset delivery charge of £1.95. </PreWrap>
    <PostWrap>OLAR:Out Bound Retention, Mumbai.</PostWrap>
    <DataSource>DB</DataSource>
    <SkillSets>
      <SkillSet Id="127">Customer Service - Outbound Retention</SkillSet>
      <SkillSet Id="176">Customer Service - OBR OLAR</SkillSet>
      <SkillSet Id="254">Customer Service - OBR 3 Day Saves</SkillSet>
    </SkillSets>
    <CostCentres>
      <CostCentre Id="1">UK-India</CostCentre>
    </CostCentres>
  </CC1EmployeesDropDown>
  <ListBox>
    <Label>
      <Text>Offer codes</Text>
    </Label>
    <ControlID>5</ControlID>
    <ControlType>Basic</ControlType>
    <FieldID>lb_0ListBox</FieldID>
    <Title>Offer codes</Title>
    <DependentID>
    </DependentID>
    <X-Pos>315</X-Pos>
    <Y-Pos>83</Y-Pos>
    <Width>100</Width>
    <IsRequired>True</IsRequired>
    <IsManageable>True</IsManageable>
    <IsPostBack>False</IsPostBack>
    <Dependency>False</Dependency>
    <IsWrap>True</IsWrap>
    <PreWrap>Offer Code </PreWrap>
    <PostWrap>
    </PostWrap>
    <PrevRef>
    </PrevRef>
    <DataSource>XML</DataSource>
    <LISTITEMS>
      <LISTITEM Id="1" value="" DependentOn="0">OF161- Website Offer – Handset Upgrade – 12 Months</LISTITEM>
      <LISTITEM Id="2" value="" DependentOn="0">OF162- Website Offer – Handset Upgrade – 18 Months</LISTITEM>
      <LISTITEM Id="5" value="" DependentOn="0">OF180- T0- M&amp;M Handset Upgrade  (18m)</LISTITEM>
      <LISTITEM Id="8" value="" DependentOn="0">OF191- T0-Existing tariff Handset Only Upgrade (12</LISTITEM>
      <LISTITEM Id="9" value="" DependentOn="0">OF192- T0-Existing Tariff Handset Only Upgrade (18</LISTITEM>
      <LISTITEM Id="14" value="" DependentOn="0">OF199- T4-New Plan Required-Handset Only (18m)</LISTITEM>
      <LISTITEM Id="15" value="" DependentOn="0">OF200- T4 New Plan Required Handset Only (12m)</LISTITEM>
      <LISTITEM Id="16" value="" DependentOn="0">OF201- T4 M&amp;M Handset Upgrade (18m)</LISTITEM>
      <LISTITEM Id="17" value="" DependentOn="0">OF220- Virtual Bundle with Retention Add On</LISTITEM>
      <LISTITEM Id="19" value="" DependentOn="0">OF241- T0-12 Mth Acquisition Tariff upgrade</LISTITEM>
      <LISTITEM Id="20" value="" DependentOn="0">OF242- T0-18 Mth Acquisition Tariff upgrade</LISTITEM>
      <LISTITEM Id="27" value="" DependentOn="0">OF249- T4-12 Mth Acquisition Tariff upgrade</LISTITEM>
      <LISTITEM Id="28" value="" DependentOn="0">OF250- T4-18 Mth Acquisition Tariff upgrade</LISTITEM>
      <LISTITEM Id="31" value="" DependentOn="0">OF254- T4 - M&amp;M to new M&amp;M upgrade</LISTITEM>
      <LISTITEM Id="32" value="" DependentOn="0">OF264- T4 - SIM only acquisition match</LISTITEM>
      <LISTITEM Id="33" value="" DependentOn="0">OF265- T4 - Affinity deals acquisition match</LISTITEM>
      <LISTITEM Id="34" value="" DependentOn="0">OF266- T4 - Different Tariff-MRC M&amp;M</LISTITEM>
      <LISTITEM Id="35" value="" DependentOn="0">OF267- T4 - Higher MRC-No disc-Tariff-Non M&amp;M--18m</LISTITEM>
      <LISTITEM Id="36" value="" DependentOn="0">OF272- T4 - Higher MRC-No disc-Tariff-Non M&amp;M-12m</LISTITEM>
      <LISTITEM Id="38" value="" DependentOn="0">OF420-T4 - Any to acquisition - lower MRC</LISTITEM>
      <LISTITEM Id="39" value="" DependentOn="0">OF280-T4 - Any to acquisition - same or higher MRC</LISTITEM>
      <LISTITEM Id="40" value="" DependentOn="0">OF410-T4 - Any to acquisition - same or higher MRC</LISTITEM>
      <LISTITEM Id="41" value="" DependentOn="0">OF277-T2 - Acquisition Match - Discounted M&amp;M 1100</LISTITEM>
      <LISTITEM Id="42" value="" DependentOn="0">OF460 Website Offer–Handset Upgrade–24 Months</LISTITEM>
      <LISTITEM Id="43" value="" DependentOn="0">OF227 Non Brown good Retentions special offer</LISTITEM>
      <LISTITEM Id="44" value="" DependentOn="0">OF490 - T0: 39 - 110 day upgrades</LISTITEM>
      <LISTITEM Id="45" value="" DependentOn="0">OF491 - T4: 39 - 110 day upgrades</LISTITEM>
      <LISTITEM Id="46" value="" DependentOn="0">OF492 - 39 - 110 day upgrades: Sim 10</LISTITEM>
      <LISTITEM Id="47" value="" DependentOn="0">OF493 - 39 - 110 day upgrades: Sim 15</LISTITEM>
      <LISTITEM Id="48" value="" DependentOn="0">OF453 - SIM 15 &lt;38 Days</LISTITEM>
      <LISTITEM Id="49" value="" DependentOn="0">OF283 - SIM 12 &lt;38 Days</LISTITEM>
      <LISTITEM Id="50" value="" DependentOn="0">OF494 - Sim 12 (39-110 Days)</LISTITEM>
      <LISTITEM Id="51" value="" DependentOn="0">OF401 - Iphone 3GS</LISTITEM>
      <LISTITEM Id="52" value="" DependentOn="0">OF402 - 24 Month £25 Internet Texter</LISTITEM>
      <LISTITEM Id="53" value="" DependentOn="0">OF 198- T3- Existing Tariff Saves</LISTITEM>
      <LISTITEM Id="54" value="" DependentOn="0">OF501 T0 - MM to New Plan 18M (&lt;= 38days)</LISTITEM>
      <LISTITEM Id="55" value="" DependentOn="0">OF502 T4 - MM to New Plan 18M (&lt;= 38days)</LISTITEM>
      <LISTITEM Id="56" value="" DependentOn="0">OF503 T0- Non MM to New Plan 18M (&lt;=38days)</LISTITEM>
      <LISTITEM Id="57" value="" DependentOn="0">OF504 T4- Non MM to New Plan 18M (&lt;=38days)</LISTITEM>
      <LISTITEM Id="58" value="" DependentOn="0">OF507 T0 - MM to New Plan 18M (39-110 days)</LISTITEM>
      <LISTITEM Id="59" value="" DependentOn="0">OF508 T4 - MM to New Plan 18M (39-110 days)</LISTITEM>
      <LISTITEM Id="60" value="" DependentOn="0">OF509 T0- Non MM to New Plan 18M (39-110 days)</LISTITEM>
      <LISTITEM Id="61" value="" DependentOn="0">OF510 T4- Non MM to New Plan 18M (39-110 days)</LISTITEM>
      <LISTITEM Id="62" value="" DependentOn="0">OF513 T1 - New Plan 18M</LISTITEM>
      <LISTITEM Id="63" value="" DependentOn="0">OF514 T2 - New Plan 18M</LISTITEM>
      <LISTITEM Id="64" value="" DependentOn="0">OF515 T3 - New Plan 18M</LISTITEM>
      <LISTITEM Id="65" value="" DependentOn="0">OF516 T5 - New Plan 18M</LISTITEM>
      <LISTITEM Id="66" value="" DependentOn="0">OF551 T0 - MM to New Plan 24M (&lt;= 38days)</LISTITEM>
      <LISTITEM Id="67" value="" DependentOn="0">OF552 T4 - MM to New Plan 24M (&lt;= 38days)</LISTITEM>
      <LISTITEM Id="68" value="" DependentOn="0">OF553 T0- Non MM to New Plan 24M (&lt;=38days)</LISTITEM>
      <LISTITEM Id="69" value="" DependentOn="0">OF554 T4- Non MM to New Plan 24M (&lt;=38days)</LISTITEM>
      <LISTITEM Id="70" value="" DependentOn="0">OF557 T0 - MM to New Plan 24M (39-110 days)</LISTITEM>
      <LISTITEM Id="71" value="" DependentOn="0">OF558 T4 - MM to New Plan 24M (39-110 days)</LISTITEM>
      <LISTITEM Id="72" value="" DependentOn="0">OF559 T0- Non MM to New Plan 24M (39-110 days)</LISTITEM>
      <LISTITEM Id="73" value="" DependentOn="0">OF560 T4- Non MM to New Plan 24M (39-110 days)</LISTITEM>
      <LISTITEM Id="74" value="" DependentOn="0">OF563 T1 - New Plan 24M</LISTITEM>
      <LISTITEM Id="75" value="" DependentOn="0">OF564 T2 - New Plan 24M</LISTITEM>
      <LISTITEM Id="76" value="" DependentOn="0">OF565 T3 - New Plan 24M</LISTITEM>
      <LISTITEM Id="77" value="" DependentOn="0">OF566 T5 - New Plan 24M</LISTITEM>
      <LISTITEM Id="78" value="" DependentOn="0">OF286 T0 - Other/Non M&amp;M 24M</LISTITEM>
      <LISTITEM Id="79" value="" DependentOn="0">OF284- T4 350 comet voucher GWU</LISTITEM>
      <LISTITEM Id="80" value="" DependentOn="0">OF285- T4 250 comet voucher for GWU</LISTITEM>
      <LISTITEM Id="81" value="" DependentOn="0">OF226- Non Brown Goods</LISTITEM>
      <LISTITEM Id="82" value="" DependentOn="0">OF288 - T4 iPhone 4 0-38 days M&amp;M to new plan</LISTITEM>
      <LISTITEM Id="83" value="" DependentOn="0">OF289 - T4 iPhone 4 39-110 days M&amp;M to new plan</LISTITEM>
      <LISTITEM Id="84" value="" DependentOn="0">OF290-T4 iPhone 4 more than 110 days M&amp;M to new pl</LISTITEM>
      <LISTITEM Id="85" value="" DependentOn="0">OF291 - T4 iPhone 4 0-38 days non M&amp;M to new plan</LISTITEM>
      <LISTITEM Id="86" value="" DependentOn="0">OF292 -T4 iPhone 4 39-110 days non M&amp;M to new plan</LISTITEM>
      <LISTITEM Id="87" value="" DependentOn="0">OF293-T4 iPhone 4 more than 110 days non M&amp;M to ne</LISTITEM>
      <LISTITEM Id="88" value="" DependentOn="0">OF 580- T4-retention special deal</LISTITEM>
      <LISTITEM Id="89" value="" DependentOn="0">OF601 – T0 – 12M SIM Only £5 discount (0-38 days)</LISTITEM>
      <LISTITEM Id="90" value="" DependentOn="0">OF602 – T0 – 12M SIM Only £5 discount (39 - 110 da</LISTITEM>
      <LISTITEM Id="91" value="" DependentOn="0">OF578</LISTITEM>
      <LISTITEM Id="92" value="" DependentOn="0">OF 577</LISTITEM>
      <LISTITEM Id="93" value="" DependentOn="0">OF287 - T4 36 months I Phone plan 0 - 38 days</LISTITEM>
      <LISTITEM Id="94" value="" DependentOn="0">OF295 - T4 iphone: 39-110 days M&amp;M to The One Plan</LISTITEM>
      <LISTITEM Id="95" value="" DependentOn="0">OF561 - T4 36 months I Phone plan 39 - 110 days</LISTITEM>
      <LISTITEM Id="96" value="" DependentOn="0">OF562 - T4 36 months I Phone plan  more than 110 d</LISTITEM>
      <LISTITEM Id="97" value="" DependentOn="0">OF294 - T4 iphone: 0-38 days M&amp;M to The One Plan</LISTITEM>
      <LISTITEM Id="98" value="" DependentOn="0">OF297 - T4 iphone: 0-38 days non M&amp;M to The One Pl</LISTITEM>
      <LISTITEM Id="99" value="" DependentOn="0">OF577 - CPR/The One Plan to The one Plan (0 - 38 c</LISTITEM>
      <LISTITEM Id="100" value="" DependentOn="0">OF560 - CPR/The One Plan to CPR Plan (39-110 days)</LISTITEM>
      <LISTITEM Id="101" value="" DependentOn="0">OF298 - T4 iphone: 39-110 days non M&amp;M to The One</LISTITEM>
      <LISTITEM Id="102" value="" DependentOn="0">OF578 - CPR/The One Plan to The one Plan (39-110 d</LISTITEM>
      <LISTITEM Id="103" value="" DependentOn="0">OF290 - T4 iPhone 4 more than 110 days M&amp;M to new</LISTITEM>
      <LISTITEM Id="104" value="" DependentOn="0">OF293 - T4 iPhone 4 more than 110 days non M&amp;M to</LISTITEM>
      <LISTITEM Id="105" value="" DependentOn="0">OF554 - CPR/The One Plan to CPR Plan (more than 11</LISTITEM>
      <LISTITEM Id="106" value="" DependentOn="0">OF296 - T4 iphone: more than 110 days M&amp;M to The O</LISTITEM>
      <LISTITEM Id="107" value="" DependentOn="0">OF299 - T4 iphone:more than 110 days non M&amp;M to On</LISTITEM>
      <LISTITEM Id="108" value="" DependentOn="0">OF299 - CPR/The One Plan to The one Plan (more tha</LISTITEM>
      <LISTITEM Id="109" value="" DependentOn="0">OF581 - T4 Iphone 12mth plan 0-38 days</LISTITEM>
      <LISTITEM Id="110" value="" DependentOn="0">OF582 - T4 Iphone 12mth plan 39-110 days</LISTITEM>
      <LISTITEM Id="111" value="" DependentOn="0">OF581 - T4 Iphone 12mth plan more than 110 days</LISTITEM>
      <LISTITEM Id="112" value="" DependentOn="0">OF590  Iphone £25 500min bundle</LISTITEM>
      <LISTITEM Id="113" value="" DependentOn="0">OF591  Iphone £30 500min bundle</LISTITEM>
      <LISTITEM Id="114" value="" DependentOn="0">OF592 Iphone £35 500min bundle</LISTITEM>
      <LISTITEM Id="115" value="" DependentOn="0">OF593 Iphone £35 900min bundle</LISTITEM>
      <LISTITEM Id="116" value="" DependentOn="0">OF594 Iphone £35 One Plan bundle</LISTITEM>
      <LISTITEM Id="117" value="" DependentOn="0">OF595 Iphone £40 One Plan bundle</LISTITEM>
      <LISTITEM Id="118" value="" DependentOn="0">OF596 Iphone £45 One Plan bundle</LISTITEM>
      <LISTITEM Id="119" value="" DependentOn="0">OF597 Iphone 24mths drop MRC</LISTITEM>
      <LISTITEM Id="120" value="" DependentOn="0">OF598 Iphone 24mths drop upfront</LISTITEM>
      <LISTITEM Id="121" value="" DependentOn="0">OF599 Iphone 36mths drop MRC</LISTITEM>
      <LISTITEM Id="122" value="" DependentOn="0">OF600 Iphone 36mths drop upfront</LISTITEM>
      <LISTITEM Id="123" value="" DependentOn="0">OF ID 408 T4 - 12M SIM Plan 0-38 days</LISTITEM>
      <LISTITEM Id="124" value="" DependentOn="0">OF ID 409 T4 - 12M SIM Plan 39 - 110 days</LISTITEM>
      <LISTITEM Id="125" value="" DependentOn="0">OF ID 610 Iphone £25 500min bundle (39-110 days)</LISTITEM>
      <LISTITEM Id="126" value="" DependentOn="0">OF ID 611 Iphone £30 500min bundle (39-110 days)</LISTITEM>
      <LISTITEM Id="127" value="" DependentOn="0">OF ID 612 Iphone £35 500min bundle (39-110 days)</LISTITEM>
      <LISTITEM Id="128" value="" DependentOn="0">OF ID 613 Iphone £35 900min bundle (39-110 days)</LISTITEM>
      <LISTITEM Id="129" value="" DependentOn="0">OF ID 614 Iphone £35 One Plan bundle (39-110 days)</LISTITEM>
      <LISTITEM Id="130" value="" DependentOn="0">OF ID 615 Iphone £40 One Plan bundle (39-110 days)</LISTITEM>
      <LISTITEM Id="131" value="" DependentOn="0">OF ID 616 Iphone £45 One Plan bundle (39-110 days)</LISTITEM>
      <LISTITEM Id="132" value="" DependentOn="0">OF ID 617 Iphone 24mths drop MRC (39-110 days)</LISTITEM>
      <LISTITEM Id="133" value="" DependentOn="0">OF ID 618 Iphone 24mths drop upfront (39-110 days)</LISTITEM>
      <LISTITEM Id="134" value="" DependentOn="0">OF ID 619 Iphone 36mths drop MRC (39-110 days)</LISTITEM>
      <LISTITEM Id="135" value="" DependentOn="0">OF ID 620 Iphone 36mths drop upfront (39-110 days)</LISTITEM>
      <LISTITEM Id="136" value="" DependentOn="0">OF ID 621 Iphone £30 300min bundle</LISTITEM>
      <LISTITEM Id="137" value="" DependentOn="0">OF ID 622 Iphone £30 300min bundle (39-110 days)</LISTITEM>
      <LISTITEM Id="138" value="" DependentOn="0">OF ID 574 The one Plan - sim only 39-110 days</LISTITEM>
      <LISTITEM Id="139" value="" DependentOn="0">OF ID 573 The one Plan - sim only 0-38 days</LISTITEM>
      <LISTITEM Id="140" value="" DependentOn="0">OF406 - 0-38 SIM 600 1m Rolling contract</LISTITEM>
      <LISTITEM Id="141" value="" DependentOn="0">OFF ID 407 - 39-110 days  SIM 600</LISTITEM>
      <LISTITEM Id="142" value="" DependentOn="0">OF607 T4 - Early upgrade</LISTITEM>
      <LISTITEM Id="143" value="" DependentOn="0">OF608 T4 - Early upgrade offer</LISTITEM>
    </LISTITEMS>
  </ListBox>
  <TextBox>
    <Label>
      <Text>Retention Code</Text>
    </Label>
    <ControlID>1</ControlID>
    <ControlType>Basic</ControlType>
    <FieldID>txt_6TextBox</FieldID>
    <Title>Retention Code</Title>
    <X-Pos>4</X-Pos>
    <Y-Pos>422</Y-Pos>
    <Width>200</Width>
    <IsRequired>False</IsRequired>
    <IsPostBack>False</IsPostBack>
    <IsWrap>True</IsWrap>
    <PreWrap>Retention code: </PreWrap>
    <PostWrap>.</PostWrap>
    <TextMode>Singleline</TextMode>
    <IsType>AlphaNumeric</IsType>
    <MaxLength>99</MaxLength>
    <Dependency>
    </Dependency>
    <PrevRef>
    </PrevRef>
    <DependentID>
    </DependentID>
  </TextBox>
  <TextBox>
    <Label>
      <Text>Handset Price</Text>
    </Label>
    <ControlID>1</ControlID>
    <ControlType>Basic</ControlType>
    <FieldID>txt_7TextBox</FieldID>
    <Title>Handset Price</Title>
    <X-Pos>252</X-Pos>
    <Y-Pos>300</Y-Pos>
    <Width>200</Width>
    <IsRequired>True</IsRequired>
    <IsPostBack>False</IsPostBack>
    <IsWrap>True</IsWrap>
    <PreWrap>Handset Price: £</PreWrap>
    <PostWrap>.</PostWrap>
    <TextMode>Singleline</TextMode>
    <IsType>AlphaNumeric</IsType>
    <MaxLength>20</MaxLength>
    <Dependency>
    </Dependency>
    <PrevRef>
    </PrevRef>
    <DependentID>
    </DependentID>
  </TextBox>
  <TextBox>
    <Label>
      <Text>Add Ons Activated</Text>
    </Label>
    <ControlID>1</ControlID>
    <ControlType>Basic</ControlType>
    <FieldID>txt_8TextBox</FieldID>
    <Title>Add Ons Activated</Title>
    <X-Pos>631</X-Pos>
    <Y-Pos>205</Y-Pos>
    <Width>200</Width>
    <IsRequired>False</IsRequired>
    <IsPostBack>False</IsPostBack>
    <IsWrap>True</IsWrap>
    <PreWrap>Also activated :</PreWrap>
    <PostWrap>.</PostWrap>
    <TextMode>Singleline</TextMode>
    <IsType>AlphaNumeric</IsType>
    <MaxLength>100</MaxLength>
    <Dependency>
    </Dependency>
    <PrevRef>
    </PrevRef>
    <DependentID>
    </DependentID>
  </TextBox>
  <TextBox>
    <Label>
      <Text>Add Ons Deactivated</Text>
    </Label>
    <ControlID>1</ControlID>
    <ControlType>Basic</ControlType>
    <FieldID>txt_9TextBox</FieldID>
    <Title>Add Ons Deactivated</Title>
    <X-Pos>626</X-Pos>
    <Y-Pos>141</Y-Pos>
    <Width>200</Width>
    <IsRequired>False</IsRequired>
    <IsPostBack>False</IsPostBack>
    <IsWrap>True</IsWrap>
    <PreWrap>Also removed : </PreWrap>
    <PostWrap>.</PostWrap>
    <TextMode>Singleline</TextMode>
    <IsType>AlphaNumeric</IsType>
    <MaxLength>100</MaxLength>
    <Dependency>
    </Dependency>
    <PrevRef>
    </PrevRef>
    <DependentID>
    </DependentID>
  </TextBox>
  <DropDownList>
    <Label>
      <Text>contract</Text>
    </Label>
    <ControlID>2</ControlID>
    <ControlType>Basic</ControlType>
    <FieldID>ddl_9DropDown</FieldID>
    <Title>contract</Title>
    <DependentID>
    </DependentID>
    <X-Pos>2</X-Pos>
    <Y-Pos>245</Y-Pos>
    <Width>200</Width>
    <IsRequired>False</IsRequired>
    <IsManageable>True</IsManageable>
    <IsPostBack>False</IsPostBack>
    <Dependency>False</Dependency>
    <IsWrap>True</IsWrap>
    <PreWrap>Contract Tenure : </PreWrap>
    <PostWrap>
    </PostWrap>
    <PrevRef>
    </PrevRef>
    <DataSource>XML</DataSource>
    <LISTITEMS>
      <LISTITEM Id="1" value="" DependentOn="0">18 Months</LISTITEM>
      <LISTITEM Id="2" value="" DependentOn="0">12 Months</LISTITEM>
      <LISTITEM Id="3" value="" DependentOn="0">24 Months</LISTITEM>
      <LISTITEM Id="4" value="" DependentOn="0">1 Month</LISTITEM>
      <LISTITEM Id="5" value="" DependentOn="0">36 Month Contract</LISTITEM>
    </LISTITEMS>
  </DropDownList>
  <DropDownList>
    <Label>
      <Text>OLAR Offers</Text>
    </Label>
    <ControlID>2</ControlID>
    <ControlType>Basic</ControlType>
    <FieldID>ddl_10DropDown</FieldID>
    <Title>OLAR Offers</Title>
    <DependentID>
    </DependentID>
    <X-Pos>631</X-Pos>
    <Y-Pos>71</Y-Pos>
    <Width>200</Width>
    <IsRequired>False</IsRequired>
    <IsManageable>True</IsManageable>
    <IsPostBack>False</IsPostBack>
    <Dependency>False</Dependency>
    <IsWrap>True</IsWrap>
    <PreWrap>Olar offer : </PreWrap>
    <PostWrap>
    </PostWrap>
    <PrevRef>
    </PrevRef>
    <DataSource>XML</DataSource>
    <LISTITEMS>
      <LISTITEM Id="1" value="" DependentOn="0">Free handset on Tier 0 moves</LISTITEM>
      <LISTITEM Id="2" value="" DependentOn="0">£35 Internet Texter for £30 per month</LISTITEM>
      <LISTITEM Id="3" value="" DependentOn="0">900 minutes &amp; unlimited text</LISTITEM>
      <LISTITEM Id="4" value="" DependentOn="0">Special T0 iphone 8GB offer</LISTITEM>
      <LISTITEM Id="5" value="" DependentOn="0">Special T4 iphone 8GB offer</LISTITEM>
      <LISTITEM Id="6" value="" DependentOn="0">Normal Lucid Offer</LISTITEM>
      <LISTITEM Id="7" value="" DependentOn="0">£250 COMET Voucher</LISTITEM>
      <LISTITEM Id="8" value="" DependentOn="0">£350 Comet Voucher</LISTITEM>
      <LISTITEM Id="9" value="" DependentOn="0">£180 Comet Voucher</LISTITEM>
      <LISTITEM Id="10" value="" DependentOn="0">£200 Comet Voucher</LISTITEM>
    </LISTITEMS>
  </DropDownList>
  <TextBox>
    <Label>
      <Text>RRPM</Text>
    </Label>
    <ControlID>1</ControlID>
    <ControlType>Basic</ControlType>
    <FieldID>txt_11TextBox</FieldID>
    <Title>RRPM</Title>
    <X-Pos>287</X-Pos>
    <Y-Pos>424</Y-Pos>
    <Width>200</Width>
    <IsRequired>True</IsRequired>
    <IsPostBack>False</IsPostBack>
    <IsWrap>True</IsWrap>
    <PreWrap>Resulting price per month</PreWrap>
    <PostWrap>
    </PostWrap>
    <TextMode>Singleline</TextMode>
    <IsType>Numeric</IsType>
    <MaxLength>20</MaxLength>
    <Dependency>
    </Dependency>
    <PrevRef>
    </PrevRef>
    <DependentID>
    </DependentID>
  </TextBox>
  <DropDownList>
    <Label>
      <Text>0 to 38 day offer given to 39 to 110 days</Text>
    </Label>
    <ControlID>2</ControlID>
    <ControlType>Basic</ControlType>
    <FieldID>ddl_12DropDown</FieldID>
    <Title>0 to 38 day offer given to 39 to 110 days</Title>
    <DependentID>
    </DependentID>
    <X-Pos>518</X-Pos>
    <Y-Pos>301</Y-Pos>
    <Width>200</Width>
    <IsRequired>True</IsRequired>
    <IsManageable>True</IsManageable>
    <IsPostBack>False</IsPostBack>
    <Dependency>False</Dependency>
    <IsWrap>True</IsWrap>
    <PreWrap>OLAR : </PreWrap>
    <PostWrap>.</PostWrap>
    <PrevRef>
    </PrevRef>
    <DataSource>XML</DataSource>
    <LISTITEMS>
      <LISTITEM Id="1" value="" DependentOn="0">offered DU 0-38 deal in 39-110 days (ASK3 update)</LISTITEM>
      <LISTITEM Id="2" value="" DependentOn="0">Other</LISTITEM>
    </LISTITEMS>
  </DropDownList>
  <DataScript>
    <IsUpdated>False</IsUpdated>
    <Array>
    </Array>
  </DataScript>
</FORMS>