﻿<?xml version="1.0" encoding="utf-8"?>
<FORMS xmlns:xsi="http://www.w3.org/2001/XMLSchema-instance" FormID="187" VersionName="1.5">
  <TextBox>
    <Label>
      <Text>MSISDN</Text>
    </Label>
    <ControlID>1</ControlID>
    <ControlType>Basic</ControlType>
    <FieldID>txt_0TextBox</FieldID>
    <Title>MSISDN</Title>
    <X-Pos>10</X-Pos>
    <Y-Pos>14</Y-Pos>
    <Width>200</Width>
    <IsRequired>True</IsRequired>
    <IsPostBack>False</IsPostBack>
    <IsWrap>False</IsWrap>
    <PreWrap>
    </PreWrap>
    <PostWrap>
    </PostWrap>
    <TextMode>Singleline</TextMode>
    <IsType>Numeric</IsType>
    <MaxLength>12</MaxLength>
    <Dependency>
    </Dependency>
    <PrevRef>
    </PrevRef>
    <DependentID>
    </DependentID>
  </TextBox>
  <DropDownList>
    <Label>
      <Text>Customer Value</Text>
    </Label>
    <ControlID>2</ControlID>
    <ControlType>Basic</ControlType>
    <FieldID>ddl_5DropDown</FieldID>
    <Title>Customer Value</Title>
    <DependentID>
    </DependentID>
    <X-Pos>261</X-Pos>
    <Y-Pos>15</Y-Pos>
    <Width>200</Width>
    <IsRequired>True</IsRequired>
    <IsManageable>True</IsManageable>
    <IsPostBack>False</IsPostBack>
    <Dependency>False</Dependency>
    <IsWrap>False</IsWrap>
    <PreWrap>
    </PreWrap>
    <PostWrap>
    </PostWrap>
    <PrevRef>
    </PrevRef>
    <DataSource>XML</DataSource>
    <LISTITEMS>
      <LISTITEM Id="1" value="" DependentOn="0">H0</LISTITEM>
      <LISTITEM Id="2" value="" DependentOn="0">H1</LISTITEM>
      <LISTITEM Id="3" value="" DependentOn="0">H2</LISTITEM>
      <LISTITEM Id="4" value="" DependentOn="0">H3</LISTITEM>
      <LISTITEM Id="5" value="" DependentOn="0">M0</LISTITEM>
      <LISTITEM Id="6" value="" DependentOn="0">M1</LISTITEM>
      <LISTITEM Id="7" value="" DependentOn="0">L1</LISTITEM>
      <LISTITEM Id="8" value="" DependentOn="0">L2</LISTITEM>
      <LISTITEM Id="9" value="" DependentOn="0">L3</LISTITEM>
      <LISTITEM Id="10" value="" DependentOn="0">L4</LISTITEM>
    </LISTITEMS>
  </DropDownList>
  <DropDownList>
    <Label>
      <Text>Existing Handset</Text>
    </Label>
    <ControlID>2</ControlID>
    <ControlType>Basic</ControlType>
    <FieldID>ddl_8DropDown</FieldID>
    <Title>Existing Handset</Title>
    <DependentID>
    </DependentID>
    <X-Pos>540</X-Pos>
    <Y-Pos>13</Y-Pos>
    <Width>200</Width>
    <IsRequired>True</IsRequired>
    <IsManageable>True</IsManageable>
    <IsPostBack>False</IsPostBack>
    <Dependency>False</Dependency>
    <IsWrap>False</IsWrap>
    <PreWrap>
    </PreWrap>
    <PostWrap>
    </PostWrap>
    <PrevRef>
    </PrevRef>
    <DataSource>XML</DataSource>
    <LISTITEMS>
      <LISTITEM Id="1" value="" DependentOn="0">Nokia 6120 Black</LISTITEM>
      <LISTITEM Id="2" value="" DependentOn="0">Nokia X6 Black Refurb</LISTITEM>
      <LISTITEM Id="3" value="" DependentOn="0">SEM X10 MINI BLACK</LISTITEM>
      <LISTITEM Id="4" value="" DependentOn="0">Samsung i9000 (8gb) Black</LISTITEM>
      <LISTITEM Id="5" value="" DependentOn="0">SEM X10 Black</LISTITEM>
      <LISTITEM Id="6" value="" DependentOn="0">Samsung i5700 Black Red</LISTITEM>
      <LISTITEM Id="7" value="" DependentOn="0">ZTE Racer</LISTITEM>
      <LISTITEM Id="8" value="" DependentOn="0">Nokia 2730 Black</LISTITEM>
      <LISTITEM Id="9" value="" DependentOn="0">SEM Hazel Red</LISTITEM>
      <LISTITEM Id="10" value="" DependentOn="0">HTC DESIRE HD MOCHA</LISTITEM>
      <LISTITEM Id="11" value="" DependentOn="0">Nokia E5 White</LISTITEM>
      <LISTITEM Id="12" value="" DependentOn="0">SEM Hazel Black</LISTITEM>
      <LISTITEM Id="13" value="" DependentOn="0">Nokia 5230 White</LISTITEM>
      <LISTITEM Id="14" value="" DependentOn="0">BlackBerry 9800 Black</LISTITEM>
      <LISTITEM Id="15" value="" DependentOn="0">SEM Zylo White</LISTITEM>
      <LISTITEM Id="16" value="" DependentOn="0">BlackBerry 9105 Black</LISTITEM>
      <LISTITEM Id="17" value="" DependentOn="0">HTC Wildfire Graphite</LISTITEM>
      <LISTITEM Id="18" value="" DependentOn="0">Nokia C7</LISTITEM>
      <LISTITEM Id="19" value="" DependentOn="0">Nokia E5 Black</LISTITEM>
      <LISTITEM Id="20" value="" DependentOn="0">Samsung Europa i5500 Black</LISTITEM>
      <LISTITEM Id="21" value="" DependentOn="0">SEM Zylo Pink</LISTITEM>
      <LISTITEM Id="22" value="" DependentOn="0">BlackBerry Onyx 9700</LISTITEM>
      <LISTITEM Id="23" value="" DependentOn="0">BlackBerry 9300 Curve</LISTITEM>
      <LISTITEM Id="24" value="" DependentOn="0">SEM Vivaz Silver</LISTITEM>
      <LISTITEM Id="25" value="" DependentOn="0">SEM X10 Mini Pro White</LISTITEM>
      <LISTITEM Id="26" value="" DependentOn="0">Nokia E63 Black</LISTITEM>
      <LISTITEM Id="27" value="" DependentOn="0">HTC Desire</LISTITEM>
      <LISTITEM Id="28" value="" DependentOn="0">Nokia N8 Dark Grey</LISTITEM>
      <LISTITEM Id="29" value="" DependentOn="0">LG Optimus One P500 Black</LISTITEM>
      <LISTITEM Id="30" value="" DependentOn="0">Apple iPhone 4 Black 32GB</LISTITEM>
      <LISTITEM Id="31" value="" DependentOn="0">Nokia 5230 Black</LISTITEM>
      <LISTITEM Id="32" value="" DependentOn="0">PreOrder Apple iPhone 4 16gb B</LISTITEM>
      <LISTITEM Id="33" value="" DependentOn="0">SEM Zylo Silver</LISTITEM>
      <LISTITEM Id="34" value="" DependentOn="0">Apple iPhone 3GS Black 8GB</LISTITEM>
      <LISTITEM Id="35" value="" DependentOn="0">SEM X10 Mini Pro Black</LISTITEM>
      <LISTITEM Id="36" value="" DependentOn="0">SEM W595</LISTITEM>
      <LISTITEM Id="37" value="" DependentOn="0">SEM W995</LISTITEM>
      <LISTITEM Id="38" value="" DependentOn="0">SEM C510</LISTITEM>
      <LISTITEM Id="39" value="" DependentOn="0">SEM T715</LISTITEM>
      <LISTITEM Id="40" value="" DependentOn="0">Blackberry 9000</LISTITEM>
      <LISTITEM Id="41" value="" DependentOn="0">Nokia 6220</LISTITEM>
      <LISTITEM Id="42" value="" DependentOn="0">Nokia N97</LISTITEM>
      <LISTITEM Id="43" value="" DependentOn="0">Nokia E71</LISTITEM>
      <LISTITEM Id="44" value="" DependentOn="0">Samsung Tokko Ultra</LISTITEM>
      <LISTITEM Id="45" value="" DependentOn="0">SEM c903</LISTITEM>
    </LISTITEMS>
  </DropDownList>
  <DropDownList>
    <Label>
      <Text>Current Priceplan</Text>
    </Label>
    <ControlID>2</ControlID>
    <ControlType>Basic</ControlType>
    <FieldID>ddl_9DropDown</FieldID>
    <Title>Current Priceplan</Title>
    <DependentID>
    </DependentID>
    <X-Pos>10</X-Pos>
    <Y-Pos>84</Y-Pos>
    <Width>200</Width>
    <IsRequired>True</IsRequired>
    <IsManageable>True</IsManageable>
    <IsPostBack>False</IsPostBack>
    <Dependency>False</Dependency>
    <IsWrap>False</IsWrap>
    <PreWrap>
    </PreWrap>
    <PostWrap>
    </PostWrap>
    <PrevRef>
    </PrevRef>
    <DataSource>XML</DataSource>
    <LISTITEMS>
      <LISTITEM Id="1" value="" DependentOn="0">VIDEOTALK 750</LISTITEM>
      <LISTITEM Id="2" value="" DependentOn="0">VIDEOTALK 500 BASE</LISTITEM>
      <LISTITEM Id="3" value="" DependentOn="0">Video Talk 500 Plus</LISTITEM>
      <LISTITEM Id="4" value="" DependentOn="0">The One Plan</LISTITEM>
      <LISTITEM Id="5" value="" DependentOn="0">Texter 900</LISTITEM>
      <LISTITEM Id="6" value="" DependentOn="0">Texter 500</LISTITEM>
      <LISTITEM Id="7" value="" DependentOn="0">Texter 300</LISTITEM>
      <LISTITEM Id="8" value="" DependentOn="0">Texter 100</LISTITEM>
      <LISTITEM Id="9" value="" DependentOn="0">Talker 900</LISTITEM>
      <LISTITEM Id="10" value="" DependentOn="0">Talker 500</LISTITEM>
      <LISTITEM Id="11" value="" DependentOn="0">Talker 100</LISTITEM>
      <LISTITEM Id="12" value="" DependentOn="0">SIM £15</LISTITEM>
      <LISTITEM Id="13" value="" DependentOn="0">SIM £10</LISTITEM>
      <LISTITEM Id="14" value="" DependentOn="0">PERSONALISED PLAN(FLEX 35)</LISTITEM>
      <LISTITEM Id="15" value="" DependentOn="0">Mix &amp; Match 900</LISTITEM>
      <LISTITEM Id="16" value="" DependentOn="0">Mix &amp; Match 700</LISTITEM>
      <LISTITEM Id="17" value="" DependentOn="0">Mix &amp; Match 500</LISTITEM>
      <LISTITEM Id="18" value="" DependentOn="0">Mix &amp; Match 300</LISTITEM>
      <LISTITEM Id="19" value="" DependentOn="0">Mix &amp; Match 1100</LISTITEM>
      <LISTITEM Id="20" value="" DependentOn="0">Mix &amp; Match 100</LISTITEM>
      <LISTITEM Id="21" value="" DependentOn="0">Internet Texter 900</LISTITEM>
      <LISTITEM Id="22" value="" DependentOn="0">Internet Texter 500</LISTITEM>
      <LISTITEM Id="23" value="" DependentOn="0">Internet Texter 300</LISTITEM>
      <LISTITEM Id="24" value="" DependentOn="0">Internet Texter 100</LISTITEM>
      <LISTITEM Id="25" value="" DependentOn="0">Internet Talker 900</LISTITEM>
      <LISTITEM Id="26" value="" DependentOn="0">Internet Talker 500</LISTITEM>
      <LISTITEM Id="27" value="" DependentOn="0">Internet Talker 300</LISTITEM>
      <LISTITEM Id="28" value="" DependentOn="0">Internet Talker 100</LISTITEM>
      <LISTITEM Id="29" value="" DependentOn="0">Direct VTT 1000</LISTITEM>
      <LISTITEM Id="30" value="" DependentOn="0">Direct Talker 1000</LISTITEM>
      <LISTITEM Id="31" value="" DependentOn="0">£20 Text</LISTITEM>
      <LISTITEM Id="32" value="" DependentOn="0">£15 Text</LISTITEM>
      <LISTITEM Id="33" value="" DependentOn="0">£15 Talker</LISTITEM>
      <LISTITEM Id="34" value="" DependentOn="0">VIDEO &amp; TALK &amp; TEXT 350</LISTITEM>
      <LISTITEM Id="35" value="" DependentOn="0">TALK AND TEXT 600 BASE</LISTITEM>
      <LISTITEM Id="36" value="" DependentOn="0">VIDEO &amp; TALK &amp; TEXT 700</LISTITEM>
      <LISTITEM Id="37" value="" DependentOn="0">TALK AND TEXT 600</LISTITEM>
      <LISTITEM Id="38" value="" DependentOn="0">Direct VTT 500</LISTITEM>
      <LISTITEM Id="39" value="" DependentOn="0">Talker 300</LISTITEM>
      <LISTITEM Id="40" value="" DependentOn="0">TALK AND TEXT 900 BASE</LISTITEM>
      <LISTITEM Id="41" value="" DependentOn="0">VIDEO &amp; TALK &amp; TEXT 1100</LISTITEM>
      <LISTITEM Id="42" value="" DependentOn="0">Direct Texter 1400</LISTITEM>
      <LISTITEM Id="43" value="" DependentOn="0">£15 Texter (pre 24/09/08)</LISTITEM>
      <LISTITEM Id="44" value="" DependentOn="0">DIRECT TEXT 1400</LISTITEM>
      <LISTITEM Id="45" value="" DependentOn="0">DIRECT TEXT 950</LISTITEM>
      <LISTITEM Id="46" value="" DependentOn="0">£20 Texter (pre 24/09/08)</LISTITEM>
      <LISTITEM Id="47" value="" DependentOn="0">The One Plan 18 Months</LISTITEM>
      <LISTITEM Id="48" value="" DependentOn="0">VIDEO &amp; TALK &amp; TEXT 2600</LISTITEM>
      <LISTITEM Id="49" value="" DependentOn="0">VIDEO &amp; TALK &amp; TEXT 1300</LISTITEM>
      <LISTITEM Id="50" value="" DependentOn="0">VTT 350 - Non Promotion</LISTITEM>
      <LISTITEM Id="51" value="" DependentOn="0">TALK AND TEXT 200 BASE</LISTITEM>
    </LISTITEMS>
  </DropDownList>
  <TextBox>
    <Label>
      <Text>Total Existing Discounts</Text>
    </Label>
    <ControlID>1</ControlID>
    <ControlType>Basic</ControlType>
    <FieldID>txt_9TextBox</FieldID>
    <Title>Total Existing Discounts</Title>
    <X-Pos>292</X-Pos>
    <Y-Pos>90</Y-Pos>
    <Width>200</Width>
    <IsRequired>True</IsRequired>
    <IsPostBack>False</IsPostBack>
    <IsWrap>False</IsWrap>
    <PreWrap>
    </PreWrap>
    <PostWrap>
    </PostWrap>
    <TextMode>Singleline</TextMode>
    <IsType>AlphaNumeric</IsType>
    <MaxLength>999</MaxLength>
    <Dependency>
    </Dependency>
    <PrevRef>
    </PrevRef>
    <DependentID>
    </DependentID>
  </TextBox>
  <TextBox>
    <Label>
      <Text>Offer Pitched</Text>
    </Label>
    <ControlID>1</ControlID>
    <ControlType>Basic</ControlType>
    <FieldID>txt_11TextBox</FieldID>
    <Title>Offer Pitched</Title>
    <X-Pos>618</X-Pos>
    <Y-Pos>90</Y-Pos>
    <Width>200</Width>
    <IsRequired>True</IsRequired>
    <IsPostBack>False</IsPostBack>
    <IsWrap>False</IsWrap>
    <PreWrap>
    </PreWrap>
    <PostWrap>
    </PostWrap>
    <TextMode>Singleline</TextMode>
    <IsType>AlphaNumeric</IsType>
    <MaxLength>999</MaxLength>
    <Dependency>
    </Dependency>
    <PrevRef>
    </PrevRef>
    <DependentID>
    </DependentID>
  </TextBox>
  <DropDownList>
    <Label>
      <Text>Reason for Not Interested</Text>
    </Label>
    <ControlID>2</ControlID>
    <ControlType>Basic</ControlType>
    <FieldID>ddl_10DropDown</FieldID>
    <Title>Reason for Not Interested</Title>
    <DependentID>
    </DependentID>
    <X-Pos>12</X-Pos>
    <Y-Pos>167</Y-Pos>
    <Width>200</Width>
    <IsRequired>True</IsRequired>
    <IsManageable>True</IsManageable>
    <IsPostBack>False</IsPostBack>
    <Dependency>False</Dependency>
    <IsWrap>False</IsWrap>
    <PreWrap>
    </PreWrap>
    <PostWrap>
    </PostWrap>
    <PrevRef>
    </PrevRef>
    <DataSource>XML</DataSource>
    <LISTITEMS>
      <LISTITEM Id="1" value="" DependentOn="0">Wait till end of contract</LISTITEM>
      <LISTITEM Id="2" value="" DependentOn="0">Cannot Afford</LISTITEM>
      <LISTITEM Id="3" value="" DependentOn="0">Competitor Better offer  - Comments mandatory</LISTITEM>
      <LISTITEM Id="4" value="" DependentOn="0">Contract Term</LISTITEM>
      <LISTITEM Id="5" value="" DependentOn="0">Discounts not continued</LISTITEM>
      <LISTITEM Id="6" value="" DependentOn="0">Going abroad</LISTITEM>
      <LISTITEM Id="7" value="" DependentOn="0">Handset Not available</LISTITEM>
      <LISTITEM Id="8" value="" DependentOn="0">Handset not in stock</LISTITEM>
      <LISTITEM Id="9" value="" DependentOn="0">Network Issues</LISTITEM>
      <LISTITEM Id="10" value="" DependentOn="0">Poor Customer Service</LISTITEM>
      <LISTITEM Id="11" value="" DependentOn="0">Same offer not available on other account</LISTITEM>
      <LISTITEM Id="12" value="" DependentOn="0">Work Phone</LISTITEM>
      <LISTITEM Id="13" value="" DependentOn="0">3 to 3 churn</LISTITEM>
    </LISTITEMS>
  </DropDownList>
  <TextBox>
    <Label>
      <Text>Additional Comments</Text>
    </Label>
    <ControlID>1</ControlID>
    <ControlType>Basic</ControlType>
    <FieldID>txt_14TextBox</FieldID>
    <Title>Additional Comments</Title>
    <X-Pos>372</X-Pos>
    <Y-Pos>168</Y-Pos>
    <Width>200</Width>
    <IsRequired>True</IsRequired>
    <IsPostBack>False</IsPostBack>
    <IsWrap>False</IsWrap>
    <PreWrap>
    </PreWrap>
    <PostWrap>
    </PostWrap>
    <TextMode>Multiline</TextMode>
    <IsType>AlphaNumeric</IsType>
    <MaxLength>999</MaxLength>
    <Dependency>
    </Dependency>
    <PrevRef>
    </PrevRef>
    <DependentID>
    </DependentID>
  </TextBox>
  <DataScript>
    <IsUpdated>False</IsUpdated>
    <Array>
    </Array>
  </DataScript>
</FORMS>