﻿<?xml version="1.0" encoding="utf-8"?>
<FORMS xmlns:xsi="http://www.w3.org/2001/XMLSchema-instance" FormID="194" VersionName="2.3">
  <TextBox>
    <Label>
      <Text>Ban</Text>
    </Label>
    <ControlID>1</ControlID>
    <ControlType>Basic</ControlType>
    <FieldID>txt_0TextBox</FieldID>
    <Title>Ban</Title>
    <X-Pos>5</X-Pos>
    <Y-Pos>79</Y-Pos>
    <Width>200</Width>
    <IsRequired>True</IsRequired>
    <IsPostBack>False</IsPostBack>
    <IsWrap>False</IsWrap>
    <PreWrap>
    </PreWrap>
    <PostWrap>
    </PostWrap>
    <TextMode>Singleline</TextMode>
    <IsType>Numeric</IsType>
    <MaxLength>10</MaxLength>
    <Dependency>
    </Dependency>
    <PrevRef>
    </PrevRef>
    <DependentID>
    </DependentID>
  </TextBox>
  <TextBox>
    <Label>
      <Text>MSISDN</Text>
    </Label>
    <ControlID>1</ControlID>
    <ControlType>Basic</ControlType>
    <FieldID>txt_1TextBox</FieldID>
    <Title>MSISDN</Title>
    <X-Pos>4</X-Pos>
    <Y-Pos>131</Y-Pos>
    <Width>200</Width>
    <IsRequired>True</IsRequired>
    <IsPostBack>False</IsPostBack>
    <IsWrap>False</IsWrap>
    <PreWrap>
    </PreWrap>
    <PostWrap>
    </PostWrap>
    <TextMode>Singleline</TextMode>
    <IsType>Numeric</IsType>
    <MaxLength>12</MaxLength>
    <Dependency>
    </Dependency>
    <PrevRef>
    </PrevRef>
    <DependentID>
    </DependentID>
  </TextBox>
  <TextBox>
    <Label>
      <Text>Winset</Text>
    </Label>
    <ControlID>1</ControlID>
    <ControlType>Basic</ControlType>
    <FieldID>txt_2TextBox</FieldID>
    <Title>Winset</Title>
    <X-Pos>5</X-Pos>
    <Y-Pos>188</Y-Pos>
    <Width>200</Width>
    <IsRequired>True</IsRequired>
    <IsPostBack>False</IsPostBack>
    <IsWrap>False</IsWrap>
    <PreWrap>
    </PreWrap>
    <PostWrap>
    </PostWrap>
    <TextMode>Singleline</TextMode>
    <IsType>Numeric</IsType>
    <MaxLength>4</MaxLength>
    <Dependency>
    </Dependency>
    <PrevRef>
    </PrevRef>
    <DependentID>
    </DependentID>
  </TextBox>
  <RadioButtonList>
    <Label>
      <Text>Resolution</Text>
    </Label>
    <ControlID>3</ControlID>
    <ControlType>Basic</ControlType>
    <FieldID>rbl_0RadioButton</FieldID>
    <Title>Resolution</Title>
    <X-Pos>4</X-Pos>
    <Y-Pos>298</Y-Pos>
    <Width>200</Width>
    <IsRequired>True</IsRequired>
    <IsPostBack>False</IsPostBack>
    <IsManageable>True</IsManageable>
    <RepeatColumns>1</RepeatColumns>
    <RepeatDirection>Horizontal</RepeatDirection>
    <IsWrap>False</IsWrap>
    <PreWrap>
    </PreWrap>
    <PostWrap>
    </PostWrap>
    <Dependency>
    </Dependency>
    <PrevRef>
    </PrevRef>
    <DependentID>
    </DependentID>
    <DataSource>XML</DataSource>
    <LISTITEMS>
      <LISTITEM Id="0" value="" DependentOn="0">YES</LISTITEM>
      <LISTITEM Id="1" value="" DependentOn="0">NO</LISTITEM>
    </LISTITEMS>
  </RadioButtonList>
  <RadioButtonList>
    <Label>
      <Text>Repeat Call</Text>
    </Label>
    <ControlID>3</ControlID>
    <ControlType>Basic</ControlType>
    <FieldID>rbl_1RadioButton</FieldID>
    <Title>Repeat Call</Title>
    <X-Pos>2</X-Pos>
    <Y-Pos>337</Y-Pos>
    <Width>200</Width>
    <IsRequired>True</IsRequired>
    <IsPostBack>False</IsPostBack>
    <IsManageable>True</IsManageable>
    <RepeatColumns>1</RepeatColumns>
    <RepeatDirection>Horizontal</RepeatDirection>
    <IsWrap>False</IsWrap>
    <PreWrap>
    </PreWrap>
    <PostWrap>
    </PostWrap>
    <Dependency>
    </Dependency>
    <PrevRef>
    </PrevRef>
    <DependentID>
    </DependentID>
    <DataSource>XML</DataSource>
    <LISTITEMS>
      <LISTITEM Id="0" value="" DependentOn="0">YES</LISTITEM>
      <LISTITEM Id="1" value="" DependentOn="0">NO</LISTITEM>
    </LISTITEMS>
  </RadioButtonList>
  <RadioButtonList>
    <Label>
      <Text>Contact Method</Text>
    </Label>
    <ControlID>3</ControlID>
    <ControlType>Basic</ControlType>
    <FieldID>rbl_2RadioButton</FieldID>
    <Title>Contact Method</Title>
    <X-Pos>2</X-Pos>
    <Y-Pos>376</Y-Pos>
    <Width>200</Width>
    <IsRequired>True</IsRequired>
    <IsPostBack>False</IsPostBack>
    <IsManageable>True</IsManageable>
    <RepeatColumns>1</RepeatColumns>
    <RepeatDirection>Horizontal</RepeatDirection>
    <IsWrap>False</IsWrap>
    <PreWrap>
    </PreWrap>
    <PostWrap>
    </PostWrap>
    <Dependency>
    </Dependency>
    <PrevRef>
    </PrevRef>
    <DependentID>
    </DependentID>
    <DataSource>XML</DataSource>
    <LISTITEMS>
      <LISTITEM Id="0" value="" DependentOn="0">IB Handset</LISTITEM>
      <LISTITEM Id="1" value="" DependentOn="0">IB MBB</LISTITEM>
      <LISTITEM Id="2" value="" DependentOn="0">Outbound</LISTITEM>
    </LISTITEMS>
  </RadioButtonList>
  <RadioButtonList>
    <Label>
      <Text>Transferred to IVR</Text>
    </Label>
    <ControlID>3</ControlID>
    <ControlType>Basic</ControlType>
    <FieldID>rbl_3RadioButton</FieldID>
    <Title>Transferred to IVR</Title>
    <X-Pos>266</X-Pos>
    <Y-Pos>134</Y-Pos>
    <Width>200</Width>
    <IsRequired>True</IsRequired>
    <IsPostBack>False</IsPostBack>
    <IsManageable>True</IsManageable>
    <RepeatColumns>1</RepeatColumns>
    <RepeatDirection>Horizontal</RepeatDirection>
    <IsWrap>False</IsWrap>
    <PreWrap>
    </PreWrap>
    <PostWrap>
    </PostWrap>
    <Dependency>
    </Dependency>
    <PrevRef>
    </PrevRef>
    <DependentID>
    </DependentID>
    <DataSource>XML</DataSource>
    <LISTITEMS>
      <LISTITEM Id="0" value="" DependentOn="0">YES</LISTITEM>
      <LISTITEM Id="1" value="" DependentOn="0">NO</LISTITEM>
    </LISTITEMS>
  </RadioButtonList>
  <DropDownList>
    <Label>
      <Text>Reason for Non Transfer</Text>
    </Label>
    <ControlID>2</ControlID>
    <ControlType>Basic</ControlType>
    <FieldID>ddl_2DropDown</FieldID>
    <Title>Reason for Non Transfer</Title>
    <DependentID>
    </DependentID>
    <X-Pos>266</X-Pos>
    <Y-Pos>176</Y-Pos>
    <Width>200</Width>
    <IsRequired>False</IsRequired>
    <IsManageable>True</IsManageable>
    <IsPostBack>False</IsPostBack>
    <Dependency>False</Dependency>
    <IsWrap>False</IsWrap>
    <PreWrap>
    </PreWrap>
    <PostWrap>
    </PostWrap>
    <PrevRef>
    </PrevRef>
    <DataSource>XML</DataSource>
    <LISTITEMS>
      <LISTITEM Id="1" value="" DependentOn="0">Multiple query</LISTITEM>
      <LISTITEM Id="2" value="" DependentOn="0">Customer Request</LISTITEM>
      <LISTITEM Id="3" value="" DependentOn="0">Card address did not match Billing address</LISTITEM>
      <LISTITEM Id="4" value="" DependentOn="0">DDI/RTA Payment Mode</LISTITEM>
      <LISTITEM Id="5" value="" DependentOn="0">Calling from another CLI (Different MSISDN)</LISTITEM>
      <LISTITEM Id="6" value="" DependentOn="0">Partial Payment</LISTITEM>
      <LISTITEM Id="7" value="" DependentOn="0">Collections Restriction</LISTITEM>
      <LISTITEM Id="8" value="" DependentOn="0">Number not appearing on Aspect</LISTITEM>
      <LISTITEM Id="9" value="" DependentOn="0">Multiple account payment</LISTITEM>
      <LISTITEM Id="10" value="" DependentOn="0">3rd Party card</LISTITEM>
    </LISTITEMS>
  </DropDownList>
  <RadioButtonList>
    <Label>
      <Text>Multiple Query</Text>
    </Label>
    <ControlID>3</ControlID>
    <ControlType>Basic</ControlType>
    <FieldID>rbl_4RadioButton</FieldID>
    <Title>Multiple Query</Title>
    <X-Pos>265</X-Pos>
    <Y-Pos>84</Y-Pos>
    <Width>200</Width>
    <IsRequired>True</IsRequired>
    <IsPostBack>False</IsPostBack>
    <IsManageable>True</IsManageable>
    <RepeatColumns>1</RepeatColumns>
    <RepeatDirection>Horizontal</RepeatDirection>
    <IsWrap>False</IsWrap>
    <PreWrap>
    </PreWrap>
    <PostWrap>
    </PostWrap>
    <Dependency>
    </Dependency>
    <PrevRef>
    </PrevRef>
    <DependentID>
    </DependentID>
    <DataSource>XML</DataSource>
    <LISTITEMS>
      <LISTITEM Id="0" value="" DependentOn="0">YES</LISTITEM>
      <LISTITEM Id="1" value="" DependentOn="0">NO</LISTITEM>
    </LISTITEMS>
  </RadioButtonList>
  <TextBox>
    <Label>
      <Text>Comments</Text>
    </Label>
    <ControlID>1</ControlID>
    <ControlType>Basic</ControlType>
    <FieldID>txt_11TextBox</FieldID>
    <Title>Comments</Title>
    <X-Pos>574</X-Pos>
    <Y-Pos>288</Y-Pos>
    <Width>200</Width>
    <IsRequired>False</IsRequired>
    <IsPostBack>False</IsPostBack>
    <IsWrap>False</IsWrap>
    <PreWrap>
    </PreWrap>
    <PostWrap>
    </PostWrap>
    <TextMode>Singleline</TextMode>
    <IsType>AlphaNumeric</IsType>
    <MaxLength>500</MaxLength>
    <Dependency>
    </Dependency>
    <PrevRef>
    </PrevRef>
    <DependentID>
    </DependentID>
  </TextBox>
  <DropDownList>
    <Label>
      <Text>Call Reason</Text>
    </Label>
    <ControlID>2</ControlID>
    <ControlType>Basic</ControlType>
    <FieldID>ddl_3DropDown</FieldID>
    <Title>Call Reason</Title>
    <DependentID>
    </DependentID>
    <X-Pos>1</X-Pos>
    <Y-Pos>448</Y-Pos>
    <Width>200</Width>
    <IsRequired>True</IsRequired>
    <IsManageable>True</IsManageable>
    <IsPostBack>False</IsPostBack>
    <Dependency>False</Dependency>
    <IsWrap>False</IsWrap>
    <PreWrap>
    </PreWrap>
    <PostWrap>
    </PostWrap>
    <PrevRef>
    </PrevRef>
    <DataSource>XML</DataSource>
    <LISTITEMS>
      <LISTITEM Id="1" value="" DependentOn="0">Bill Payment</LISTITEM>
      <LISTITEM Id="2" value="" DependentOn="0">Credit limit Breach Payment</LISTITEM>
    </LISTITEMS>
  </DropDownList>
  <DropDownList>
    <Label>
      <Text>Other reasons</Text>
    </Label>
    <ControlID>2</ControlID>
    <ControlType>Basic</ControlType>
    <FieldID>ddl_4DropDown</FieldID>
    <Title>Other reasons</Title>
    <DependentID>
    </DependentID>
    <X-Pos>613</X-Pos>
    <Y-Pos>175</Y-Pos>
    <Width>200</Width>
    <IsRequired>False</IsRequired>
    <IsManageable>True</IsManageable>
    <IsPostBack>False</IsPostBack>
    <Dependency>False</Dependency>
    <IsWrap>False</IsWrap>
    <PreWrap>
    </PreWrap>
    <PostWrap>
    </PostWrap>
    <PrevRef>
    </PrevRef>
    <DataSource>XML</DataSource>
    <LISTITEMS>
      <LISTITEM Id="1" value="" DependentOn="0">Dont trust the IVR/Not a secured way</LISTITEM>
      <LISTITEM Id="2" value="" DependentOn="0">Faced an error previously/ IVR bad experience</LISTITEM>
      <LISTITEM Id="3" value="" DependentOn="0">Wants to speak to an advisor</LISTITEM>
      <LISTITEM Id="4" value="" DependentOn="0">Resolved query transferred to IVR</LISTITEM>
      <LISTITEM Id="5" value="" DependentOn="0">Transfer to Collections part payment</LISTITEM>
      <LISTITEM Id="6" value="" DependentOn="0">Part Payment transfer to IVR</LISTITEM>
    </LISTITEMS>
  </DropDownList>
  <TextBox>
    <Label>
      <Text>PeopleSoft Date</Text>
    </Label>
    <ControlID>1</ControlID>
    <ControlType>Basic</ControlType>
    <FieldID>txt_12TextBox</FieldID>
    <Title>PeopleSoft Date</Title>
    <X-Pos>276</X-Pos>
    <Y-Pos>244</Y-Pos>
    <Width>200</Width>
    <IsRequired>False</IsRequired>
    <IsPostBack>False</IsPostBack>
    <IsWrap>False</IsWrap>
    <PreWrap>
    </PreWrap>
    <PostWrap>
    </PostWrap>
    <TextMode>Singleline</TextMode>
    <IsType>Date</IsType>
    <MaxLength>20</MaxLength>
    <Dependency>
    </Dependency>
    <PrevRef>
    </PrevRef>
    <DependentID>
    </DependentID>
  </TextBox>
  <TextBox>
    <Label>
      <Text>PeopleSoft Time</Text>
    </Label>
    <ControlID>1</ControlID>
    <ControlType>Basic</ControlType>
    <FieldID>txt_13TextBox</FieldID>
    <Title>PeopleSoft Time</Title>
    <X-Pos>5</X-Pos>
    <Y-Pos>242</Y-Pos>
    <Width>200</Width>
    <IsRequired>False</IsRequired>
    <IsPostBack>False</IsPostBack>
    <IsWrap>False</IsWrap>
    <PreWrap>
    </PreWrap>
    <PostWrap>
    </PostWrap>
    <TextMode>Singleline</TextMode>
    <IsType>Numeric</IsType>
    <MaxLength>20</MaxLength>
    <Dependency>
    </Dependency>
    <PrevRef>
    </PrevRef>
    <DependentID>
    </DependentID>
  </TextBox>
  <DataScript>
    <IsUpdated>False</IsUpdated>
    <Array>
    </Array>
  </DataScript>
</FORMS>