﻿<?xml version="1.0" encoding="utf-8"?>
<FORMS xmlns:xsi="http://www.w3.org/2001/XMLSchema-instance" FormID="219" VersionName="1.0">
  <DropDownList>
    <Label>
      <Text>d</Text>
    </Label>
    <ControlID>2</ControlID>
    <ControlType>Basic</ControlType>
    <FieldID>ddl_0DropDown</FieldID>
    <Title>d</Title>
    <DependentID>
    </DependentID>
    <X-Pos>185</X-Pos>
    <Y-Pos>152</Y-Pos>
    <Width>200</Width>
    <IsRequired>False</IsRequired>
    <IsManageable>True</IsManageable>
    <IsPostBack>False</IsPostBack>
    <Dependency>False</Dependency>
    <IsWrap>False</IsWrap>
    <PreWrap>
    </PreWrap>
    <PostWrap>
    </PostWrap>
    <PrevRef>
    </PrevRef>
    <DataSource>XML</DataSource>
    <LISTITEMS>
      <LISTITEM Id="1" value="" DependentOn="0" WrapNote="1" OptionTooltip="1" Template="">1</LISTITEM>
      <LISTITEM Id="2" value="" DependentOn="0" WrapNote="2" OptionTooltip="2" Template="">2</LISTITEM>
    </LISTITEMS>
  </DropDownList>
  <DropDownList>
    <Label>
      <Text>d1</Text>
    </Label>
    <ControlID>2</ControlID>
    <ControlType>Basic</ControlType>
    <FieldID>ddl_1DropDown</FieldID>
    <Title>d1</Title>
    <DependentID>
    </DependentID>
    <X-Pos>185</X-Pos>
    <Y-Pos>248</Y-Pos>
    <Width>200</Width>
    <IsRequired>False</IsRequired>
    <IsManageable>True</IsManageable>
    <IsPostBack>False</IsPostBack>
    <Dependency>False</Dependency>
    <IsWrap>False</IsWrap>
    <PreWrap>
    </PreWrap>
    <PostWrap>
    </PostWrap>
    <PrevRef>
    </PrevRef>
    <DataSource>XML</DataSource>
    <LISTITEMS>
      <LISTITEM Id="1" value="" DependentOn="0" WrapNote="1" OptionTooltip="1" Template="215">1</LISTITEM>
      <LISTITEM Id="2" value="" DependentOn="0" WrapNote="" OptionTooltip="" Template="215">45</LISTITEM>
      <LISTITEM Id="3" value="" DependentOn="0" WrapNote="" OptionTooltip="" Template="212">4</LISTITEM>
    </LISTITEMS>
  </DropDownList>
  <DataScript>
    <IsUpdated>False</IsUpdated>
    <Array>
    </Array>
  </DataScript>
</FORMS>