﻿<?xml version="1.0" encoding="utf-8"?>
<FORMS xmlns:xsi="http://www.w3.org/2001/XMLSchema-instance" FormID="1325" VersionName="1.2">
  <CC1EmployeesDropDown>
    <Label>
      <Text>emp</Text>
    </Label>
    <ControlID>8</ControlID>
    <ControlType>Custom</ControlType>
    <FieldID>cc_0DropDown</FieldID>
    <Title>emp</Title>
    <X-Pos>10</X-Pos>
    <Y-Pos>10</Y-Pos>
    <Width>
    </Width>
    <IsRequired>False</IsRequired>
    <IsManageable>False</IsManageable>
    <IsPostBack>False</IsPostBack>
    <IsWrap>False</IsWrap>
    <PreWrap>
    </PreWrap>
    <PostWrap>
    </PostWrap>
    <DataSource>DB</DataSource>
    <SkillSets>
      <SkillSet Id="46">Automation and Software Development</SkillSet>
    </SkillSets>
    <CostCentres>
      <CostCentre Id="4">JOINT</CostCentre>
    </CostCentres>
    <IsQueryPattern>undefined</IsQueryPattern>
    <Tabindex>1</Tabindex>
    <IsHide>False</IsHide>
  </CC1EmployeesDropDown>
  <GlobalMControl>
    <Label>
      <Text>glb</Text>
    </Label>
    <ControlID>1034</ControlID>
    <ControlType>Global</ControlType>
    <FieldID>gc_0_sadDropDown</FieldID>
    <Title>glb</Title>
    <DependentID>gc_0_qwDropDown</DependentID>
    <DependentCtrlID>1035</DependentCtrlID>
    <X-Pos>10</X-Pos>
    <Y-Pos>80</Y-Pos>
    <Width>
    </Width>
    <IsRequired>False</IsRequired>
    <IsManageable>False</IsManageable>
    <IsPostBack>False</IsPostBack>
    <IsWrap>False</IsWrap>
    <PreWrap>
    </PreWrap>
    <PostWrap>
    </PostWrap>
    <DataSource>DB</DataSource>
    <SkillSets>
      <SkillSet Id="46">Automation and Software Development</SkillSet>
    </SkillSets>
    <CostCentres>
      <CostCentre Id="4">JOINT</CostCentre>
    </CostCentres>
    <IsQueryPattern>undefined</IsQueryPattern>
    <Tabindex>2</Tabindex>
    <IsHide>Contains</IsHide>
  </GlobalMControl>
  <DataScript>
    <IsUpdated>False</IsUpdated>
    <Array>
    </Array>
  </DataScript>
</FORMS>