﻿<?xml version="1.0" encoding="utf-8"?>
<FORMS xmlns:xsi="http://www.w3.org/2001/XMLSchema-instance" FormID="1325" VersionName="1.1">
  <DropDownList>
    <Label>
      <Text>ddlg</Text>
    </Label>
    <ControlID>2</ControlID>
    <ControlType>Basic</ControlType>
    <FieldID>ddl_0DropDown</FieldID>
    <Title>ddlg</Title>
    <DependentID>
    </DependentID>
    <X-Pos>10</X-Pos>
    <Y-Pos>10</Y-Pos>
    <Width>200</Width>
    <IsRequired>False</IsRequired>
    <IsManageable>True</IsManageable>
    <IsPostBack>False</IsPostBack>
    <Dependency>False</Dependency>
    <IsWrap>False</IsWrap>
    <PreWrap>
    </PreWrap>
    <PostWrap>
    </PostWrap>
    <PrevRef>
    </PrevRef>
    <IsQueryPattern>Contains</IsQueryPattern>
    <DataSource>XML</DataSource>
    <LISTITEMS>
      <LISTITEM Id="1" value="" DependentOn="0" WrapNote="" OptionTooltip="" Template="">a1</LISTITEM>
      <LISTITEM Id="2" value="" DependentOn="0" WrapNote="" OptionTooltip="" Template="">b1</LISTITEM>
    </LISTITEMS>
    <Tabindex>1</Tabindex>
    <IsHide>False</IsHide>
  </DropDownList>
  <CC1EmployeesDropDown>
    <Label>
      <Text>emp</Text>
    </Label>
    <ControlID>8</ControlID>
    <ControlType>Custom</ControlType>
    <FieldID>cc_0DropDown</FieldID>
    <Title>emp</Title>
    <X-Pos>10</X-Pos>
    <Y-Pos>80</Y-Pos>
    <Width>200</Width>
    <IsRequired>False</IsRequired>
    <IsManageable>False</IsManageable>
    <IsPostBack>False</IsPostBack>
    <IsWrap>False</IsWrap>
    <PreWrap>
    </PreWrap>
    <PostWrap>
    </PostWrap>
    <DataSource>DB</DataSource>
    <SkillSets>
      <SkillSet Id="46">Automation and Software Development</SkillSet>
    </SkillSets>
    <CostCentres>
      <CostCentre Id="4">JOINT</CostCentre>
    </CostCentres>
    <IsQueryPattern>Contains</IsQueryPattern>
    <Tabindex>2</Tabindex>
    <IsHide>False</IsHide>
  </CC1EmployeesDropDown>
  <GlobalMControl>
    <Label>
      <Text>glb</Text>
    </Label>
    <ControlID>1034</ControlID>
    <ControlType>Global</ControlType>
    <FieldID>gc_0_sadDropDown</FieldID>
    <Title>glb</Title>
    <DependentID>gc_0_qwDropDown</DependentID>
    <DependentCtrlID>1035</DependentCtrlID>
    <X-Pos>10</X-Pos>
    <Y-Pos>150</Y-Pos>
    <Width>400</Width>
    <IsRequired>False</IsRequired>
    <IsManageable>False</IsManageable>
    <IsPostBack>False</IsPostBack>
    <IsWrap>False</IsWrap>
    <PreWrap>
    </PreWrap>
    <PostWrap>
    </PostWrap>
    <DataSource>DB</DataSource>
    <SkillSets>
      <SkillSet Id="46">Automation and Software Development</SkillSet>
    </SkillSets>
    <CostCentres>
      <CostCentre Id="4">JOINT</CostCentre>
    </CostCentres>
    <IsQueryPattern>Contains</IsQueryPattern>
    <Tabindex>3</Tabindex>
    <IsHide>undefined</IsHide>
  </GlobalMControl>
  <DataScript>
    <IsUpdated>False</IsUpdated>
    <Array>
    </Array>
  </DataScript>
</FORMS>