﻿<?xml version="1.0" encoding="utf-8"?>
<FORMS xmlns:xsi="http://www.w3.org/2001/XMLSchema-instance" FormID="1325" VersionName="1.7">
  <GlobalMControl>
    <Label>
      <Text>df</Text>
    </Label>
    <ControlID>1034</ControlID>
    <ControlType>Global</ControlType>
    <FieldID>gc_2_sadDropDown</FieldID>
    <Title>df</Title>
    <DependentID>gc_2_qwDropDown</DependentID>
    <DependentCtrlID>1035</DependentCtrlID>
    <X-Pos>10</X-Pos>
    <Y-Pos>10</Y-Pos>
    <Width>400</Width>
    <IsRequired>False</IsRequired>
    <IsManageable>False</IsManageable>
    <IsPostBack>False</IsPostBack>
    <IsWrap>False</IsWrap>
    <PreWrap>
    </PreWrap>
    <PostWrap>
    </PostWrap>
    <DataSource>DB</DataSource>
    <SkillSets>
      <SkillSet Id="46">Automation and Software Development</SkillSet>
    </SkillSets>
    <CostCentres>
      <CostCentre Id="4">JOINT</CostCentre>
    </CostCentres>
    <IsQueryPattern>Contains</IsQueryPattern>
    <Tabindex>1</Tabindex>
    <IsHide>undefined</IsHide>
  </GlobalMControl>
  <DataScript>
    <IsUpdated>False</IsUpdated>
    <Array>
    </Array>
  </DataScript>
</FORMS>