﻿<?xml version="1.0" encoding="utf-8"?>
<FORMS xmlns:xsi="http://www.w3.org/2001/XMLSchema-instance" FormID="1325" VersionName="1.5">
  <CC1EmployeesDropDown>
    <Label>
      <Text>emp</Text>
    </Label>
    <ControlID>8</ControlID>
    <ControlType>Custom</ControlType>
    <FieldID>cc_0DropDown</FieldID>
    <Title>emp</Title>
    <X-Pos>10</X-Pos>
    <Y-Pos>10</Y-Pos>
    <Width>
    </Width>
    <IsRequired>False</IsRequired>
    <IsManageable>False</IsManageable>
    <IsPostBack>False</IsPostBack>
    <IsWrap>False</IsWrap>
    <PreWrap>
    </PreWrap>
    <PostWrap>
    </PostWrap>
    <DataSource>DB</DataSource>
    <SkillSets>
      <SkillSet Id="46">Automation and Software Development</SkillSet>
      <SkillSet Id="24">Branding and Marketing Communication</SkillSet>
    </SkillSets>
    <CostCentres>
      <CostCentre Id="4">JOINT</CostCentre>
    </CostCentres>
    <IsQueryPattern>undefined</IsQueryPattern>
    <Tabindex>1</Tabindex>
    <IsHide>False</IsHide>
  </CC1EmployeesDropDown>
  <CC3EmployeesDropDown>
    <Label>
      <Text>hr</Text>
    </Label>
    <ControlID>10</ControlID>
    <ControlType>Custom</ControlType>
    <FieldID>cc_1DropDown</FieldID>
    <Title>hr</Title>
    <X-Pos>10</X-Pos>
    <Y-Pos>80</Y-Pos>
    <Width>
    </Width>
    <IsRequired>False</IsRequired>
    <IsManageable>False</IsManageable>
    <IsOnClickedChanged>
    </IsOnClickedChanged>
    <IsPostBack>False</IsPostBack>
    <IsWrap>False</IsWrap>
    <PreWrap>False</PreWrap>
    <PostWrap>
    </PostWrap>
    <DataSource>DB</DataSource>
    <SkillSets>
      <SkillSet Id="343">2nd Line Network Team</SkillSet>
      <SkillSet Id="446">2nd Line Network Team - RanInbound</SkillSet>
      <SkillSet Id="18">Australia Operations</SkillSet>
      <SkillSet Id="46">Automation and Software Development</SkillSet>
      <SkillSet Id="86">Back Office - Case Management</SkillSet>
      <SkillSet Id="94">Back Office - COTi Audit</SkillSet>
      <SkillSet Id="486">Business Intelligence and Analytics</SkillSet>
      <SkillSet Id="425">Business Registration Ecare</SkillSet>
    </SkillSets>
    <CostCentres>
      <CostCentre Id="1">UK-India</CostCentre>
      <CostCentre Id="2">ROI-India</CostCentre>
      <CostCentre Id="3">AUS-India</CostCentre>
      <CostCentre Id="4">JOINT</CostCentre>
    </CostCentres>
    <IsQueryPattern>undefined</IsQueryPattern>
    <Tabindex>2</Tabindex>
    <IsHide>2</IsHide>
  </CC3EmployeesDropDown>
  <TextBox1>
    <Label>
      <Text>hr Manager</Text>
    </Label>
    <ControlID>1</ControlID>
    <ControlType>Basic</ControlType>
    <FieldID>cctxt_1TextBox</FieldID>
    <Title>hr Manager</Title>
    <X-Pos>210</X-Pos>
    <Y-Pos>80</Y-Pos>
    <Width>
    </Width>
    <IsRequired>False</IsRequired>
    <IsPostBack>False</IsPostBack>
    <IsWrap>False</IsWrap>
    <PreWrap>cc</PreWrap>
    <PostWrap>
    </PostWrap>
    <TextMode>SingleLine</TextMode>
    <IsType>undefined</IsType>
    <MaxLength>100</MaxLength>
    <Dependency>
    </Dependency>
    <PrevRef>
    </PrevRef>
    <DependentID>
    </DependentID>
    <Tabindex>2</Tabindex>
    <Height>50</Height>
    <IsHide>2</IsHide>
  </TextBox1>
  <DataScript>
    <IsUpdated>False</IsUpdated>
    <Array>
    </Array>
  </DataScript>
</FORMS>