﻿<?xml version="1.0" encoding="utf-8"?>
<FORMS xmlns:xsi="http://www.w3.org/2001/XMLSchema-instance" FormID="170" VersionName="2.6">
  <TextBox>
    <Label>
      <Text>MSISDN</Text>
    </Label>
    <ControlID>1</ControlID>
    <ControlType>Basic</ControlType>
    <FieldID>txt_0TextBox</FieldID>
    <Title>MSISDN</Title>
    <X-Pos>1</X-Pos>
    <Y-Pos>7</Y-Pos>
    <Width>200</Width>
    <IsRequired>True</IsRequired>
    <IsPostBack>False</IsPostBack>
    <IsWrap>False</IsWrap>
    <PreWrap>
    </PreWrap>
    <PostWrap>
    </PostWrap>
    <TextMode>Singleline</TextMode>
    <IsType>Numeric</IsType>
    <MaxLength>20</MaxLength>
    <Dependency>
    </Dependency>
    <PrevRef>
    </PrevRef>
    <DependentID>
    </DependentID>
  </TextBox>
  <DropDownList>
    <Label>
      <Text>Customer Value</Text>
    </Label>
    <ControlID>2</ControlID>
    <ControlType>Basic</ControlType>
    <FieldID>ddl_0DropDown</FieldID>
    <Title>Customer Value</Title>
    <DependentID>
    </DependentID>
    <X-Pos>472</X-Pos>
    <Y-Pos>7</Y-Pos>
    <Width>200</Width>
    <IsRequired>True</IsRequired>
    <IsManageable>True</IsManageable>
    <IsPostBack>False</IsPostBack>
    <Dependency>False</Dependency>
    <IsWrap>False</IsWrap>
    <PreWrap>
    </PreWrap>
    <PostWrap>
    </PostWrap>
    <PrevRef>
    </PrevRef>
    <DataSource>XML</DataSource>
    <LISTITEMS>
      <LISTITEM Id="1" value="" DependentOn="0">H3</LISTITEM>
      <LISTITEM Id="2" value="" DependentOn="0">H2</LISTITEM>
      <LISTITEM Id="3" value="" DependentOn="0">H1</LISTITEM>
      <LISTITEM Id="4" value="" DependentOn="0">H0</LISTITEM>
      <LISTITEM Id="5" value="" DependentOn="0">M1</LISTITEM>
      <LISTITEM Id="6" value="" DependentOn="0">M0</LISTITEM>
      <LISTITEM Id="7" value="" DependentOn="0">L1</LISTITEM>
      <LISTITEM Id="8" value="" DependentOn="0">L2</LISTITEM>
      <LISTITEM Id="9" value="" DependentOn="0">L3</LISTITEM>
      <LISTITEM Id="10" value="" DependentOn="0">L4</LISTITEM>
    </LISTITEMS>
  </DropDownList>
  <DropDownList>
    <Label>
      <Text>Tier</Text>
    </Label>
    <ControlID>2</ControlID>
    <ControlType>Basic</ControlType>
    <FieldID>ddl_1DropDown</FieldID>
    <Title>Tier</Title>
    <DependentID>
    </DependentID>
    <X-Pos>218</X-Pos>
    <Y-Pos>7</Y-Pos>
    <Width>200</Width>
    <IsRequired>True</IsRequired>
    <IsManageable>True</IsManageable>
    <IsPostBack>False</IsPostBack>
    <Dependency>False</Dependency>
    <IsWrap>False</IsWrap>
    <PreWrap>
    </PreWrap>
    <PostWrap>
    </PostWrap>
    <PrevRef>
    </PrevRef>
    <DataSource>XML</DataSource>
    <LISTITEMS>
      <LISTITEM Id="1" value="" DependentOn="0">T0</LISTITEM>
      <LISTITEM Id="4" value="" DependentOn="0">T4</LISTITEM>
      <LISTITEM Id="6" value="" DependentOn="0">Website deal</LISTITEM>
      <LISTITEM Id="7" value="" DependentOn="0">NA</LISTITEM>
    </LISTITEMS>
  </DropDownList>
  <ListBox>
    <Label>
      <Text>Call type</Text>
    </Label>
    <ControlID>5</ControlID>
    <ControlType>Basic</ControlType>
    <FieldID>lb_0ListBox</FieldID>
    <Title>Call type</Title>
    <DependentID>lb_1ListBox</DependentID>
    <X-Pos>1</X-Pos>
    <Y-Pos>65</Y-Pos>
    <Width>100</Width>
    <IsRequired>True</IsRequired>
    <IsManageable>True</IsManageable>
    <IsPostBack>False</IsPostBack>
    <Dependency>True</Dependency>
    <IsWrap>False</IsWrap>
    <PreWrap>
    </PreWrap>
    <PostWrap>
    </PostWrap>
    <PrevRef>
    </PrevRef>
    <DataSource>XML</DataSource>
    <LISTITEMS>
      <LISTITEM Id="1" value="" DependentOn="0">Post Upgrade</LISTITEM>
      <LISTITEM Id="2" value="" DependentOn="0">Pre Upgrade</LISTITEM>
      <LISTITEM Id="3" value="" DependentOn="0">New Sale</LISTITEM>
    </LISTITEMS>
  </ListBox>
  <ListBox>
    <Label>
      <Text>Call Type1</Text>
    </Label>
    <ControlID>5</ControlID>
    <ControlType>Basic</ControlType>
    <FieldID>lb_1ListBox</FieldID>
    <Title>Call Type1</Title>
    <DependentID>lb_2ListBox</DependentID>
    <X-Pos>209</X-Pos>
    <Y-Pos>65</Y-Pos>
    <Width>100</Width>
    <IsRequired>True</IsRequired>
    <IsManageable>True</IsManageable>
    <IsPostBack>False</IsPostBack>
    <Dependency>True</Dependency>
    <IsWrap>False</IsWrap>
    <PreWrap>
    </PreWrap>
    <PostWrap>
    </PostWrap>
    <PrevRef>lb_0ListBox</PrevRef>
    <DataSource>XML</DataSource>
    <LISTITEMS>
      <LISTITEM Id="1" value="" DependentOn="1">Cancel my upgrade</LISTITEM>
      <LISTITEM Id="2" value="" DependentOn="1">Change my Offer</LISTITEM>
      <LISTITEM Id="3" value="" DependentOn="1">Change my handset</LISTITEM>
      <LISTITEM Id="4" value="" DependentOn="1">Change of Ownership</LISTITEM>
      <LISTITEM Id="5" value="" DependentOn="1">Customer has passed away</LISTITEM>
      <LISTITEM Id="6" value="" DependentOn="1">Wants web offer</LISTITEM>
      <LISTITEM Id="7" value="" DependentOn="1">Jiffy bag not received</LISTITEM>
      <LISTITEM Id="8" value="" DependentOn="1">Discount not activated</LISTITEM>
      <LISTITEM Id="9" value="" DependentOn="1">Dispute upgrade offer</LISTITEM>
      <LISTITEM Id="10" value="" DependentOn="1">Exchange SIM only offer</LISTITEM>
      <LISTITEM Id="11" value="" DependentOn="1">Explain my offer</LISTITEM>
      <LISTITEM Id="12" value="" DependentOn="1">New handset not delivered</LISTITEM>
      <LISTITEM Id="13" value="" DependentOn="1">Promotion not applied</LISTITEM>
      <LISTITEM Id="14" value="" DependentOn="1">Upgrade reversal</LISTITEM>
      <LISTITEM Id="15" value="" DependentOn="1">Unlock my handset</LISTITEM>
      <LISTITEM Id="16" value="" DependentOn="1">Pre pay USIM received</LISTITEM>
      <LISTITEM Id="17" value="" DependentOn="1">Tampered box</LISTITEM>
      <LISTITEM Id="18" value="" DependentOn="1">Wants and add-on</LISTITEM>
      <LISTITEM Id="19" value="" DependentOn="1">Tech Support</LISTITEM>
      <LISTITEM Id="20" value="" DependentOn="1">Insurance Query</LISTITEM>
      <LISTITEM Id="21" value="" DependentOn="1">Bill Query</LISTITEM>
      <LISTITEM Id="22" value="" DependentOn="1">Change of address</LISTITEM>
      <LISTITEM Id="23" value="" DependentOn="1">Payments</LISTITEM>
      <LISTITEM Id="26" value="" DependentOn="1">Price Plan</LISTITEM>
      <LISTITEM Id="27" value="" DependentOn="1">I want to cancel my contract</LISTITEM>
      <LISTITEM Id="28" value="" DependentOn="2">When can I upgrade</LISTITEM>
      <LISTITEM Id="29" value="" DependentOn="2">Early upgrade request- Wants latest device</LISTITEM>
      <LISTITEM Id="30" value="" DependentOn="2">Early upgrade request- Wants latest iPhone</LISTITEM>
      <LISTITEM Id="31" value="" DependentOn="2">Early upgrade request- Faulty Device</LISTITEM>
      <LISTITEM Id="32" value="" DependentOn="3">wants a new contract</LISTITEM>
      <LISTITEM Id="33" value="" DependentOn="1">F&amp;S</LISTITEM>
      <LISTITEM Id="34" value="" DependentOn="1">Services &amp; Add-on</LISTITEM>
      <LISTITEM Id="35" value="" DependentOn="3">Wants Windows Phone 7</LISTITEM>
      <LISTITEM Id="36" value="" DependentOn="2">Early upgade request-Wants Windows Phone 7</LISTITEM>
      <LISTITEM Id="37" value="" DependentOn="2">Retentions</LISTITEM>
      <LISTITEM Id="38" value="" DependentOn="2">Network issues</LISTITEM>
      <LISTITEM Id="39" value="" DependentOn="2">Disconnect Request</LISTITEM>
      <LISTITEM Id="40" value="" DependentOn="1">Lost /Stolen</LISTITEM>
    </LISTITEMS>
  </ListBox>
  <ListBox>
    <Label>
      <Text>Call Type 2</Text>
    </Label>
    <ControlID>5</ControlID>
    <ControlType>Basic</ControlType>
    <FieldID>lb_2ListBox</FieldID>
    <Title>Call Type 2</Title>
    <DependentID>lb_5ListBox</DependentID>
    <X-Pos>423</X-Pos>
    <Y-Pos>65</Y-Pos>
    <Width>100</Width>
    <IsRequired>False</IsRequired>
    <IsManageable>True</IsManageable>
    <IsPostBack>False</IsPostBack>
    <Dependency>True</Dependency>
    <IsWrap>False</IsWrap>
    <PreWrap>
    </PreWrap>
    <PostWrap>
    </PostWrap>
    <PrevRef>lb_1ListBox</PrevRef>
    <DataSource>XML</DataSource>
    <LISTITEMS>
      <LISTITEM Id="1" value="" DependentOn="1">Unhappy with the offer</LISTITEM>
      <LISTITEM Id="2" value="" DependentOn="1">Network issues</LISTITEM>
      <LISTITEM Id="3" value="" DependentOn="2">Unhappy with the offer</LISTITEM>
      <LISTITEM Id="4" value="" DependentOn="3">Faulty</LISTITEM>
      <LISTITEM Id="5" value="" DependentOn="3">Doesnt like handset features</LISTITEM>
      <LISTITEM Id="6" value="" DependentOn="3">Likes another handset</LISTITEM>
      <LISTITEM Id="7" value="" DependentOn="4">Cannot afford</LISTITEM>
      <LISTITEM Id="8" value="" DependentOn="4">Leaving country</LISTITEM>
      <LISTITEM Id="9" value="" DependentOn="4">Taken another contract</LISTITEM>
      <LISTITEM Id="10" value="" DependentOn="5">Case raised</LISTITEM>
      <LISTITEM Id="11" value="" DependentOn="6">Xfered to COTi</LISTITEM>
      <LISTITEM Id="12" value="" DependentOn="6">Unable to provide web offer</LISTITEM>
      <LISTITEM Id="13" value="" DependentOn="7">Informed of SLA</LISTITEM>
      <LISTITEM Id="14" value="" DependentOn="8">Informed of SLA</LISTITEM>
      <LISTITEM Id="15" value="" DependentOn="8">Discount activated</LISTITEM>
      <LISTITEM Id="16" value="" DependentOn="9">Incorrect information on upgrade</LISTITEM>
      <LISTITEM Id="17" value="" DependentOn="9">Incorrect information by advisor</LISTITEM>
      <LISTITEM Id="18" value="" DependentOn="9">3GS sold as iPhone 4</LISTITEM>
      <LISTITEM Id="19" value="" DependentOn="10">Xfered to COTi</LISTITEM>
      <LISTITEM Id="20" value="" DependentOn="11">Explanation given</LISTITEM>
      <LISTITEM Id="21" value="" DependentOn="12">SO was cancelled</LISTITEM>
      <LISTITEM Id="22" value="" DependentOn="12">Incorrect SO address</LISTITEM>
      <LISTITEM Id="23" value="" DependentOn="12">Incorrect SO-delivery date</LISTITEM>
      <LISTITEM Id="24" value="" DependentOn="12">Incorrect info-DPD website</LISTITEM>
      <LISTITEM Id="25" value="" DependentOn="12">Sent to wrong address by DPD</LISTITEM>
      <LISTITEM Id="26" value="" DependentOn="12">SO Stuck</LISTITEM>
      <LISTITEM Id="27" value="" DependentOn="12">Informed as per website</LISTITEM>
      <LISTITEM Id="28" value="" DependentOn="13">Promotion applied</LISTITEM>
      <LISTITEM Id="29" value="" DependentOn="13">Upgrade mis-sold</LISTITEM>
      <LISTITEM Id="30" value="" DependentOn="13">Technical error</LISTITEM>
      <LISTITEM Id="31" value="" DependentOn="14">Xfered to HEART</LISTITEM>
      <LISTITEM Id="32" value="" DependentOn="14">Xfered to COTi</LISTITEM>
      <LISTITEM Id="33" value="" DependentOn="15">Xfered to unlock team</LISTITEM>
      <LISTITEM Id="34" value="" DependentOn="16">Querying Pre-Pay USIM</LISTITEM>
      <LISTITEM Id="35" value="" DependentOn="17">Handset damaged</LISTITEM>
      <LISTITEM Id="36" value="" DependentOn="17">Seal broken</LISTITEM>
      <LISTITEM Id="37" value="" DependentOn="17">Inbox Accessory missing</LISTITEM>
      <LISTITEM Id="38" value="" DependentOn="18">Add-On activated</LISTITEM>
      <LISTITEM Id="39" value="" DependentOn="19">How do i use my handset to</LISTITEM>
      <LISTITEM Id="40" value="" DependentOn="19">Faulty Handset-TS followed</LISTITEM>
      <LISTITEM Id="41" value="" DependentOn="19">Network Issues-TS followed</LISTITEM>
      <LISTITEM Id="42" value="" DependentOn="19">Unable to Browse-TS followed</LISTITEM>
      <LISTITEM Id="43" value="" DependentOn="20">Take insurance</LISTITEM>
      <LISTITEM Id="44" value="" DependentOn="20">Cancel insurance</LISTITEM>
      <LISTITEM Id="45" value="" DependentOn="20">Claim insurance</LISTITEM>
      <LISTITEM Id="46" value="" DependentOn="21">Biiled/Unbilled amount</LISTITEM>
      <LISTITEM Id="47" value="" DependentOn="21">Dispute billed amount</LISTITEM>
      <LISTITEM Id="48" value="" DependentOn="21">What are the charges for</LISTITEM>
      <LISTITEM Id="49" value="" DependentOn="22">Changed/Updated address</LISTITEM>
      <LISTITEM Id="50" value="" DependentOn="23">Make a payment</LISTITEM>
      <LISTITEM Id="51" value="" DependentOn="23">Dispute payments</LISTITEM>
      <LISTITEM Id="52" value="" DependentOn="23">Overdrawn-dispute charges</LISTITEM>
      <LISTITEM Id="53" value="" DependentOn="26">Explain my plan</LISTITEM>
      <LISTITEM Id="54" value="" DependentOn="26">Want to upgrade PP</LISTITEM>
      <LISTITEM Id="55" value="" DependentOn="26">Want to downgrade PP</LISTITEM>
      <LISTITEM Id="56" value="" DependentOn="27">Informed of ETF</LISTITEM>
      <LISTITEM Id="57" value="" DependentOn="27">Xfered to COTi</LISTITEM>
      <LISTITEM Id="58" value="" DependentOn="28">Informed upgrade eligibility date</LISTITEM>
      <LISTITEM Id="59" value="" DependentOn="29">Pitched for new EU offer</LISTITEM>
      <LISTITEM Id="60" value="" DependentOn="30">Pitched for new EU offer</LISTITEM>
      <LISTITEM Id="61" value="" DependentOn="30">iPhone not in stock</LISTITEM>
      <LISTITEM Id="62" value="" DependentOn="31">Pitched for new EU offer</LISTITEM>
      <LISTITEM Id="63" value="" DependentOn="31">TS followed</LISTITEM>
      <LISTITEM Id="64" value="" DependentOn="28">Pitched for new EU offer</LISTITEM>
      <LISTITEM Id="65" value="" DependentOn="28">Eligible to Upgrade</LISTITEM>
      <LISTITEM Id="66" value="" DependentOn="32">wants a new contract</LISTITEM>
      <LISTITEM Id="67" value="" DependentOn="29">Pitched offer with upfront pymnt</LISTITEM>
      <LISTITEM Id="68" value="" DependentOn="30">Pitched offer with upfront pymnt</LISTITEM>
      <LISTITEM Id="69" value="" DependentOn="31">Pitched offer with upfront pymnt</LISTITEM>
      <LISTITEM Id="70" value="" DependentOn="28">Pitched offer with upfront pymnt</LISTITEM>
      <LISTITEM Id="71" value="" DependentOn="33">Change MSISDN</LISTITEM>
      <LISTITEM Id="72" value="" DependentOn="33">Account Handled by F&amp;S</LISTITEM>
      <LISTITEM Id="73" value="" DependentOn="34">Want Add-on</LISTITEM>
      <LISTITEM Id="74" value="" DependentOn="34">Activate International Roaming</LISTITEM>
      <LISTITEM Id="75" value="" DependentOn="35">Wants Windows Phone 7</LISTITEM>
      <LISTITEM Id="76" value="" DependentOn="36">Wants Windows Phone 7</LISTITEM>
      <LISTITEM Id="77" value="" DependentOn="28">Pitched for new EU offer-L Value</LISTITEM>
      <LISTITEM Id="78" value="" DependentOn="29">Pitched for new EU offer-L Value</LISTITEM>
      <LISTITEM Id="79" value="" DependentOn="30">Pitched for new EU offer-L Value</LISTITEM>
      <LISTITEM Id="80" value="" DependentOn="31">Pitched for new EU offer-L Value</LISTITEM>
      <LISTITEM Id="81" value="" DependentOn="36">Pitched for new EU offer-L Value</LISTITEM>
      <LISTITEM Id="82" value="" DependentOn="37">Wants Windows Phone 7</LISTITEM>
      <LISTITEM Id="83" value="" DependentOn="38">LAC switch off</LISTITEM>
      <LISTITEM Id="84" value="" DependentOn="39">Going abroad</LISTITEM>
      <LISTITEM Id="85" value="" DependentOn="39">Coverage issues</LISTITEM>
      <LISTITEM Id="86" value="" DependentOn="39">Not Eligibile for upgrade</LISTITEM>
      <LISTITEM Id="87" value="" DependentOn="39">Better deal from Competitor</LISTITEM>
      <LISTITEM Id="88" value="" DependentOn="39">Dealer paying off the Etf &amp; giving a New contract</LISTITEM>
      <LISTITEM Id="89" value="" DependentOn="12">Delayed due to Weather conditions</LISTITEM>
      <LISTITEM Id="90" value="" DependentOn="40">Sim &amp; Handset Lost</LISTITEM>
      <LISTITEM Id="91" value="" DependentOn="40">Sim Lost</LISTITEM>
      <LISTITEM Id="92" value="" DependentOn="40">handset lost</LISTITEM>
    </LISTITEMS>
  </ListBox>
  <ListBox>
    <Label>
      <Text>Outcome</Text>
    </Label>
    <ControlID>5</ControlID>
    <ControlType>Basic</ControlType>
    <FieldID>lb_5ListBox</FieldID>
    <Title>Outcome</Title>
    <DependentID>
    </DependentID>
    <X-Pos>638</X-Pos>
    <Y-Pos>65</Y-Pos>
    <Width>100</Width>
    <IsRequired>True</IsRequired>
    <IsManageable>True</IsManageable>
    <IsPostBack>False</IsPostBack>
    <Dependency>True</Dependency>
    <IsWrap>False</IsWrap>
    <PreWrap>
    </PreWrap>
    <PostWrap>
    </PostWrap>
    <PrevRef>lb_2ListBox</PrevRef>
    <DataSource>XML</DataSource>
    <LISTITEMS>
      <LISTITEM Id="1" value="" DependentOn="1">Xfered to HEART</LISTITEM>
      <LISTITEM Id="2" value="" DependentOn="1">Xfered to COTi</LISTITEM>
      <LISTITEM Id="3" value="" DependentOn="2">Xfered to COTi</LISTITEM>
      <LISTITEM Id="4" value="" DependentOn="2">Followed TS gave settings</LISTITEM>
      <LISTITEM Id="5" value="" DependentOn="3">Xfered to COTi</LISTITEM>
      <LISTITEM Id="6" value="" DependentOn="3">Gave benefits retained on the offer</LISTITEM>
      <LISTITEM Id="7" value="" DependentOn="58">Informed about upgrade eligiblity date</LISTITEM>
      <LISTITEM Id="8" value="" DependentOn="59">Offer Accepted</LISTITEM>
      <LISTITEM Id="9" value="" DependentOn="59">Offer declined - not happy to pay ETF</LISTITEM>
      <LISTITEM Id="10" value="" DependentOn="59">Offer declined - preferred handset not in stock</LISTITEM>
      <LISTITEM Id="11" value="" DependentOn="59">Offer declined - wants 18 months contract only</LISTITEM>
      <LISTITEM Id="12" value="" DependentOn="59">Offer declined - wants more discount on ETF</LISTITEM>
      <LISTITEM Id="13" value="" DependentOn="59">Offer declined - wants a cheaper offer</LISTITEM>
      <LISTITEM Id="14" value="" DependentOn="59">Considering offer</LISTITEM>
      <LISTITEM Id="15" value="" DependentOn="60">Offer Accepted</LISTITEM>
      <LISTITEM Id="16" value="" DependentOn="60">Offer declined - not happy to pay ETF</LISTITEM>
      <LISTITEM Id="17" value="" DependentOn="60">Offer declined - preferred handset not in stock</LISTITEM>
      <LISTITEM Id="18" value="" DependentOn="60">Offer declined - wants 18 months contract only</LISTITEM>
      <LISTITEM Id="19" value="" DependentOn="60">Offer declined - wants more discount on ETF</LISTITEM>
      <LISTITEM Id="20" value="" DependentOn="60">Offer declined - wants a cheaper offer</LISTITEM>
      <LISTITEM Id="21" value="" DependentOn="60">Considering offer</LISTITEM>
      <LISTITEM Id="22" value="" DependentOn="61">Will call once eligible for upgrade</LISTITEM>
      <LISTITEM Id="23" value="" DependentOn="62">Offer Accepted</LISTITEM>
      <LISTITEM Id="24" value="" DependentOn="62">Offer declined - not happy to pay ETF</LISTITEM>
      <LISTITEM Id="25" value="" DependentOn="62">Offer declined - preferred handset not in stock</LISTITEM>
      <LISTITEM Id="26" value="" DependentOn="62">Offer declined - wants 18 months contract only</LISTITEM>
      <LISTITEM Id="27" value="" DependentOn="62">Offer declined - wants more discount on ETF</LISTITEM>
      <LISTITEM Id="28" value="" DependentOn="62">Offer declined - wants a cheaper offer</LISTITEM>
      <LISTITEM Id="29" value="" DependentOn="62">Considering offer</LISTITEM>
      <LISTITEM Id="30" value="" DependentOn="63">Issue resolved</LISTITEM>
      <LISTITEM Id="31" value="" DependentOn="63">Booked device for repairs</LISTITEM>
      <LISTITEM Id="32" value="" DependentOn="63">Mitigation Exchange processed</LISTITEM>
      <LISTITEM Id="33" value="" DependentOn="49">NA</LISTITEM>
      <LISTITEM Id="34" value="" DependentOn="53">NA</LISTITEM>
      <LISTITEM Id="35" value="" DependentOn="54">Business rules met-Changed PP</LISTITEM>
      <LISTITEM Id="36" value="" DependentOn="54">Business rules not met</LISTITEM>
      <LISTITEM Id="37" value="" DependentOn="55">Business rules met-Changed PP</LISTITEM>
      <LISTITEM Id="38" value="" DependentOn="55">Business rules not met</LISTITEM>
      <LISTITEM Id="39" value="" DependentOn="50">Payment taken</LISTITEM>
      <LISTITEM Id="40" value="" DependentOn="51">Explained details</LISTITEM>
      <LISTITEM Id="41" value="" DependentOn="51">Case raised to Payments</LISTITEM>
      <LISTITEM Id="42" value="" DependentOn="52">Case raised</LISTITEM>
      <LISTITEM Id="43" value="" DependentOn="4">Xferred to Heart</LISTITEM>
      <LISTITEM Id="44" value="" DependentOn="5">Xferred to Heart</LISTITEM>
      <LISTITEM Id="45" value="" DependentOn="5">Helped with features</LISTITEM>
      <LISTITEM Id="46" value="" DependentOn="6">Xferred to Heart</LISTITEM>
      <LISTITEM Id="47" value="" DependentOn="6">Directed to Point of Sale</LISTITEM>
      <LISTITEM Id="48" value="" DependentOn="1">Directed customer to point of sale</LISTITEM>
      <LISTITEM Id="49" value="" DependentOn="1">Xfered to SIM only team</LISTITEM>
      <LISTITEM Id="50" value="" DependentOn="7">Code given</LISTITEM>
      <LISTITEM Id="51" value="" DependentOn="7">Not met all criteria</LISTITEM>
      <LISTITEM Id="52" value="" DependentOn="8">Code given</LISTITEM>
      <LISTITEM Id="53" value="" DependentOn="8">Not met all criteria</LISTITEM>
      <LISTITEM Id="54" value="" DependentOn="9">Code given</LISTITEM>
      <LISTITEM Id="55" value="" DependentOn="9">Not met all criteria</LISTITEM>
      <LISTITEM Id="56" value="" DependentOn="10">Asked to send Death Certificate</LISTITEM>
      <LISTITEM Id="57" value="" DependentOn="11">Xfered to COTI</LISTITEM>
      <LISTITEM Id="58" value="" DependentOn="12">Unable to provide web offer</LISTITEM>
      <LISTITEM Id="59" value="" DependentOn="13">Informed of SLA</LISTITEM>
      <LISTITEM Id="60" value="" DependentOn="14">Informed of SLA</LISTITEM>
      <LISTITEM Id="61" value="" DependentOn="15">Informed the SLA</LISTITEM>
      <LISTITEM Id="62" value="" DependentOn="16">Xfer to SET or case raised</LISTITEM>
      <LISTITEM Id="63" value="" DependentOn="16">Explaination given</LISTITEM>
      <LISTITEM Id="64" value="" DependentOn="17">Xfer to SET or case raised</LISTITEM>
      <LISTITEM Id="65" value="" DependentOn="17">Explaination given</LISTITEM>
      <LISTITEM Id="66" value="" DependentOn="19">Xfered to COTI</LISTITEM>
      <LISTITEM Id="67" value="" DependentOn="20">Customer agreed</LISTITEM>
      <LISTITEM Id="68" value="" DependentOn="20">Disputed - xfered to SET</LISTITEM>
      <LISTITEM Id="69" value="" DependentOn="21">Raised a new SO</LISTITEM>
      <LISTITEM Id="70" value="" DependentOn="22">Mail sent to DPD</LISTITEM>
      <LISTITEM Id="71" value="" DependentOn="23">Mail sent to DPD</LISTITEM>
      <LISTITEM Id="72" value="" DependentOn="24">Called DPD-gave SLA</LISTITEM>
      <LISTITEM Id="73" value="" DependentOn="25">Raised case-gave SLA</LISTITEM>
      <LISTITEM Id="74" value="" DependentOn="26">Raised case-gave SLA</LISTITEM>
      <LISTITEM Id="75" value="" DependentOn="27">Gave SLA</LISTITEM>
      <LISTITEM Id="76" value="" DependentOn="28">Informed of the SLA</LISTITEM>
      <LISTITEM Id="77" value="" DependentOn="30">Informed of the SLA</LISTITEM>
      <LISTITEM Id="78" value="" DependentOn="29">Xfered to SET or case raised</LISTITEM>
      <LISTITEM Id="79" value="" DependentOn="31">Xfered to HEART</LISTITEM>
      <LISTITEM Id="80" value="" DependentOn="32">Xfered to COTI</LISTITEM>
      <LISTITEM Id="81" value="" DependentOn="33">Xfered to DCK</LISTITEM>
      <LISTITEM Id="82" value="" DependentOn="34">Explained details</LISTITEM>
      <LISTITEM Id="83" value="" DependentOn="35">New SO raised</LISTITEM>
      <LISTITEM Id="84" value="" DependentOn="36">New SO raised</LISTITEM>
      <LISTITEM Id="85" value="" DependentOn="37">New SO raised</LISTITEM>
      <LISTITEM Id="86" value="" DependentOn="38">Add-on activated SLA given</LISTITEM>
      <LISTITEM Id="87" value="" DependentOn="39">Explained details</LISTITEM>
      <LISTITEM Id="88" value="" DependentOn="40">Issue resolved</LISTITEM>
      <LISTITEM Id="89" value="" DependentOn="41">Issue resolved</LISTITEM>
      <LISTITEM Id="90" value="" DependentOn="42">Issue resolved</LISTITEM>
      <LISTITEM Id="91" value="" DependentOn="43">Xfered to LSG</LISTITEM>
      <LISTITEM Id="92" value="" DependentOn="43">Gave contact details</LISTITEM>
      <LISTITEM Id="93" value="" DependentOn="43">Not eligible</LISTITEM>
      <LISTITEM Id="94" value="" DependentOn="44">Xfered to LSG</LISTITEM>
      <LISTITEM Id="95" value="" DependentOn="44">Gave contact details</LISTITEM>
      <LISTITEM Id="96" value="" DependentOn="45">Xfered to LSG</LISTITEM>
      <LISTITEM Id="97" value="" DependentOn="45">Gave contact details</LISTITEM>
      <LISTITEM Id="98" value="" DependentOn="46">Gave details</LISTITEM>
      <LISTITEM Id="99" value="" DependentOn="47">Gave details</LISTITEM>
      <LISTITEM Id="100" value="" DependentOn="48">Gave details</LISTITEM>
      <LISTITEM Id="102" value="" DependentOn="56">Agreed to call back</LISTITEM>
      <LISTITEM Id="103" value="" DependentOn="57">Xfered to COTI</LISTITEM>
      <LISTITEM Id="104" value="" DependentOn="64">Offer Accepted</LISTITEM>
      <LISTITEM Id="105" value="" DependentOn="64">Offer declined - not happy to pay ETF</LISTITEM>
      <LISTITEM Id="106" value="" DependentOn="64">Offer declined - preferred handset not in stock</LISTITEM>
      <LISTITEM Id="107" value="" DependentOn="64">Offer declined - wants 18 months contract only</LISTITEM>
      <LISTITEM Id="108" value="" DependentOn="64">Offer declined - wants a cheaper offer</LISTITEM>
      <LISTITEM Id="109" value="" DependentOn="64">Offer declined - wants more discount on ETF</LISTITEM>
      <LISTITEM Id="110" value="" DependentOn="64">Considering offer</LISTITEM>
      <LISTITEM Id="111" value="" DependentOn="65">Xferred to DU</LISTITEM>
      <LISTITEM Id="112" value="" DependentOn="66">Xferred to Direct Sales</LISTITEM>
      <LISTITEM Id="113" value="" DependentOn="56">Customer agreed to pay ETF Xferred to COTi</LISTITEM>
      <LISTITEM Id="114" value="" DependentOn="67">Offer Accepted</LISTITEM>
      <LISTITEM Id="115" value="" DependentOn="67">Offer declined - not happy to pay upfront payment</LISTITEM>
      <LISTITEM Id="116" value="" DependentOn="68">Offer declined - not happy to pay upfront payment</LISTITEM>
      <LISTITEM Id="118" value="" DependentOn="69">Offer declined - not happy to pay upfront payment</LISTITEM>
      <LISTITEM Id="119" value="" DependentOn="69">Offer Accepted</LISTITEM>
      <LISTITEM Id="120" value="" DependentOn="70">Offer declined - not happy to pay upfront payment</LISTITEM>
      <LISTITEM Id="121" value="" DependentOn="70">Offer Accepted</LISTITEM>
      <LISTITEM Id="122" value="" DependentOn="68">Agreed to pay ETF xferd to DU</LISTITEM>
      <LISTITEM Id="123" value="" DependentOn="71">Done-informed £10.00 charge</LISTITEM>
      <LISTITEM Id="124" value="" DependentOn="71">Done-waived £10.00 charge</LISTITEM>
      <LISTITEM Id="125" value="" DependentOn="74">Done</LISTITEM>
      <LISTITEM Id="126" value="" DependentOn="74">Xferred to Credit Referrals</LISTITEM>
      <LISTITEM Id="127" value="" DependentOn="73">Activated-Advised SLA</LISTITEM>
      <LISTITEM Id="128" value="" DependentOn="75">Wants Windows Phone 7</LISTITEM>
      <LISTITEM Id="129" value="" DependentOn="76">Wants Windows Phone 7</LISTITEM>
      <LISTITEM Id="130" value="" DependentOn="77">Offer Accepted</LISTITEM>
      <LISTITEM Id="131" value="" DependentOn="77">Offer declined - not happy to pay ETF</LISTITEM>
      <LISTITEM Id="132" value="" DependentOn="77">Offer declined - preferred handset not in stock</LISTITEM>
      <LISTITEM Id="133" value="" DependentOn="77">Offer declined - wants 18 months contract only</LISTITEM>
      <LISTITEM Id="134" value="" DependentOn="77">Offer declined - wants a cheaper offer</LISTITEM>
      <LISTITEM Id="135" value="" DependentOn="77">Offer declined - wants more discount on ETF</LISTITEM>
      <LISTITEM Id="136" value="" DependentOn="77">Considering offer</LISTITEM>
      <LISTITEM Id="137" value="" DependentOn="78">Offer Accepted</LISTITEM>
      <LISTITEM Id="138" value="" DependentOn="78">Offer declined - not happy to pay ETF</LISTITEM>
      <LISTITEM Id="139" value="" DependentOn="78">Offer declined - preferred handset not in stock</LISTITEM>
      <LISTITEM Id="140" value="" DependentOn="78">Offer declined - wants 18 months contract only</LISTITEM>
      <LISTITEM Id="141" value="" DependentOn="78">Offer declined - wants more discount on ETF</LISTITEM>
      <LISTITEM Id="142" value="" DependentOn="78">Offer declined - wants a cheaper offer</LISTITEM>
      <LISTITEM Id="143" value="" DependentOn="78">Considering offer</LISTITEM>
      <LISTITEM Id="144" value="" DependentOn="79">Offer Accepted</LISTITEM>
      <LISTITEM Id="145" value="" DependentOn="79">Offer declined - not happy to pay ETF</LISTITEM>
      <LISTITEM Id="146" value="" DependentOn="79">Offer declined - preferred handset not in stock</LISTITEM>
      <LISTITEM Id="147" value="" DependentOn="79">Offer declined - wants 18 months contract only</LISTITEM>
      <LISTITEM Id="148" value="" DependentOn="79">Offer declined - wants more discount on ETF</LISTITEM>
      <LISTITEM Id="149" value="" DependentOn="79">Offer declined - wants a cheaper offer</LISTITEM>
      <LISTITEM Id="150" value="" DependentOn="79">Considering offer</LISTITEM>
      <LISTITEM Id="151" value="" DependentOn="80">Offer Accepted</LISTITEM>
      <LISTITEM Id="152" value="" DependentOn="80">Offer declined - not happy to pay ETF</LISTITEM>
      <LISTITEM Id="153" value="" DependentOn="80">Offer declined - preferred handset not in stock</LISTITEM>
      <LISTITEM Id="154" value="" DependentOn="80">Offer declined - wants 18 months contract only</LISTITEM>
      <LISTITEM Id="155" value="" DependentOn="80">Offer declined - wants more discount on ETF</LISTITEM>
      <LISTITEM Id="156" value="" DependentOn="80">Offer declined - wants a cheaper offer</LISTITEM>
      <LISTITEM Id="157" value="" DependentOn="80">Considering offer</LISTITEM>
      <LISTITEM Id="158" value="" DependentOn="81">Wants Windows Phone 7</LISTITEM>
      <LISTITEM Id="159" value="" DependentOn="82">Gave relevent information</LISTITEM>
      <LISTITEM Id="160" value="" DependentOn="82">Gave relevent information abt Windows Phone 7</LISTITEM>
      <LISTITEM Id="161" value="" DependentOn="83">Raised case</LISTITEM>
      <LISTITEM Id="162" value="" DependentOn="83">Xfered to TBO.</LISTITEM>
      <LISTITEM Id="163" value="" DependentOn="83">Xfered to 2nd Line Technical Support.</LISTITEM>
      <LISTITEM Id="164" value="" DependentOn="66">Wants I Phone 4</LISTITEM>
      <LISTITEM Id="165" value="" DependentOn="84">Informed abt Etf</LISTITEM>
      <LISTITEM Id="166" value="" DependentOn="84">Xfered to Coti</LISTITEM>
      <LISTITEM Id="167" value="" DependentOn="84">Xfered to PLR</LISTITEM>
      <LISTITEM Id="168" value="" DependentOn="85">Informed abt Etf</LISTITEM>
      <LISTITEM Id="169" value="" DependentOn="85">Xfered to 2nd Line</LISTITEM>
      <LISTITEM Id="170" value="" DependentOn="85">Xfered to TBO</LISTITEM>
      <LISTITEM Id="171" value="" DependentOn="85">Xfered to Coti/PLR</LISTITEM>
      <LISTITEM Id="172" value="" DependentOn="86">Xfered to Coti/DU/PLR</LISTITEM>
      <LISTITEM Id="173" value="" DependentOn="86">Informed abt ETF</LISTITEM>
      <LISTITEM Id="174" value="" DependentOn="87">Informed abt ETF</LISTITEM>
      <LISTITEM Id="175" value="" DependentOn="87">Informed abt  Early upgrade deals</LISTITEM>
      <LISTITEM Id="176" value="" DependentOn="87">transfered the call to COti/DU/PLR</LISTITEM>
      <LISTITEM Id="177" value="" DependentOn="88">Informed abt the ETF</LISTITEM>
      <LISTITEM Id="178" value="" DependentOn="88">transfered the call to DU/PLR/Coti</LISTITEM>
      <LISTITEM Id="179" value="" DependentOn="89">Directed to DPD website/ Customer services</LISTITEM>
    </LISTITEMS>
  </ListBox>
  <ListBox>
    <Label>
      <Text>New Tarrif</Text>
    </Label>
    <ControlID>5</ControlID>
    <ControlType>Basic</ControlType>
    <FieldID>lb_6ListBox</FieldID>
    <Title>New Tarrif</Title>
    <DependentID>
    </DependentID>
    <X-Pos>2</X-Pos>
    <Y-Pos>239</Y-Pos>
    <Width>100</Width>
    <IsRequired>True</IsRequired>
    <IsManageable>True</IsManageable>
    <IsPostBack>False</IsPostBack>
    <Dependency>False</Dependency>
    <IsWrap>True</IsWrap>
    <PreWrap>New Tarrif</PreWrap>
    <PostWrap>New Contract Term 24 months</PostWrap>
    <PrevRef>
    </PrevRef>
    <DataSource>XML</DataSource>
    <LISTITEMS>
      <LISTITEM Id="2" value="" DependentOn="0">£20 Internet Texter 24mths</LISTITEM>
      <LISTITEM Id="4" value="" DependentOn="0">£25 Internet Texter 24mths</LISTITEM>
      <LISTITEM Id="5" value="" DependentOn="0">£35 Internet Texter 24mths</LISTITEM>
      <LISTITEM Id="6" value="" DependentOn="0">Internet Talker 100</LISTITEM>
      <LISTITEM Id="7" value="" DependentOn="0">Internet Talker 300</LISTITEM>
      <LISTITEM Id="8" value="" DependentOn="0">Internet Talker 500</LISTITEM>
      <LISTITEM Id="9" value="" DependentOn="0">Internet Talker 900</LISTITEM>
      <LISTITEM Id="10" value="" DependentOn="0">Internet Talker 1200</LISTITEM>
      <LISTITEM Id="11" value="" DependentOn="0">Internet Texter 100</LISTITEM>
      <LISTITEM Id="12" value="" DependentOn="0">Internet Texter 300</LISTITEM>
      <LISTITEM Id="13" value="" DependentOn="0">Internet Texter 500</LISTITEM>
      <LISTITEM Id="14" value="" DependentOn="0">Internet Texter 900</LISTITEM>
      <LISTITEM Id="15" value="" DependentOn="0">The One Plan</LISTITEM>
      <LISTITEM Id="16" value="" DependentOn="0">NA</LISTITEM>
    </LISTITEMS>
  </ListBox>
  <ListBox>
    <Label>
      <Text>Handsets</Text>
    </Label>
    <ControlID>5</ControlID>
    <ControlType>Basic</ControlType>
    <FieldID>lb_7ListBox</FieldID>
    <Title>Handsets</Title>
    <DependentID>
    </DependentID>
    <X-Pos>215</X-Pos>
    <Y-Pos>239</Y-Pos>
    <Width>100</Width>
    <IsRequired>True</IsRequired>
    <IsManageable>True</IsManageable>
    <IsPostBack>False</IsPostBack>
    <Dependency>False</Dependency>
    <IsWrap>True</IsWrap>
    <PreWrap>New Handset</PreWrap>
    <PostWrap>.</PostWrap>
    <PrevRef>
    </PrevRef>
    <DataSource>XML</DataSource>
    <LISTITEMS>
      <LISTITEM Id="1" value="" DependentOn="0">Blackberry 9700 Onyx</LISTITEM>
      <LISTITEM Id="2" value="" DependentOn="0">Samsung I5700</LISTITEM>
      <LISTITEM Id="3" value="" DependentOn="0">SEM X10</LISTITEM>
      <LISTITEM Id="4" value="" DependentOn="0">SEM X10 mini</LISTITEM>
      <LISTITEM Id="5" value="" DependentOn="0">SEM Vivaz</LISTITEM>
      <LISTITEM Id="6" value="" DependentOn="0">SEM X10 mini pro</LISTITEM>
      <LISTITEM Id="7" value="" DependentOn="0">Nokia X6</LISTITEM>
      <LISTITEM Id="8" value="" DependentOn="0">Nokia E72</LISTITEM>
      <LISTITEM Id="9" value="" DependentOn="0">Nokia 6700 (silver only)</LISTITEM>
      <LISTITEM Id="10" value="" DependentOn="0">Nokia 5230 (black only)</LISTITEM>
      <LISTITEM Id="11" value="" DependentOn="0">SEM ZYLO</LISTITEM>
      <LISTITEM Id="13" value="" DependentOn="0">Nokia 6700 -Red</LISTITEM>
      <LISTITEM Id="14" value="" DependentOn="0">BlackBerry 9105</LISTITEM>
      <LISTITEM Id="16" value="" DependentOn="0">SEM Hazel (black and red)</LISTITEM>
      <LISTITEM Id="17" value="" DependentOn="0">Samsung Galaxy Si9000</LISTITEM>
      <LISTITEM Id="18" value="" DependentOn="0">HTC Desire</LISTITEM>
      <LISTITEM Id="19" value="" DependentOn="0">Samsung Omnia - with Windows 7</LISTITEM>
      <LISTITEM Id="21" value="" DependentOn="0">Nokia C7 (any colour)</LISTITEM>
      <LISTITEM Id="22" value="" DependentOn="0">Samsung Europa</LISTITEM>
      <LISTITEM Id="23" value="" DependentOn="0">I phone 4 16gb Black</LISTITEM>
      <LISTITEM Id="24" value="" DependentOn="0">I Phone 4 32 gb Black</LISTITEM>
      <LISTITEM Id="25" value="" DependentOn="0">I Phone 3GS  8 gb Black</LISTITEM>
      <LISTITEM Id="26" value="" DependentOn="0">Nokia N8</LISTITEM>
      <LISTITEM Id="27" value="" DependentOn="0">Nokia E5</LISTITEM>
      <LISTITEM Id="28" value="" DependentOn="0">Blackberry curve 9300</LISTITEM>
      <LISTITEM Id="29" value="" DependentOn="0">Blackberry Torch 9800</LISTITEM>
      <LISTITEM Id="30" value="" DependentOn="0">HTC Desire HD</LISTITEM>
      <LISTITEM Id="31" value="" DependentOn="0">HTC Wildfire</LISTITEM>
      <LISTITEM Id="32" value="" DependentOn="0">LG Optimus</LISTITEM>
      <LISTITEM Id="33" value="" DependentOn="0">ZTE Racer</LISTITEM>
      <LISTITEM Id="34" value="" DependentOn="0">Nokia E71</LISTITEM>
      <LISTITEM Id="35" value="" DependentOn="0">Nokia E 63</LISTITEM>
      <LISTITEM Id="36" value="" DependentOn="0">Nokia 2730</LISTITEM>
      <LISTITEM Id="37" value="" DependentOn="0">Nokia 6700 slider</LISTITEM>
      <LISTITEM Id="38" value="" DependentOn="0">SEM CEDAR</LISTITEM>
      <LISTITEM Id="39" value="" DependentOn="0">Nokia X3-02</LISTITEM>
      <LISTITEM Id="40" value="" DependentOn="0">SEM X 8</LISTITEM>
      <LISTITEM Id="41" value="" DependentOn="0">NA</LISTITEM>
    </LISTITEMS>
  </ListBox>
  <ListBox>
    <Label>
      <Text>Handset Combination Charge</Text>
    </Label>
    <ControlID>5</ControlID>
    <ControlType>Basic</ControlType>
    <FieldID>lb_12ListBox</FieldID>
    <Title>Handset Combination Charge</Title>
    <DependentID>
    </DependentID>
    <X-Pos>425</X-Pos>
    <Y-Pos>239</Y-Pos>
    <Width>100</Width>
    <IsRequired>True</IsRequired>
    <IsManageable>True</IsManageable>
    <IsPostBack>False</IsPostBack>
    <Dependency>False</Dependency>
    <IsWrap>True</IsWrap>
    <PreWrap>Handset Combination Charge</PreWrap>
    <PostWrap>.</PostWrap>
    <PrevRef>
    </PrevRef>
    <DataSource>XML</DataSource>
    <LISTITEMS>
      <LISTITEM Id="1" value="" DependentOn="0">£1</LISTITEM>
      <LISTITEM Id="2" value="" DependentOn="0">£2</LISTITEM>
      <LISTITEM Id="3" value="" DependentOn="0">£3</LISTITEM>
      <LISTITEM Id="4" value="" DependentOn="0">£4</LISTITEM>
      <LISTITEM Id="5" value="" DependentOn="0">£5</LISTITEM>
      <LISTITEM Id="6" value="" DependentOn="0">£6</LISTITEM>
      <LISTITEM Id="7" value="" DependentOn="0">£7</LISTITEM>
      <LISTITEM Id="8" value="" DependentOn="0">£8</LISTITEM>
      <LISTITEM Id="9" value="" DependentOn="0">£9</LISTITEM>
      <LISTITEM Id="10" value="" DependentOn="0">£10</LISTITEM>
      <LISTITEM Id="11" value="" DependentOn="0">£11</LISTITEM>
      <LISTITEM Id="12" value="" DependentOn="0">£12</LISTITEM>
      <LISTITEM Id="13" value="" DependentOn="0">£13</LISTITEM>
      <LISTITEM Id="14" value="" DependentOn="0">£14</LISTITEM>
      <LISTITEM Id="15" value="" DependentOn="0">£15</LISTITEM>
      <LISTITEM Id="16" value="" DependentOn="0">£16</LISTITEM>
      <LISTITEM Id="17" value="" DependentOn="0">£17</LISTITEM>
      <LISTITEM Id="18" value="" DependentOn="0">£18</LISTITEM>
      <LISTITEM Id="19" value="" DependentOn="0">£19</LISTITEM>
      <LISTITEM Id="20" value="" DependentOn="0">£20</LISTITEM>
      <LISTITEM Id="21" value="" DependentOn="0">£21</LISTITEM>
      <LISTITEM Id="22" value="" DependentOn="0">£22</LISTITEM>
      <LISTITEM Id="23" value="" DependentOn="0">£23</LISTITEM>
      <LISTITEM Id="24" value="" DependentOn="0">£24</LISTITEM>
      <LISTITEM Id="25" value="" DependentOn="0">£25</LISTITEM>
      <LISTITEM Id="26" value="" DependentOn="0">NA</LISTITEM>
    </LISTITEMS>
  </ListBox>
  <ListBox>
    <Label>
      <Text>Monthly Line Rental</Text>
    </Label>
    <ControlID>5</ControlID>
    <ControlType>Basic</ControlType>
    <FieldID>lb_13ListBox</FieldID>
    <Title>Monthly Line Rental</Title>
    <DependentID>
    </DependentID>
    <X-Pos>636</X-Pos>
    <Y-Pos>239</Y-Pos>
    <Width>100</Width>
    <IsRequired>True</IsRequired>
    <IsManageable>True</IsManageable>
    <IsPostBack>False</IsPostBack>
    <Dependency>False</Dependency>
    <IsWrap>True</IsWrap>
    <PreWrap>Monthly Line Rental</PreWrap>
    <PostWrap>.</PostWrap>
    <PrevRef>
    </PrevRef>
    <DataSource>XML</DataSource>
    <LISTITEMS>
      <LISTITEM Id="1" value="" DependentOn="0">£10</LISTITEM>
      <LISTITEM Id="2" value="" DependentOn="0">£11</LISTITEM>
      <LISTITEM Id="3" value="" DependentOn="0">£12</LISTITEM>
      <LISTITEM Id="4" value="" DependentOn="0">£13</LISTITEM>
      <LISTITEM Id="5" value="" DependentOn="0">£14</LISTITEM>
      <LISTITEM Id="6" value="" DependentOn="0">£15</LISTITEM>
      <LISTITEM Id="7" value="" DependentOn="0">£16</LISTITEM>
      <LISTITEM Id="8" value="" DependentOn="0">£17</LISTITEM>
      <LISTITEM Id="9" value="" DependentOn="0">£18</LISTITEM>
      <LISTITEM Id="10" value="" DependentOn="0">£19</LISTITEM>
      <LISTITEM Id="11" value="" DependentOn="0">£20</LISTITEM>
      <LISTITEM Id="12" value="" DependentOn="0">£21</LISTITEM>
      <LISTITEM Id="13" value="" DependentOn="0">£22</LISTITEM>
      <LISTITEM Id="14" value="" DependentOn="0">£23</LISTITEM>
      <LISTITEM Id="15" value="" DependentOn="0">£24</LISTITEM>
      <LISTITEM Id="16" value="" DependentOn="0">£25</LISTITEM>
      <LISTITEM Id="17" value="" DependentOn="0">£26</LISTITEM>
      <LISTITEM Id="18" value="" DependentOn="0">£27</LISTITEM>
      <LISTITEM Id="19" value="" DependentOn="0">£28</LISTITEM>
      <LISTITEM Id="20" value="" DependentOn="0">£29</LISTITEM>
      <LISTITEM Id="21" value="" DependentOn="0">£30</LISTITEM>
      <LISTITEM Id="22" value="" DependentOn="0">£31</LISTITEM>
      <LISTITEM Id="23" value="" DependentOn="0">£32</LISTITEM>
      <LISTITEM Id="24" value="" DependentOn="0">£33</LISTITEM>
      <LISTITEM Id="25" value="" DependentOn="0">£34</LISTITEM>
      <LISTITEM Id="26" value="" DependentOn="0">£35</LISTITEM>
      <LISTITEM Id="27" value="" DependentOn="0">£36</LISTITEM>
      <LISTITEM Id="28" value="" DependentOn="0">£37</LISTITEM>
      <LISTITEM Id="29" value="" DependentOn="0">£38</LISTITEM>
      <LISTITEM Id="30" value="" DependentOn="0">£39</LISTITEM>
      <LISTITEM Id="31" value="" DependentOn="0">£40</LISTITEM>
      <LISTITEM Id="32" value="" DependentOn="0">£41</LISTITEM>
      <LISTITEM Id="33" value="" DependentOn="0">£42</LISTITEM>
      <LISTITEM Id="34" value="" DependentOn="0">£43</LISTITEM>
      <LISTITEM Id="35" value="" DependentOn="0">£44</LISTITEM>
      <LISTITEM Id="36" value="" DependentOn="0">£45</LISTITEM>
      <LISTITEM Id="37" value="" DependentOn="0">£46</LISTITEM>
      <LISTITEM Id="38" value="" DependentOn="0">£47</LISTITEM>
      <LISTITEM Id="39" value="" DependentOn="0">£48</LISTITEM>
      <LISTITEM Id="40" value="" DependentOn="0">£49</LISTITEM>
      <LISTITEM Id="41" value="" DependentOn="0">£50</LISTITEM>
      <LISTITEM Id="42" value="" DependentOn="0">£51</LISTITEM>
      <LISTITEM Id="43" value="" DependentOn="0">£52</LISTITEM>
      <LISTITEM Id="44" value="" DependentOn="0">£53</LISTITEM>
      <LISTITEM Id="45" value="" DependentOn="0">£54</LISTITEM>
      <LISTITEM Id="46" value="" DependentOn="0">£55</LISTITEM>
      <LISTITEM Id="47" value="" DependentOn="0">£56</LISTITEM>
      <LISTITEM Id="48" value="" DependentOn="0">£57</LISTITEM>
      <LISTITEM Id="49" value="" DependentOn="0">£58</LISTITEM>
      <LISTITEM Id="50" value="" DependentOn="0">£59</LISTITEM>
      <LISTITEM Id="51" value="" DependentOn="0">£60</LISTITEM>
      <LISTITEM Id="52" value="" DependentOn="0">£61</LISTITEM>
      <LISTITEM Id="53" value="" DependentOn="0">£62</LISTITEM>
      <LISTITEM Id="54" value="" DependentOn="0">£63</LISTITEM>
      <LISTITEM Id="55" value="" DependentOn="0">£64</LISTITEM>
      <LISTITEM Id="56" value="" DependentOn="0">£65</LISTITEM>
      <LISTITEM Id="57" value="" DependentOn="0">£66</LISTITEM>
      <LISTITEM Id="58" value="" DependentOn="0">£67</LISTITEM>
      <LISTITEM Id="59" value="" DependentOn="0">£68</LISTITEM>
      <LISTITEM Id="60" value="" DependentOn="0">£69</LISTITEM>
      <LISTITEM Id="61" value="" DependentOn="0">£70</LISTITEM>
      <LISTITEM Id="62" value="" DependentOn="0">NA</LISTITEM>
    </LISTITEMS>
  </ListBox>
  <DropDownList>
    <Label>
      <Text>Delivery Charge</Text>
    </Label>
    <ControlID>2</ControlID>
    <ControlType>Basic</ControlType>
    <FieldID>ddl_4DropDown</FieldID>
    <Title>Delivery Charge</Title>
    <DependentID>
    </DependentID>
    <X-Pos>887</X-Pos>
    <Y-Pos>225</Y-Pos>
    <Width>200</Width>
    <IsRequired>True</IsRequired>
    <IsManageable>True</IsManageable>
    <IsPostBack>False</IsPostBack>
    <Dependency>False</Dependency>
    <IsWrap>True</IsWrap>
    <PreWrap>Delivery Charge</PreWrap>
    <PostWrap>.</PostWrap>
    <PrevRef>
    </PrevRef>
    <DataSource>XML</DataSource>
    <LISTITEMS>
      <LISTITEM Id="1" value="" DependentOn="0">Waived £1.95</LISTITEM>
      <LISTITEM Id="2" value="" DependentOn="0">Applied £1.95</LISTITEM>
      <LISTITEM Id="4" value="" DependentOn="0">Saturday Delivery-- £9.99</LISTITEM>
      <LISTITEM Id="5" value="" DependentOn="0">NA</LISTITEM>
    </LISTITEMS>
  </DropDownList>
  <DropDownList>
    <Label>
      <Text>Option Tab Filled</Text>
    </Label>
    <ControlID>2</ControlID>
    <ControlType>Basic</ControlType>
    <FieldID>ddl_5DropDown</FieldID>
    <Title>Option Tab Filled</Title>
    <DependentID>
    </DependentID>
    <X-Pos>901</X-Pos>
    <Y-Pos>321</Y-Pos>
    <Width>200</Width>
    <IsRequired>True</IsRequired>
    <IsManageable>True</IsManageable>
    <IsPostBack>False</IsPostBack>
    <Dependency>False</Dependency>
    <IsWrap>True</IsWrap>
    <PreWrap>Options Tab</PreWrap>
    <PostWrap>.</PostWrap>
    <PrevRef>
    </PrevRef>
    <DataSource>XML</DataSource>
    <LISTITEMS>
      <LISTITEM Id="1" value="" DependentOn="0">Yes</LISTITEM>
      <LISTITEM Id="2" value="" DependentOn="0">No</LISTITEM>
      <LISTITEM Id="3" value="" DependentOn="0">NA</LISTITEM>
    </LISTITEMS>
  </DropDownList>
  <TextBox>
    <Label>
      <Text>Add On Activated</Text>
    </Label>
    <ControlID>1</ControlID>
    <ControlType>Basic</ControlType>
    <FieldID>txt_7TextBox</FieldID>
    <Title>Add On Activated</Title>
    <X-Pos>1</X-Pos>
    <Y-Pos>409</Y-Pos>
    <Width>200</Width>
    <IsRequired>True</IsRequired>
    <IsPostBack>False</IsPostBack>
    <IsWrap>True</IsWrap>
    <PreWrap>Add On activated</PreWrap>
    <PostWrap>.</PostWrap>
    <TextMode>Singleline</TextMode>
    <IsType>AlphaNumeric</IsType>
    <MaxLength>500</MaxLength>
    <Dependency>
    </Dependency>
    <PrevRef>
    </PrevRef>
    <DependentID>
    </DependentID>
  </TextBox>
  <TextBox>
    <Label>
      <Text>Add On Deactivated</Text>
    </Label>
    <ControlID>1</ControlID>
    <ControlType>Basic</ControlType>
    <FieldID>txt_8TextBox</FieldID>
    <Title>Add On Deactivated</Title>
    <X-Pos>672</X-Pos>
    <Y-Pos>406</Y-Pos>
    <Width>200</Width>
    <IsRequired>True</IsRequired>
    <IsPostBack>False</IsPostBack>
    <IsWrap>True</IsWrap>
    <PreWrap>Add On deactivated</PreWrap>
    <PostWrap>.</PostWrap>
    <TextMode>Singleline</TextMode>
    <IsType>AlphaNumeric</IsType>
    <MaxLength>500</MaxLength>
    <Dependency>
    </Dependency>
    <PrevRef>
    </PrevRef>
    <DependentID>
    </DependentID>
  </TextBox>
  <TextBox>
    <Label>
      <Text>Retention Code</Text>
    </Label>
    <ControlID>1</ControlID>
    <ControlType>Basic</ControlType>
    <FieldID>txt_9TextBox</FieldID>
    <Title>Retention Code</Title>
    <X-Pos>318</X-Pos>
    <Y-Pos>406</Y-Pos>
    <Width>200</Width>
    <IsRequired>True</IsRequired>
    <IsPostBack>False</IsPostBack>
    <IsWrap>True</IsWrap>
    <PreWrap>Retention Code</PreWrap>
    <PostWrap>
    </PostWrap>
    <TextMode>Singleline</TextMode>
    <IsType>AlphaNumeric</IsType>
    <MaxLength>100</MaxLength>
    <Dependency>
    </Dependency>
    <PrevRef>
    </PrevRef>
    <DependentID>
    </DependentID>
  </TextBox>
  <TextBox>
    <Label>
      <Text>Existing Plan</Text>
    </Label>
    <ControlID>1</ControlID>
    <ControlType>Basic</ControlType>
    <FieldID>txt_10TextBox</FieldID>
    <Title>Existing Plan</Title>
    <X-Pos>784</X-Pos>
    <Y-Pos>7</Y-Pos>
    <Width>200</Width>
    <IsRequired>False</IsRequired>
    <IsPostBack>False</IsPostBack>
    <IsWrap>False</IsWrap>
    <PreWrap>
    </PreWrap>
    <PostWrap>
    </PostWrap>
    <TextMode>Singleline</TextMode>
    <IsType>AlphaNumeric</IsType>
    <MaxLength>500</MaxLength>
    <Dependency>
    </Dependency>
    <PrevRef>
    </PrevRef>
    <DependentID>
    </DependentID>
  </TextBox>
  <TextBox>
    <Label>
      <Text>CRM Notes</Text>
    </Label>
    <ControlID>1</ControlID>
    <ControlType>Basic</ControlType>
    <FieldID>txt_11TextBox</FieldID>
    <Title>CRM Notes</Title>
    <X-Pos>1</X-Pos>
    <Y-Pos>518</Y-Pos>
    <Width>200</Width>
    <IsRequired>True</IsRequired>
    <IsPostBack>False</IsPostBack>
    <IsWrap>True</IsWrap>
    <PreWrap>.</PreWrap>
    <PostWrap>.</PostWrap>
    <TextMode>Multiline</TextMode>
    <IsType>AlphaNumeric</IsType>
    <MaxLength>999</MaxLength>
    <Dependency>
    </Dependency>
    <PrevRef>
    </PrevRef>
    <DependentID>
    </DependentID>
  </TextBox>
  <DropDownList>
    <Label>
      <Text>Offer Code</Text>
    </Label>
    <ControlID>2</ControlID>
    <ControlType>Basic</ControlType>
    <FieldID>ddl_8DropDown</FieldID>
    <Title>Offer Code</Title>
    <DependentID>
    </DependentID>
    <X-Pos>887</X-Pos>
    <Y-Pos>273</Y-Pos>
    <Width>200</Width>
    <IsRequired>False</IsRequired>
    <IsManageable>True</IsManageable>
    <IsPostBack>False</IsPostBack>
    <Dependency>False</Dependency>
    <IsWrap>True</IsWrap>
    <PreWrap>.</PreWrap>
    <PostWrap>.</PostWrap>
    <PrevRef>
    </PrevRef>
    <DataSource>XML</DataSource>
    <LISTITEMS>
      <LISTITEM Id="1" value="" DependentOn="0">OF603</LISTITEM>
      <LISTITEM Id="2" value="" DependentOn="0">OF604</LISTITEM>
      <LISTITEM Id="4" value="" DependentOn="0">OF607</LISTITEM>
      <LISTITEM Id="5" value="" DependentOn="0">OF608</LISTITEM>
      <LISTITEM Id="6" value="" DependentOn="0">NA</LISTITEM>
    </LISTITEMS>
  </DropDownList>
  <TextBox>
    <Label>
      <Text>Discount Continued</Text>
    </Label>
    <ControlID>1</ControlID>
    <ControlType>Basic</ControlType>
    <FieldID>txt_12TextBox</FieldID>
    <Title>Discount Continued</Title>
    <X-Pos>1</X-Pos>
    <Y-Pos>463</Y-Pos>
    <Width>200</Width>
    <IsRequired>True</IsRequired>
    <IsPostBack>False</IsPostBack>
    <IsWrap>True</IsWrap>
    <PreWrap>Discount Continued</PreWrap>
    <PostWrap>.</PostWrap>
    <TextMode>Singleline</TextMode>
    <IsType>AlphaNumeric</IsType>
    <MaxLength>500</MaxLength>
    <Dependency>
    </Dependency>
    <PrevRef>
    </PrevRef>
    <DependentID>
    </DependentID>
  </TextBox>
  <TextBox>
    <Label>
      <Text>Discount Deactivated</Text>
    </Label>
    <ControlID>1</ControlID>
    <ControlType>Basic</ControlType>
    <FieldID>txt_14TextBox</FieldID>
    <Title>Discount Deactivated</Title>
    <X-Pos>367</X-Pos>
    <Y-Pos>458</Y-Pos>
    <Width>200</Width>
    <IsRequired>True</IsRequired>
    <IsPostBack>False</IsPostBack>
    <IsWrap>True</IsWrap>
    <PreWrap>Discount Deactivated</PreWrap>
    <PostWrap>.</PostWrap>
    <TextMode>Singleline</TextMode>
    <IsType>AlphaNumeric</IsType>
    <MaxLength>20</MaxLength>
    <Dependency>
    </Dependency>
    <PrevRef>
    </PrevRef>
    <DependentID>
    </DependentID>
  </TextBox>
  <TextBox>
    <Label>
      <Text>ETF </Text>
    </Label>
    <ControlID>1</ControlID>
    <ControlType>Basic</ControlType>
    <FieldID>txt_15TextBox</FieldID>
    <Title>ETF </Title>
    <X-Pos>715</X-Pos>
    <Y-Pos>458</Y-Pos>
    <Width>200</Width>
    <IsRequired>True</IsRequired>
    <IsPostBack>False</IsPostBack>
    <IsWrap>True</IsWrap>
    <PreWrap>ETF after discount</PreWrap>
    <PostWrap>.</PostWrap>
    <TextMode>Singleline</TextMode>
    <IsType>Numeric</IsType>
    <MaxLength>20</MaxLength>
    <Dependency>
    </Dependency>
    <PrevRef>
    </PrevRef>
    <DependentID>
    </DependentID>
  </TextBox>
  <DataScript>
    <IsUpdated>False</IsUpdated>
    <Array>
    </Array>
  </DataScript>
</FORMS>