﻿<?xml version="1.0" encoding="utf-8"?>
<FORMS xmlns:xsi="http://www.w3.org/2001/XMLSchema-instance" FormID="204" VersionName="1.5">
  <DropDownList>
    <Label>
      <Text>dd1</Text>
    </Label>
    <ControlID>2</ControlID>
    <ControlType>Basic</ControlType>
    <FieldID>ddl_0DropDown</FieldID>
    <Title>dd1</Title>
    <DependentID>
    </DependentID>
    <X-Pos>344</X-Pos>
    <Y-Pos>137</Y-Pos>
    <Width>200</Width>
    <IsRequired>True</IsRequired>
    <IsManageable>True</IsManageable>
    <IsPostBack>False</IsPostBack>
    <Dependency>False</Dependency>
    <IsWrap>False</IsWrap>
    <PreWrap>
    </PreWrap>
    <PostWrap>
    </PostWrap>
    <PrevRef>
    </PrevRef>
    <DataSource>XML</DataSource>
    <LISTITEMS>
      <LISTITEM Id="1" value="" DependentOn="0" WrapNote="" OptionTooltip="skillset asd show asd temp  tm" Template="205">skillset asd show asd temp</LISTITEM>
      <LISTITEM Id="2" value="" DependentOn="0" WrapNote="" OptionTooltip="skillset asd show branding temp tm" Template="">skillset asd show branding temp</LISTITEM>
    </LISTITEMS>
  </DropDownList>
  <DropDownList>
    <Label>
      <Text>dd3</Text>
    </Label>
    <ControlID>2</ControlID>
    <ControlType>Basic</ControlType>
    <FieldID>ddl_1DropDown</FieldID>
    <Title>dd3</Title>
    <DependentID>
    </DependentID>
    <X-Pos>339</X-Pos>
    <Y-Pos>276</Y-Pos>
    <Width>200</Width>
    <IsRequired>False</IsRequired>
    <IsManageable>True</IsManageable>
    <IsPostBack>False</IsPostBack>
    <Dependency>False</Dependency>
    <IsWrap>False</IsWrap>
    <PreWrap>
    </PreWrap>
    <PostWrap>
    </PostWrap>
    <PrevRef>
    </PrevRef>
    <DataSource>XML</DataSource>
    <LISTITEMS>
    </LISTITEMS>
  </DropDownList>
  <DropDownList>
    <Label>
      <Text>dd3</Text>
    </Label>
    <ControlID>2</ControlID>
    <ControlType>Basic</ControlType>
    <FieldID>ddl_1DropDown</FieldID>
    <Title>dd3</Title>
    <DependentID>
    </DependentID>
    <X-Pos>339</X-Pos>
    <Y-Pos>276</Y-Pos>
    <Width>200</Width>
    <IsRequired>False</IsRequired>
    <IsManageable>True</IsManageable>
    <IsPostBack>False</IsPostBack>
    <Dependency>False</Dependency>
    <IsWrap>False</IsWrap>
    <PreWrap>
    </PreWrap>
    <PostWrap>
    </PostWrap>
    <PrevRef>
    </PrevRef>
    <DataSource>XML</DataSource>
    <LISTITEMS>
    </LISTITEMS>
  </DropDownList>
  <DataScript>
    <IsUpdated>False</IsUpdated>
    <Array>
    </Array>
  </DataScript>
</FORMS>