﻿<?xml version="1.0" encoding="utf-8"?>
<FORMS xmlns:xsi="http://www.w3.org/2001/XMLSchema-instance" FormID="205" VersionName="1.8">
  <ListBox>
    <Label>
      <Text>State</Text>
    </Label>
    <ControlID>5</ControlID>
    <ControlType>Basic</ControlType>
    <FieldID>lb_4ListBox</FieldID>
    <Title>State</Title>
    <DependentID>lb_6ListBox</DependentID>
    <X-Pos>10</X-Pos>
    <Y-Pos>10</Y-Pos>
    <Width>100</Width>
    <IsRequired>False</IsRequired>
    <IsManageable>True</IsManageable>
    <IsPostBack>False</IsPostBack>
    <Dependency>True</Dependency>
    <IsWrap>False</IsWrap>
    <PreWrap>
    </PreWrap>
    <PostWrap>
    </PostWrap>
    <PrevRef>
    </PrevRef>
    <DataSource>XML</DataSource>
    <LISTITEMS>
    </LISTITEMS>
    <Tabindex>1</Tabindex>
    <IsHide>False</IsHide>
  </ListBox>
  <ListBox>
    <Label>
      <Text>City</Text>
    </Label>
    <ControlID>5</ControlID>
    <ControlType>Basic</ControlType>
    <FieldID>lb_6ListBox</FieldID>
    <Title>City</Title>
    <DependentID>
    </DependentID>
    <X-Pos>236</X-Pos>
    <Y-Pos>10</Y-Pos>
    <Width>100</Width>
    <IsRequired>False</IsRequired>
    <IsManageable>True</IsManageable>
    <IsPostBack>False</IsPostBack>
    <Dependency>True</Dependency>
    <IsWrap>False</IsWrap>
    <PreWrap>
    </PreWrap>
    <PostWrap>
    </PostWrap>
    <PrevRef>lb_4ListBox</PrevRef>
    <DataSource>XML</DataSource>
    <LISTITEMS>
      <LISTITEM Id="1" value="" DependentOn="0" WrapNote="mp" OptionTooltip="hgj" Template="66">mp</LISTITEM>
    </LISTITEMS>
    <Tabindex>2</Tabindex>
    <IsHide>False</IsHide>
  </ListBox>
  <DataScript>
    <IsUpdated>True</IsUpdated>
    <Array>var Arraylb_4ListBox = new Array( 0 );
var Arraylb_6ListBox = new Array( 1 );
if (Arraylb_6ListBox[0] ==null) Arraylb_6ListBox[0] = new Array();
Arraylb_6ListBox[0][1]= new Array('mp');
if (Arraylb_6ListBox[0][1].WN ==null) Arraylb_6ListBox[0][1].WN = 'mp';
if (Arraylb_6ListBox[0][1].OT ==null) Arraylb_6ListBox[0][1].OT = 'hgj';
if (Arraylb_6ListBox[0][1].T ==null) Arraylb_6ListBox[0][1].T = '66';
</Array>
  </DataScript>
</FORMS>