﻿<?xml version="1.0" encoding="utf-8"?>
<FORMS xmlns:xsi="http://www.w3.org/2001/XMLSchema-instance" FormID="205" VersionName="1.4">
  <TextBox>
    <Label>
      <Text>state</Text>
    </Label>
    <ControlID>1</ControlID>
    <ControlType>Basic</ControlType>
    <FieldID>txt_0TextBox</FieldID>
    <Title>state</Title>
    <X-Pos>10</X-Pos>
    <Y-Pos>10</Y-Pos>
    <Width>200</Width>
    <IsRequired>False</IsRequired>
    <IsPostBack>False</IsPostBack>
    <IsWrap>False</IsWrap>
    <PreWrap>
    </PreWrap>
    <PostWrap>
    </PostWrap>
    <TextMode>Singleline</TextMode>
    <IsType>Numeric</IsType>
    <MaxLength>20</MaxLength>
    <Dependency>
    </Dependency>
    <PrevRef>
    </PrevRef>
    <DependentID>
    </DependentID>
    <Tabindex>1</Tabindex>
    <Height>50</Height>
    <IsHide>False</IsHide>
  </TextBox>
  <TextBox>
    <Label>
      <Text>hide</Text>
    </Label>
    <ControlID>1</ControlID>
    <ControlType>Basic</ControlType>
    <FieldID>txt_2TextBox</FieldID>
    <Title>hide</Title>
    <X-Pos>10</X-Pos>
    <Y-Pos>80</Y-Pos>
    <Width>200</Width>
    <IsRequired>True</IsRequired>
    <IsPostBack>False</IsPostBack>
    <IsWrap>False</IsWrap>
    <PreWrap>
    </PreWrap>
    <PostWrap>
    </PostWrap>
    <TextMode>Singleline</TextMode>
    <IsType>Numeric</IsType>
    <MaxLength>20</MaxLength>
    <Dependency>
    </Dependency>
    <PrevRef>
    </PrevRef>
    <DependentID>
    </DependentID>
    <Tabindex>2</Tabindex>
    <Height>50</Height>
    <IsHide>True</IsHide>
  </TextBox>
  <CC1EmployeesDropDown>
    <Label>
      <Text>employee</Text>
    </Label>
    <ControlID>8</ControlID>
    <ControlType>Custom</ControlType>
    <FieldID>cc_0DropDown</FieldID>
    <Title>employee</Title>
    <X-Pos>10</X-Pos>
    <Y-Pos>150</Y-Pos>
    <Width>
    </Width>
    <IsRequired>False</IsRequired>
    <IsManageable>False</IsManageable>
    <IsPostBack>False</IsPostBack>
    <IsWrap>False</IsWrap>
    <PreWrap>
    </PreWrap>
    <PostWrap>
    </PostWrap>
    <DataSource>DB</DataSource>
    <SkillSets>
      <SkillSet Id="46">Automation and Software Development</SkillSet>
    </SkillSets>
    <CostCentres>
      <CostCentre Id="4">JOINT</CostCentre>
    </CostCentres>
    <IsQueryPattern>undefined</IsQueryPattern>
    <Tabindex>3</Tabindex>
    <IsHide>False</IsHide>
  </CC1EmployeesDropDown>
  <CC3EmployeesDropDown>
    <Label>
      <Text>manager</Text>
    </Label>
    <ControlID>10</ControlID>
    <ControlType>Custom</ControlType>
    <FieldID>cc_1DropDown</FieldID>
    <Title>manager</Title>
    <X-Pos>10</X-Pos>
    <Y-Pos>220</Y-Pos>
    <Width>
    </Width>
    <IsRequired>False</IsRequired>
    <IsManageable>False</IsManageable>
    <IsOnClickedChanged>
    </IsOnClickedChanged>
    <IsPostBack>False</IsPostBack>
    <IsWrap>False</IsWrap>
    <PreWrap>False</PreWrap>
    <PostWrap>
    </PostWrap>
    <DataSource>DB</DataSource>
    <SkillSets>
      <SkillSet Id="46">Automation and Software Development</SkillSet>
    </SkillSets>
    <CostCentres>
      <CostCentre Id="4">JOINT</CostCentre>
    </CostCentres>
    <IsQueryPattern>undefined</IsQueryPattern>
    <Tabindex>4</Tabindex>
    <IsHide>5</IsHide>
  </CC3EmployeesDropDown>
  <TextBox1>
    <Label>
      <Text>manager Manager</Text>
    </Label>
    <ControlID>1</ControlID>
    <ControlType>Basic</ControlType>
    <FieldID>cctxt_1TextBox</FieldID>
    <Title>manager Manager</Title>
    <X-Pos>210</X-Pos>
    <Y-Pos>220</Y-Pos>
    <Width>
    </Width>
    <IsRequired>False</IsRequired>
    <IsPostBack>False</IsPostBack>
    <IsWrap>False</IsWrap>
    <PreWrap>cc</PreWrap>
    <PostWrap>
    </PostWrap>
    <TextMode>SingleLine</TextMode>
    <IsType>undefined</IsType>
    <MaxLength>100</MaxLength>
    <Dependency>
    </Dependency>
    <PrevRef>
    </PrevRef>
    <DependentID>
    </DependentID>
    <Tabindex>4</Tabindex>
    <Height>50</Height>
    <IsHide>5</IsHide>
  </TextBox1>
  <DataScript>
    <IsUpdated>False</IsUpdated>
    <Array>
    </Array>
  </DataScript>
</FORMS>