﻿<?xml version="1.0" encoding="utf-8"?>
<FORMS xmlns:xsi="http://www.w3.org/2001/XMLSchema-instance" FormID="182" VersionName="1.8">
  <TextBox>
    <Label>
      <Text>MSISDN</Text>
    </Label>
    <ControlID>1</ControlID>
    <ControlType>Basic</ControlType>
    <FieldID>txt_0TextBox</FieldID>
    <Title>MSISDN</Title>
    <X-Pos>41</X-Pos>
    <Y-Pos>12</Y-Pos>
    <Width>200</Width>
    <IsRequired>True</IsRequired>
    <IsPostBack>False</IsPostBack>
    <IsWrap>True</IsWrap>
    <PreWrap>MSISDN :</PreWrap>
    <PostWrap>
    </PostWrap>
    <TextMode>Singleline</TextMode>
    <IsType>Numeric</IsType>
    <MaxLength>20</MaxLength>
    <Dependency>
    </Dependency>
    <PrevRef>
    </PrevRef>
    <DependentID>
    </DependentID>
  </TextBox>
  <DropDownList>
    <Label>
      <Text>Device Type</Text>
    </Label>
    <ControlID>2</ControlID>
    <ControlType>Basic</ControlType>
    <FieldID>ddl_0DropDown</FieldID>
    <Title>Device Type</Title>
    <DependentID>
    </DependentID>
    <X-Pos>328</X-Pos>
    <Y-Pos>13</Y-Pos>
    <Width>200</Width>
    <IsRequired>True</IsRequired>
    <IsManageable>True</IsManageable>
    <IsPostBack>False</IsPostBack>
    <Dependency>False</Dependency>
    <IsWrap>True</IsWrap>
    <PreWrap> Device type :</PreWrap>
    <PostWrap>
    </PostWrap>
    <PrevRef>
    </PrevRef>
    <DataSource>XML</DataSource>
    <LISTITEMS>
      <LISTITEM Id="1" value="" DependentOn="0">Handset</LISTITEM>
      <LISTITEM Id="2" value="" DependentOn="0">MBB</LISTITEM>
      <LISTITEM Id="3" value="" DependentOn="0">SIM Only</LISTITEM>
      <LISTITEM Id="4" value="" DependentOn="0">SIM Only -Voice</LISTITEM>
      <LISTITEM Id="5" value="" DependentOn="0">SIM Only -MBB</LISTITEM>
    </LISTITEMS>
  </DropDownList>
  <DropDownList>
    <Label>
      <Text>Old Device Manufacturer </Text>
    </Label>
    <ControlID>2</ControlID>
    <ControlType>Basic</ControlType>
    <FieldID>ddl_2DropDown</FieldID>
    <Title>Old Device Manufacturer </Title>
    <DependentID>ddl_4DropDown</DependentID>
    <X-Pos>146</X-Pos>
    <Y-Pos>86</Y-Pos>
    <Width>200</Width>
    <IsRequired>True</IsRequired>
    <IsManageable>True</IsManageable>
    <IsPostBack>False</IsPostBack>
    <Dependency>True</Dependency>
    <IsWrap>True</IsWrap>
    <PreWrap>Old Device Manafacturer :</PreWrap>
    <PostWrap>
    </PostWrap>
    <PrevRef>
    </PrevRef>
    <DataSource>XML</DataSource>
    <LISTITEMS>
      <LISTITEM Id="1" value="" DependentOn="0">Nokia</LISTITEM>
      <LISTITEM Id="2" value="" DependentOn="0">Sony Ericsson</LISTITEM>
      <LISTITEM Id="3" value="" DependentOn="0">Samsung</LISTITEM>
      <LISTITEM Id="4" value="" DependentOn="0">Lg</LISTITEM>
      <LISTITEM Id="5" value="" DependentOn="0">Skypephone</LISTITEM>
      <LISTITEM Id="6" value="" DependentOn="0">HTC</LISTITEM>
      <LISTITEM Id="7" value="" DependentOn="0">Blackberry</LISTITEM>
      <LISTITEM Id="8" value="" DependentOn="0">INQ</LISTITEM>
      <LISTITEM Id="9" value="" DependentOn="0">Huawei</LISTITEM>
      <LISTITEM Id="10" value="" DependentOn="0">ZTE</LISTITEM>
      <LISTITEM Id="11" value="" DependentOn="0">Apple</LISTITEM>
      <LISTITEM Id="12" value="" DependentOn="0">SIM Only</LISTITEM>
      <LISTITEM Id="13" value="" DependentOn="0">NA</LISTITEM>
    </LISTITEMS>
  </DropDownList>
  <DropDownList>
    <Label>
      <Text>New Device Manufacturer </Text>
    </Label>
    <ControlID>2</ControlID>
    <ControlType>Basic</ControlType>
    <FieldID>ddl_3DropDown</FieldID>
    <Title>New Device Manufacturer </Title>
    <DependentID>ddl_5DropDown</DependentID>
    <X-Pos>600</X-Pos>
    <Y-Pos>93</Y-Pos>
    <Width>200</Width>
    <IsRequired>True</IsRequired>
    <IsManageable>True</IsManageable>
    <IsPostBack>False</IsPostBack>
    <Dependency>True</Dependency>
    <IsWrap>True</IsWrap>
    <PreWrap>New Device Manafacturer :</PreWrap>
    <PostWrap>
    </PostWrap>
    <PrevRef>
    </PrevRef>
    <DataSource>XML</DataSource>
    <LISTITEMS>
      <LISTITEM Id="1" value="" DependentOn="0">Nokia</LISTITEM>
      <LISTITEM Id="2" value="" DependentOn="0">Sony Ericsson</LISTITEM>
      <LISTITEM Id="3" value="" DependentOn="0">Samsung</LISTITEM>
      <LISTITEM Id="4" value="" DependentOn="0">Lg</LISTITEM>
      <LISTITEM Id="5" value="" DependentOn="0">Skypephone</LISTITEM>
      <LISTITEM Id="6" value="" DependentOn="0">HTC</LISTITEM>
      <LISTITEM Id="7" value="" DependentOn="0">Blackberry</LISTITEM>
      <LISTITEM Id="8" value="" DependentOn="0">INQ</LISTITEM>
      <LISTITEM Id="9" value="" DependentOn="0">Huawei</LISTITEM>
      <LISTITEM Id="10" value="" DependentOn="0">ZTE</LISTITEM>
      <LISTITEM Id="11" value="" DependentOn="0">Apple</LISTITEM>
      <LISTITEM Id="12" value="" DependentOn="0">-NA-</LISTITEM>
    </LISTITEMS>
  </DropDownList>
  <DropDownList>
    <Label>
      <Text>Old Device Model </Text>
    </Label>
    <ControlID>2</ControlID>
    <ControlType>Basic</ControlType>
    <FieldID>ddl_4DropDown</FieldID>
    <Title>Old Device Model </Title>
    <DependentID>
    </DependentID>
    <X-Pos>245</X-Pos>
    <Y-Pos>179</Y-Pos>
    <Width>200</Width>
    <IsRequired>True</IsRequired>
    <IsManageable>True</IsManageable>
    <IsPostBack>False</IsPostBack>
    <Dependency>True</Dependency>
    <IsWrap>True</IsWrap>
    <PreWrap>Old Device Model :</PreWrap>
    <PostWrap>
    </PostWrap>
    <PrevRef>ddl_2DropDown</PrevRef>
    <DataSource>XML</DataSource>
    <LISTITEMS>
      <LISTITEM Id="1" value="" DependentOn="1">6700</LISTITEM>
      <LISTITEM Id="2" value="" DependentOn="1">6700 Refurb</LISTITEM>
      <LISTITEM Id="3" value="" DependentOn="1">E63</LISTITEM>
      <LISTITEM Id="4" value="" DependentOn="1">E63 Refurb</LISTITEM>
      <LISTITEM Id="5" value="" DependentOn="1">E71</LISTITEM>
      <LISTITEM Id="6" value="" DependentOn="1">E71 Refurb</LISTITEM>
      <LISTITEM Id="7" value="" DependentOn="1">N86</LISTITEM>
      <LISTITEM Id="8" value="" DependentOn="1">N86 Refurb</LISTITEM>
      <LISTITEM Id="9" value="" DependentOn="1">N96</LISTITEM>
      <LISTITEM Id="10" value="" DependentOn="1">N96 Refurb</LISTITEM>
      <LISTITEM Id="11" value="" DependentOn="1">N97</LISTITEM>
      <LISTITEM Id="12" value="" DependentOn="1">N97 Refurb</LISTITEM>
      <LISTITEM Id="13" value="" DependentOn="1">2730</LISTITEM>
      <LISTITEM Id="14" value="" DependentOn="1">2730 Refurb</LISTITEM>
      <LISTITEM Id="15" value="" DependentOn="1">5230</LISTITEM>
      <LISTITEM Id="16" value="" DependentOn="1">5230 Refurb</LISTITEM>
      <LISTITEM Id="17" value="" DependentOn="1">6700 Slider</LISTITEM>
      <LISTITEM Id="18" value="" DependentOn="1">6700 Slider Refurb</LISTITEM>
      <LISTITEM Id="19" value="" DependentOn="1">X6</LISTITEM>
      <LISTITEM Id="20" value="" DependentOn="1">X6 Refurb</LISTITEM>
      <LISTITEM Id="21" value="" DependentOn="1">E72</LISTITEM>
      <LISTITEM Id="22" value="" DependentOn="1">E72 Refurb</LISTITEM>
      <LISTITEM Id="23" value="" DependentOn="1">E5</LISTITEM>
      <LISTITEM Id="24" value="" DependentOn="1">E5 Refurb</LISTITEM>
      <LISTITEM Id="25" value="" DependentOn="2">C510</LISTITEM>
      <LISTITEM Id="26" value="" DependentOn="2">C510 Refurb</LISTITEM>
      <LISTITEM Id="27" value="" DependentOn="2">C903</LISTITEM>
      <LISTITEM Id="28" value="" DependentOn="2">C903 Refurb</LISTITEM>
      <LISTITEM Id="29" value="" DependentOn="2">T715</LISTITEM>
      <LISTITEM Id="30" value="" DependentOn="2">T715 Refurb</LISTITEM>
      <LISTITEM Id="31" value="" DependentOn="2">W995</LISTITEM>
      <LISTITEM Id="32" value="" DependentOn="2">W995 Refurb</LISTITEM>
      <LISTITEM Id="33" value="" DependentOn="2">Satio</LISTITEM>
      <LISTITEM Id="34" value="" DependentOn="2">Satio Refurb</LISTITEM>
      <LISTITEM Id="35" value="" DependentOn="2">Naite</LISTITEM>
      <LISTITEM Id="36" value="" DependentOn="2">Naite Refurb</LISTITEM>
      <LISTITEM Id="37" value="" DependentOn="2">Vivaz</LISTITEM>
      <LISTITEM Id="38" value="" DependentOn="2">Vivaz Refurb</LISTITEM>
      <LISTITEM Id="39" value="" DependentOn="2">Xperia X10</LISTITEM>
      <LISTITEM Id="40" value="" DependentOn="2">Xperia X10 Refurb</LISTITEM>
      <LISTITEM Id="41" value="" DependentOn="2">Xperia X10 Mini</LISTITEM>
      <LISTITEM Id="42" value="" DependentOn="2">Xperia X10 Mini Refurb</LISTITEM>
      <LISTITEM Id="43" value="" DependentOn="2">Xperia X10 Mini Pro</LISTITEM>
      <LISTITEM Id="44" value="" DependentOn="2">Xperia X10 Mini Pro Refurb</LISTITEM>
      <LISTITEM Id="45" value="" DependentOn="2">Zylo</LISTITEM>
      <LISTITEM Id="46" value="" DependentOn="2">Zylo Refurb</LISTITEM>
      <LISTITEM Id="47" value="" DependentOn="2">Hazel</LISTITEM>
      <LISTITEM Id="48" value="" DependentOn="2">Hazel Refurb</LISTITEM>
      <LISTITEM Id="49" value="" DependentOn="3">i8510</LISTITEM>
      <LISTITEM Id="50" value="" DependentOn="3">i8510 Refurb</LISTITEM>
      <LISTITEM Id="51" value="" DependentOn="3">S5600</LISTITEM>
      <LISTITEM Id="52" value="" DependentOn="3">S5600 Refurb</LISTITEM>
      <LISTITEM Id="53" value="" DependentOn="3">S8000</LISTITEM>
      <LISTITEM Id="54" value="" DependentOn="3">S8000 Refurb</LISTITEM>
      <LISTITEM Id="55" value="" DependentOn="3">S8300</LISTITEM>
      <LISTITEM Id="56" value="" DependentOn="3">S8300 Refurb</LISTITEM>
      <LISTITEM Id="57" value="" DependentOn="3">U900</LISTITEM>
      <LISTITEM Id="58" value="" DependentOn="3">U900 Refurb</LISTITEM>
      <LISTITEM Id="59" value="" DependentOn="3">i5700</LISTITEM>
      <LISTITEM Id="60" value="" DependentOn="3">i5700 Refurb</LISTITEM>
      <LISTITEM Id="61" value="" DependentOn="3">S3370</LISTITEM>
      <LISTITEM Id="62" value="" DependentOn="3">S3370 Refurb</LISTITEM>
      <LISTITEM Id="63" value="" DependentOn="3">Si9000</LISTITEM>
      <LISTITEM Id="64" value="" DependentOn="3">Si9000 Refurb</LISTITEM>
      <LISTITEM Id="65" value="" DependentOn="3">S8500 Wave</LISTITEM>
      <LISTITEM Id="66" value="" DependentOn="3">S8500 Wave Refurb</LISTITEM>
      <LISTITEM Id="67" value="" DependentOn="4">Ku990i</LISTITEM>
      <LISTITEM Id="68" value="" DependentOn="4">Ku990i Refurb</LISTITEM>
      <LISTITEM Id="69" value="" DependentOn="4">GW520</LISTITEM>
      <LISTITEM Id="70" value="" DependentOn="4">GW520 Refurb</LISTITEM>
      <LISTITEM Id="71" value="" DependentOn="4">Viewty GT</LISTITEM>
      <LISTITEM Id="72" value="" DependentOn="4">Viewty GT Refurb</LISTITEM>
      <LISTITEM Id="73" value="" DependentOn="5">S2</LISTITEM>
      <LISTITEM Id="76" value="" DependentOn="5">S2 Refurb</LISTITEM>
      <LISTITEM Id="77" value="" DependentOn="5">S2X</LISTITEM>
      <LISTITEM Id="78" value="" DependentOn="5">S2X Refurb</LISTITEM>
      <LISTITEM Id="79" value="" DependentOn="6">Hero</LISTITEM>
      <LISTITEM Id="80" value="" DependentOn="6">Hero Refurb</LISTITEM>
      <LISTITEM Id="81" value="" DependentOn="6">Desire</LISTITEM>
      <LISTITEM Id="82" value="" DependentOn="6">Desire Refurb</LISTITEM>
      <LISTITEM Id="83" value="" DependentOn="6">Wildfire</LISTITEM>
      <LISTITEM Id="84" value="" DependentOn="6">Wildfire Refurb</LISTITEM>
      <LISTITEM Id="85" value="" DependentOn="7">9700</LISTITEM>
      <LISTITEM Id="86" value="" DependentOn="7">9700 Refurb</LISTITEM>
      <LISTITEM Id="87" value="" DependentOn="7">Pearl 9105</LISTITEM>
      <LISTITEM Id="88" value="" DependentOn="7">Pearl 9105 Refurb</LISTITEM>
      <LISTITEM Id="89" value="" DependentOn="7">Curve 9300</LISTITEM>
      <LISTITEM Id="90" value="" DependentOn="7">Curve 9300 Refurb</LISTITEM>
      <LISTITEM Id="91" value="" DependentOn="8">INQ1</LISTITEM>
      <LISTITEM Id="92" value="" DependentOn="8">INQ1 Refurb</LISTITEM>
      <LISTITEM Id="93" value="" DependentOn="8">Mini 3G</LISTITEM>
      <LISTITEM Id="94" value="" DependentOn="8">Mini 3G Refurb</LISTITEM>
      <LISTITEM Id="95" value="" DependentOn="8">Chat</LISTITEM>
      <LISTITEM Id="96" value="" DependentOn="8">Chat Refurb</LISTITEM>
      <LISTITEM Id="97" value="" DependentOn="9">D100</LISTITEM>
      <LISTITEM Id="98" value="" DependentOn="9">D100 Refurb</LISTITEM>
      <LISTITEM Id="99" value="" DependentOn="9">E1550</LISTITEM>
      <LISTITEM Id="100" value="" DependentOn="9">E1550 Refurb</LISTITEM>
      <LISTITEM Id="101" value="" DependentOn="9">E156G</LISTITEM>
      <LISTITEM Id="102" value="" DependentOn="9">E156G Refurb</LISTITEM>
      <LISTITEM Id="103" value="" DependentOn="9">E160G</LISTITEM>
      <LISTITEM Id="104" value="" DependentOn="9">E160G Refurb</LISTITEM>
      <LISTITEM Id="105" value="" DependentOn="9">E169</LISTITEM>
      <LISTITEM Id="106" value="" DependentOn="9">E169 Refurb</LISTITEM>
      <LISTITEM Id="107" value="" DependentOn="9">E169G</LISTITEM>
      <LISTITEM Id="108" value="" DependentOn="9">E169G Refurb</LISTITEM>
      <LISTITEM Id="109" value="" DependentOn="9">E1750</LISTITEM>
      <LISTITEM Id="110" value="" DependentOn="9">E1750 Refurb</LISTITEM>
      <LISTITEM Id="111" value="" DependentOn="9">E220</LISTITEM>
      <LISTITEM Id="112" value="" DependentOn="9">E220 Refurb</LISTITEM>
      <LISTITEM Id="113" value="" DependentOn="9">E5830</LISTITEM>
      <LISTITEM Id="114" value="" DependentOn="9">E5830 Refurb</LISTITEM>
      <LISTITEM Id="115" value="" DependentOn="9">U7510 Touch</LISTITEM>
      <LISTITEM Id="116" value="" DependentOn="9">U7510 Touch Refurb</LISTITEM>
      <LISTITEM Id="117" value="" DependentOn="9">E122</LISTITEM>
      <LISTITEM Id="118" value="" DependentOn="9">E122 Refurb</LISTITEM>
      <LISTITEM Id="119" value="" DependentOn="9">E585</LISTITEM>
      <LISTITEM Id="120" value="" DependentOn="9">E585 Refurb</LISTITEM>
      <LISTITEM Id="121" value="" DependentOn="10">F102</LISTITEM>
      <LISTITEM Id="122" value="" DependentOn="10">F102 Refurb</LISTITEM>
      <LISTITEM Id="123" value="" DependentOn="10">MF622</LISTITEM>
      <LISTITEM Id="124" value="" DependentOn="10">MF622 Refurb</LISTITEM>
      <LISTITEM Id="125" value="" DependentOn="10">MF627</LISTITEM>
      <LISTITEM Id="126" value="" DependentOn="10">MF627 Refurb</LISTITEM>
      <LISTITEM Id="127" value="" DependentOn="10">F107</LISTITEM>
      <LISTITEM Id="128" value="" DependentOn="10">F107 Refurb</LISTITEM>
      <LISTITEM Id="129" value="" DependentOn="10">MF112</LISTITEM>
      <LISTITEM Id="130" value="" DependentOn="10">F930</LISTITEM>
      <LISTITEM Id="131" value="" DependentOn="10">F930 Refurb</LISTITEM>
      <LISTITEM Id="132" value="" DependentOn="10">Racer</LISTITEM>
      <LISTITEM Id="133" value="" DependentOn="10">Racer  Refurb</LISTITEM>
      <LISTITEM Id="134" value="" DependentOn="11">Apple iPhone 3G 8GB</LISTITEM>
      <LISTITEM Id="135" value="" DependentOn="11">Apple iPhone 3G 8GB Refreshed</LISTITEM>
      <LISTITEM Id="136" value="" DependentOn="11">Apple iPhone 3G 16GB</LISTITEM>
      <LISTITEM Id="137" value="" DependentOn="11">Apple iPhone 3G 16GB Refreshed</LISTITEM>
      <LISTITEM Id="138" value="" DependentOn="11">Apple iPhone 3G 32GB</LISTITEM>
      <LISTITEM Id="139" value="" DependentOn="11">Apple iPhone 3G 32GB Refreshed</LISTITEM>
      <LISTITEM Id="140" value="" DependentOn="11">Apple iPhone 4 16GB</LISTITEM>
      <LISTITEM Id="141" value="" DependentOn="11">Apple iPhone 4 16GB Refreshed</LISTITEM>
      <LISTITEM Id="142" value="" DependentOn="11">Apple iPhone 4 32GB</LISTITEM>
      <LISTITEM Id="143" value="" DependentOn="11">Apple iPhone 4 32GB Refreshed</LISTITEM>
      <LISTITEM Id="144" value="" DependentOn="12">SIM Only</LISTITEM>
      <LISTITEM Id="145" value="" DependentOn="13">NA</LISTITEM>
      <LISTITEM Id="146" value="" DependentOn="1">N8</LISTITEM>
      <LISTITEM Id="147" value="" DependentOn="6">Desire HD</LISTITEM>
      <LISTITEM Id="148" value="" DependentOn="3">Europa</LISTITEM>
      <LISTITEM Id="149" value="" DependentOn="3">Samsung Omnia 7</LISTITEM>
      <LISTITEM Id="150" value="" DependentOn="1">c7</LISTITEM>
      <LISTITEM Id="151" value="" DependentOn="7">torch 9800</LISTITEM>
      <LISTITEM Id="152" value="" DependentOn="4">optimus one</LISTITEM>
      <LISTITEM Id="153" value="" DependentOn="3">F480</LISTITEM>
      <LISTITEM Id="154" value="" DependentOn="3">F480 refurb</LISTITEM>
    </LISTITEMS>
  </DropDownList>
  <DropDownList>
    <Label>
      <Text>New Device Model </Text>
    </Label>
    <ControlID>2</ControlID>
    <ControlType>Basic</ControlType>
    <FieldID>ddl_5DropDown</FieldID>
    <Title>New Device Model </Title>
    <DependentID>
    </DependentID>
    <X-Pos>592</X-Pos>
    <Y-Pos>168</Y-Pos>
    <Width>200</Width>
    <IsRequired>True</IsRequired>
    <IsManageable>True</IsManageable>
    <IsPostBack>False</IsPostBack>
    <Dependency>True</Dependency>
    <IsWrap>True</IsWrap>
    <PreWrap>New Device Model :</PreWrap>
    <PostWrap>
    </PostWrap>
    <PrevRef>ddl_3DropDown</PrevRef>
    <DataSource>XML</DataSource>
    <LISTITEMS>
      <LISTITEM Id="2" value="" DependentOn="1">E63</LISTITEM>
      <LISTITEM Id="3" value="" DependentOn="1">E63 Refurb</LISTITEM>
      <LISTITEM Id="4" value="" DependentOn="1">E71</LISTITEM>
      <LISTITEM Id="5" value="" DependentOn="1">E71 Refurb</LISTITEM>
      <LISTITEM Id="6" value="" DependentOn="1">N86</LISTITEM>
      <LISTITEM Id="7" value="" DependentOn="1">N86 Refurb</LISTITEM>
      <LISTITEM Id="8" value="" DependentOn="1">N96</LISTITEM>
      <LISTITEM Id="9" value="" DependentOn="1">N96 Refurb</LISTITEM>
      <LISTITEM Id="10" value="" DependentOn="1">N97</LISTITEM>
      <LISTITEM Id="11" value="" DependentOn="1">N97 Refurb</LISTITEM>
      <LISTITEM Id="12" value="" DependentOn="1">2730</LISTITEM>
      <LISTITEM Id="13" value="" DependentOn="1">2730 Refurb</LISTITEM>
      <LISTITEM Id="14" value="" DependentOn="1">5230</LISTITEM>
      <LISTITEM Id="15" value="" DependentOn="1">5230 Refurb</LISTITEM>
      <LISTITEM Id="16" value="" DependentOn="1">6700</LISTITEM>
      <LISTITEM Id="17" value="" DependentOn="1">6700 Refurb</LISTITEM>
      <LISTITEM Id="18" value="" DependentOn="1">6700 Slider</LISTITEM>
      <LISTITEM Id="19" value="" DependentOn="1">6700 Slider Refurb</LISTITEM>
      <LISTITEM Id="20" value="" DependentOn="1">X6</LISTITEM>
      <LISTITEM Id="21" value="" DependentOn="1">X6 Refurb</LISTITEM>
      <LISTITEM Id="22" value="" DependentOn="1">E72</LISTITEM>
      <LISTITEM Id="23" value="" DependentOn="1">E72 Refurb</LISTITEM>
      <LISTITEM Id="24" value="" DependentOn="1">E5</LISTITEM>
      <LISTITEM Id="25" value="" DependentOn="1">E5 Refurb</LISTITEM>
      <LISTITEM Id="26" value="" DependentOn="2">C902</LISTITEM>
      <LISTITEM Id="27" value="" DependentOn="2">C902 Refurb</LISTITEM>
      <LISTITEM Id="28" value="" DependentOn="2">C903</LISTITEM>
      <LISTITEM Id="29" value="" DependentOn="2">C903 Refurb</LISTITEM>
      <LISTITEM Id="30" value="" DependentOn="2">T715</LISTITEM>
      <LISTITEM Id="31" value="" DependentOn="2">T715 Refurb</LISTITEM>
      <LISTITEM Id="32" value="" DependentOn="2">W995</LISTITEM>
      <LISTITEM Id="33" value="" DependentOn="2">W995 Refurb</LISTITEM>
      <LISTITEM Id="34" value="" DependentOn="2">Satio</LISTITEM>
      <LISTITEM Id="35" value="" DependentOn="2">Satio Refurb</LISTITEM>
      <LISTITEM Id="36" value="" DependentOn="2">Naite</LISTITEM>
      <LISTITEM Id="37" value="" DependentOn="2">Naite Refurb</LISTITEM>
      <LISTITEM Id="38" value="" DependentOn="2">Vivaz</LISTITEM>
      <LISTITEM Id="39" value="" DependentOn="2">Vivaz Refurb</LISTITEM>
      <LISTITEM Id="40" value="" DependentOn="2">Xperia X10</LISTITEM>
      <LISTITEM Id="41" value="" DependentOn="2">Xperia X10 Refurb</LISTITEM>
      <LISTITEM Id="42" value="" DependentOn="2">Xperia X10 Mini</LISTITEM>
      <LISTITEM Id="43" value="" DependentOn="2">Xperia X10 Mini Refurb</LISTITEM>
      <LISTITEM Id="44" value="" DependentOn="2">Xperia X10 Mini Pro</LISTITEM>
      <LISTITEM Id="45" value="" DependentOn="2">Xperia X10 Mini Pro Refurb</LISTITEM>
      <LISTITEM Id="46" value="" DependentOn="2">Zylo</LISTITEM>
      <LISTITEM Id="47" value="" DependentOn="2">Zylo Refurb</LISTITEM>
      <LISTITEM Id="48" value="" DependentOn="2">Hazel</LISTITEM>
      <LISTITEM Id="49" value="" DependentOn="2">Hazel Refurb</LISTITEM>
      <LISTITEM Id="50" value="" DependentOn="4">KU990i</LISTITEM>
      <LISTITEM Id="51" value="" DependentOn="4">KU990i Refurb</LISTITEM>
      <LISTITEM Id="52" value="" DependentOn="4">GW520</LISTITEM>
      <LISTITEM Id="53" value="" DependentOn="4">GW520 Refurb</LISTITEM>
      <LISTITEM Id="54" value="" DependentOn="4">Viewty GT405</LISTITEM>
      <LISTITEM Id="55" value="" DependentOn="4">Viewty GT405 Refurb</LISTITEM>
      <LISTITEM Id="56" value="" DependentOn="5">S2</LISTITEM>
      <LISTITEM Id="57" value="" DependentOn="5">S2 Refurb</LISTITEM>
      <LISTITEM Id="58" value="" DependentOn="5">S2X</LISTITEM>
      <LISTITEM Id="59" value="" DependentOn="5">S2X Refurb</LISTITEM>
      <LISTITEM Id="60" value="" DependentOn="6">Hero</LISTITEM>
      <LISTITEM Id="61" value="" DependentOn="6">Hero Refurb</LISTITEM>
      <LISTITEM Id="62" value="" DependentOn="6">Desire</LISTITEM>
      <LISTITEM Id="63" value="" DependentOn="6">Desire Refurb</LISTITEM>
      <LISTITEM Id="64" value="" DependentOn="6">Wildfire</LISTITEM>
      <LISTITEM Id="65" value="" DependentOn="6">Wildfire Refurb</LISTITEM>
      <LISTITEM Id="66" value="" DependentOn="6">Desire HD</LISTITEM>
      <LISTITEM Id="67" value="" DependentOn="6">Desire HD Refurb</LISTITEM>
      <LISTITEM Id="68" value="" DependentOn="3">i8510</LISTITEM>
      <LISTITEM Id="69" value="" DependentOn="3">i8510 Refurb</LISTITEM>
      <LISTITEM Id="70" value="" DependentOn="3">S5600</LISTITEM>
      <LISTITEM Id="71" value="" DependentOn="3">S5600 Refurb</LISTITEM>
      <LISTITEM Id="72" value="" DependentOn="3">S8300</LISTITEM>
      <LISTITEM Id="73" value="" DependentOn="3">S8300 Refurb</LISTITEM>
      <LISTITEM Id="74" value="" DependentOn="3">U900</LISTITEM>
      <LISTITEM Id="75" value="" DependentOn="3">U900 Refurb</LISTITEM>
      <LISTITEM Id="76" value="" DependentOn="3">i5700</LISTITEM>
      <LISTITEM Id="77" value="" DependentOn="3">i5700 Refurb</LISTITEM>
      <LISTITEM Id="78" value="" DependentOn="3">S3370</LISTITEM>
      <LISTITEM Id="79" value="" DependentOn="3">S3370 Refurb</LISTITEM>
      <LISTITEM Id="80" value="" DependentOn="3">S8500</LISTITEM>
      <LISTITEM Id="81" value="" DependentOn="3">S8500 Refurb</LISTITEM>
      <LISTITEM Id="82" value="" DependentOn="3">Si9000</LISTITEM>
      <LISTITEM Id="83" value="" DependentOn="3">Si9000 Refurb</LISTITEM>
      <LISTITEM Id="84" value="" DependentOn="3">S8500 Wave</LISTITEM>
      <LISTITEM Id="85" value="" DependentOn="3">S8500 Wave Refurb</LISTITEM>
      <LISTITEM Id="86" value="" DependentOn="3">Europa 3 Lite</LISTITEM>
      <LISTITEM Id="87" value="" DependentOn="3">Europa 3 Lite Refurb</LISTITEM>
      <LISTITEM Id="88" value="" DependentOn="7">9700</LISTITEM>
      <LISTITEM Id="89" value="" DependentOn="7">9700 Refurb</LISTITEM>
      <LISTITEM Id="90" value="" DependentOn="7">Pearl 9105</LISTITEM>
      <LISTITEM Id="91" value="" DependentOn="7">Pearl 9105 Refurb</LISTITEM>
      <LISTITEM Id="92" value="" DependentOn="7">Curve 9300</LISTITEM>
      <LISTITEM Id="93" value="" DependentOn="7">Curve 9300 Refurb</LISTITEM>
      <LISTITEM Id="94" value="" DependentOn="7">Torch 9800</LISTITEM>
      <LISTITEM Id="95" value="" DependentOn="7">Torch 9800 Refurb</LISTITEM>
      <LISTITEM Id="96" value="" DependentOn="8">INQ1</LISTITEM>
      <LISTITEM Id="97" value="" DependentOn="8">INQ1 Refurb</LISTITEM>
      <LISTITEM Id="98" value="" DependentOn="8">Mini 3G</LISTITEM>
      <LISTITEM Id="99" value="" DependentOn="8">Mini 3G Refurb</LISTITEM>
      <LISTITEM Id="100" value="" DependentOn="8">Chat</LISTITEM>
      <LISTITEM Id="101" value="" DependentOn="8">Chat Refurb</LISTITEM>
      <LISTITEM Id="102" value="" DependentOn="9">D100</LISTITEM>
      <LISTITEM Id="103" value="" DependentOn="9">D100 Refurb</LISTITEM>
      <LISTITEM Id="104" value="" DependentOn="9">E1550</LISTITEM>
      <LISTITEM Id="105" value="" DependentOn="9">E1550 Refurb</LISTITEM>
      <LISTITEM Id="106" value="" DependentOn="9">E156G</LISTITEM>
      <LISTITEM Id="107" value="" DependentOn="9">E156G Refurb</LISTITEM>
      <LISTITEM Id="108" value="" DependentOn="9">E160G</LISTITEM>
      <LISTITEM Id="109" value="" DependentOn="9">E160G Refurb</LISTITEM>
      <LISTITEM Id="110" value="" DependentOn="9">E169</LISTITEM>
      <LISTITEM Id="111" value="" DependentOn="9">E169 Refurb</LISTITEM>
      <LISTITEM Id="112" value="" DependentOn="9">E1750</LISTITEM>
      <LISTITEM Id="113" value="" DependentOn="9">E1750 Refurb</LISTITEM>
      <LISTITEM Id="114" value="" DependentOn="9">E220</LISTITEM>
      <LISTITEM Id="115" value="" DependentOn="9">E220 Refurb</LISTITEM>
      <LISTITEM Id="116" value="" DependentOn="9">E5830</LISTITEM>
      <LISTITEM Id="117" value="" DependentOn="9">E5830 Refurb</LISTITEM>
      <LISTITEM Id="118" value="" DependentOn="9">U7510 Touch</LISTITEM>
      <LISTITEM Id="119" value="" DependentOn="9">U7510 Touch Refurb</LISTITEM>
      <LISTITEM Id="120" value="" DependentOn="9">E122</LISTITEM>
      <LISTITEM Id="121" value="" DependentOn="9">E122 Refurb</LISTITEM>
      <LISTITEM Id="122" value="" DependentOn="9">E585</LISTITEM>
      <LISTITEM Id="123" value="" DependentOn="9">E585 Refurb</LISTITEM>
      <LISTITEM Id="124" value="" DependentOn="10">F102</LISTITEM>
      <LISTITEM Id="125" value="" DependentOn="10">F102 Refurb</LISTITEM>
      <LISTITEM Id="126" value="" DependentOn="10">MF622</LISTITEM>
      <LISTITEM Id="127" value="" DependentOn="10">MF622 Refurb</LISTITEM>
      <LISTITEM Id="128" value="" DependentOn="10">MF627</LISTITEM>
      <LISTITEM Id="129" value="" DependentOn="10">MF627 Refurb</LISTITEM>
      <LISTITEM Id="130" value="" DependentOn="10">F107</LISTITEM>
      <LISTITEM Id="131" value="" DependentOn="10">F107 Refurb</LISTITEM>
      <LISTITEM Id="132" value="" DependentOn="10">MF112</LISTITEM>
      <LISTITEM Id="133" value="" DependentOn="10">MF112 Refurb</LISTITEM>
      <LISTITEM Id="134" value="" DependentOn="10">F930</LISTITEM>
      <LISTITEM Id="135" value="" DependentOn="10">F930 Refurb</LISTITEM>
      <LISTITEM Id="136" value="" DependentOn="10">Racer</LISTITEM>
      <LISTITEM Id="137" value="" DependentOn="10">Racer Refurb</LISTITEM>
      <LISTITEM Id="138" value="" DependentOn="11">Apple iPhone 3G 8GB</LISTITEM>
      <LISTITEM Id="139" value="" DependentOn="11">Apple iPhone 3G 8GB Refreshed</LISTITEM>
      <LISTITEM Id="140" value="" DependentOn="11">Apple iPhone 3G 16GB</LISTITEM>
      <LISTITEM Id="141" value="" DependentOn="11">Apple iPhone 3G 16GB Refreshed</LISTITEM>
      <LISTITEM Id="142" value="" DependentOn="11">Apple iPhone 3G 32GB</LISTITEM>
      <LISTITEM Id="143" value="" DependentOn="11">Apple iPhone 3G 32GB Refreshed</LISTITEM>
      <LISTITEM Id="144" value="" DependentOn="11">Apple iPhone 4 16GB</LISTITEM>
      <LISTITEM Id="145" value="" DependentOn="11">Apple iPhone 4 16GB Refreshed</LISTITEM>
      <LISTITEM Id="146" value="" DependentOn="11">Apple iPhone 4 32GB</LISTITEM>
      <LISTITEM Id="147" value="" DependentOn="11">Apple iPhone 4 32GB Refreshed</LISTITEM>
      <LISTITEM Id="148" value="" DependentOn="12">NA</LISTITEM>
      <LISTITEM Id="149" value="" DependentOn="1">N8</LISTITEM>
      <LISTITEM Id="150" value="" DependentOn="1">c7</LISTITEM>
      <LISTITEM Id="151" value="" DependentOn="4">optimus one</LISTITEM>
      <LISTITEM Id="152" value="" DependentOn="3">F480 refurb</LISTITEM>
      <LISTITEM Id="153" value="" DependentOn="3">F480</LISTITEM>
    </LISTITEMS>
  </DropDownList>
  <ListBox>
    <Label>
      <Text>Call Type </Text>
    </Label>
    <ControlID>5</ControlID>
    <ControlType>Basic</ControlType>
    <FieldID>lb_0ListBox</FieldID>
    <Title>Call Type </Title>
    <DependentID>lb_1ListBox</DependentID>
    <X-Pos>28</X-Pos>
    <Y-Pos>270</Y-Pos>
    <Width>100</Width>
    <IsRequired>True</IsRequired>
    <IsManageable>True</IsManageable>
    <IsPostBack>False</IsPostBack>
    <Dependency>True</Dependency>
    <IsWrap>True</IsWrap>
    <PreWrap>Call Type :</PreWrap>
    <PostWrap>
    </PostWrap>
    <PrevRef>
    </PrevRef>
    <DataSource>XML</DataSource>
    <LISTITEMS>
      <LISTITEM Id="1" value="" DependentOn="0">14 DMBG Handset Exchange</LISTITEM>
      <LISTITEM Id="2" value="" DependentOn="0">14 DMBG Handset Return</LISTITEM>
      <LISTITEM Id="3" value="" DependentOn="0">14 DMBG Modem/Laptop Exchange</LISTITEM>
      <LISTITEM Id="4" value="" DependentOn="0">14 DMBG Modem/Laptop Returns</LISTITEM>
      <LISTITEM Id="5" value="" DependentOn="0">General Query</LISTITEM>
      <LISTITEM Id="7" value="" DependentOn="0">iPhone4 Return - Antenna issue</LISTITEM>
      <LISTITEM Id="8" value="" DependentOn="0">SIM Only Cancellation</LISTITEM>
      <LISTITEM Id="9" value="" DependentOn="0">Dealer/Store/Websales Cancellation</LISTITEM>
    </LISTITEMS>
  </ListBox>
  <ListBox>
    <Label>
      <Text>Query </Text>
    </Label>
    <ControlID>5</ControlID>
    <ControlType>Basic</ControlType>
    <FieldID>lb_1ListBox</FieldID>
    <Title>Query </Title>
    <DependentID>lb_2ListBox</DependentID>
    <X-Pos>282</X-Pos>
    <Y-Pos>268</Y-Pos>
    <Width>100</Width>
    <IsRequired>True</IsRequired>
    <IsManageable>True</IsManageable>
    <IsPostBack>False</IsPostBack>
    <Dependency>True</Dependency>
    <IsWrap>True</IsWrap>
    <PreWrap>Query :</PreWrap>
    <PostWrap>
    </PostWrap>
    <PrevRef>lb_0ListBox</PrevRef>
    <DataSource>XML</DataSource>
    <LISTITEMS>
      <LISTITEM Id="1" value="" DependentOn="1">Handset Faulty</LISTITEM>
      <LISTITEM Id="2" value="" DependentOn="1">Handset Features Not Liked</LISTITEM>
      <LISTITEM Id="3" value="" DependentOn="1">Handset Received Damaged</LISTITEM>
      <LISTITEM Id="4" value="" DependentOn="1">Incorrect Handset Sent</LISTITEM>
      <LISTITEM Id="8" value="" DependentOn="1">Accessories unavailable</LISTITEM>
      <LISTITEM Id="9" value="" DependentOn="1">Called to Exchange/Return</LISTITEM>
      <LISTITEM Id="10" value="" DependentOn="2">Missold/Misinformed</LISTITEM>
      <LISTITEM Id="11" value="" DependentOn="2">Handset Features Not Liked</LISTITEM>
      <LISTITEM Id="12" value="" DependentOn="2">Delivery Issue</LISTITEM>
      <LISTITEM Id="13" value="" DependentOn="2">Incorrect Handset Sent</LISTITEM>
      <LISTITEM Id="15" value="" DependentOn="2">Handset Faulty</LISTITEM>
      <LISTITEM Id="18" value="" DependentOn="2">Deal Not Liked/Competitor Better Offer</LISTITEM>
      <LISTITEM Id="19" value="" DependentOn="2">Acessories Unavailable</LISTITEM>
      <LISTITEM Id="20" value="" DependentOn="2">Coverage Issues</LISTITEM>
      <LISTITEM Id="21" value="" DependentOn="2">Called to Exchange/Return</LISTITEM>
      <LISTITEM Id="22" value="" DependentOn="2">No Handset Contract</LISTITEM>
      <LISTITEM Id="26" value="" DependentOn="0">Laptop Not Received</LISTITEM>
      <LISTITEM Id="27" value="" DependentOn="3">Laptop Not Received</LISTITEM>
      <LISTITEM Id="28" value="" DependentOn="3">Called to Exchange/Return</LISTITEM>
      <LISTITEM Id="29" value="" DependentOn="4">Faulty Product</LISTITEM>
      <LISTITEM Id="30" value="" DependentOn="4">Coverage Issues-No Coverage</LISTITEM>
      <LISTITEM Id="31" value="" DependentOn="4">Already Has MBB Account</LISTITEM>
      <LISTITEM Id="34" value="" DependentOn="4">Does not Have Modem Box</LISTITEM>
      <LISTITEM Id="36" value="" DependentOn="4">No DVD/CD ROM</LISTITEM>
      <LISTITEM Id="39" value="" DependentOn="4">Delivery Issues</LISTITEM>
      <LISTITEM Id="40" value="" DependentOn="4">Deal did not like</LISTITEM>
      <LISTITEM Id="41" value="" DependentOn="4">Missold Device</LISTITEM>
      <LISTITEM Id="42" value="" DependentOn="0">Missold Price Plan</LISTITEM>
      <LISTITEM Id="43" value="" DependentOn="4">Campatibility Issues</LISTITEM>
      <LISTITEM Id="46" value="" DependentOn="4">Called to Exchange/Return</LISTITEM>
      <LISTITEM Id="47" value="" DependentOn="4">Modem Not Received</LISTITEM>
      <LISTITEM Id="48" value="" DependentOn="5">Calling with Consignment Number</LISTITEM>
      <LISTITEM Id="49" value="" DependentOn="5">Understand the  Offer</LISTITEM>
      <LISTITEM Id="50" value="" DependentOn="5">Account on Sprint not on CRM2</LISTITEM>
      <LISTITEM Id="55" value="" DependentOn="5">Jiffy Bag/Returns label Not Received</LISTITEM>
      <LISTITEM Id="56" value="" DependentOn="5">Non TSAR Query</LISTITEM>
      <LISTITEM Id="57" value="" DependentOn="5">Handset Faulty</LISTITEM>
      <LISTITEM Id="58" value="" DependentOn="5">Blank/Silent/Drop call</LISTITEM>
      <LISTITEM Id="65" value="" DependentOn="7">New Contract</LISTITEM>
      <LISTITEM Id="66" value="" DependentOn="8">Missold/Misinformed</LISTITEM>
      <LISTITEM Id="67" value="" DependentOn="8">Competitor Offers</LISTITEM>
      <LISTITEM Id="68" value="" DependentOn="8">Going Abroad</LISTITEM>
      <LISTITEM Id="69" value="" DependentOn="8">Cannot Afford</LISTITEM>
      <LISTITEM Id="70" value="" DependentOn="8">Outside 14 Days</LISTITEM>
      <LISTITEM Id="72" value="" DependentOn="2">Already Has handset  Account</LISTITEM>
      <LISTITEM Id="73" value="" DependentOn="9">Missold/Misinformed</LISTITEM>
      <LISTITEM Id="74" value="" DependentOn="9">Dealer Not Contactable</LISTITEM>
      <LISTITEM Id="75" value="" DependentOn="9">Dealer out Of Business</LISTITEM>
      <LISTITEM Id="76" value="" DependentOn="9">Handset Not received</LISTITEM>
      <LISTITEM Id="77" value="" DependentOn="9">Handset Returned to Dealer</LISTITEM>
      <LISTITEM Id="78" value="" DependentOn="9">Outside 14 DMBG</LISTITEM>
      <LISTITEM Id="79" value="" DependentOn="9">Calling to Exchange/Cancel within 14 DMBG</LISTITEM>
      <LISTITEM Id="81" value="" DependentOn="2">Going abroad</LISTITEM>
      <LISTITEM Id="82" value="" DependentOn="1">failed delivery</LISTITEM>
      <LISTITEM Id="83" value="" DependentOn="2">Financial crises</LISTITEM>
      <LISTITEM Id="84" value="" DependentOn="9">Retailer/Dealer terminated</LISTITEM>
      <LISTITEM Id="85" value="" DependentOn="8">coverage issue</LISTITEM>
    </LISTITEMS>
  </ListBox>
  <ListBox>
    <Label>
      <Text>Outcome </Text>
    </Label>
    <ControlID>5</ControlID>
    <ControlType>Basic</ControlType>
    <FieldID>lb_2ListBox</FieldID>
    <Title>Outcome </Title>
    <DependentID>lb_3ListBox</DependentID>
    <X-Pos>548</X-Pos>
    <Y-Pos>267</Y-Pos>
    <Width>100</Width>
    <IsRequired>True</IsRequired>
    <IsManageable>True</IsManageable>
    <IsPostBack>False</IsPostBack>
    <Dependency>True</Dependency>
    <IsWrap>True</IsWrap>
    <PreWrap>Outcome :</PreWrap>
    <PostWrap>
    </PostWrap>
    <PrevRef>lb_1ListBox</PrevRef>
    <DataSource>XML</DataSource>
    <LISTITEMS>
      <LISTITEM Id="1" value="" DependentOn="1">Exchange Approved</LISTITEM>
      <LISTITEM Id="2" value="" DependentOn="1">Exchange Declined</LISTITEM>
      <LISTITEM Id="3" value="" DependentOn="2">Exchange Approved</LISTITEM>
      <LISTITEM Id="4" value="" DependentOn="2">Retained on Same Device</LISTITEM>
      <LISTITEM Id="5" value="" DependentOn="2">Exchange Declined</LISTITEM>
      <LISTITEM Id="6" value="" DependentOn="3">Exchange Approved</LISTITEM>
      <LISTITEM Id="7" value="" DependentOn="3">Exchange Declined</LISTITEM>
      <LISTITEM Id="8" value="" DependentOn="4">Exchange Approved</LISTITEM>
      <LISTITEM Id="9" value="" DependentOn="4">Exchange Declined</LISTITEM>
      <LISTITEM Id="16" value="" DependentOn="8">Exchange Approved</LISTITEM>
      <LISTITEM Id="18" value="" DependentOn="9">options given</LISTITEM>
      <LISTITEM Id="19" value="" DependentOn="10">Cancellation Approved</LISTITEM>
      <LISTITEM Id="20" value="" DependentOn="11">Cancellation Approved</LISTITEM>
      <LISTITEM Id="21" value="" DependentOn="0">Retained on Same Device</LISTITEM>
      <LISTITEM Id="22" value="" DependentOn="12">Cancellation Approved</LISTITEM>
      <LISTITEM Id="23" value="" DependentOn="13">Cancellation Approved</LISTITEM>
      <LISTITEM Id="25" value="" DependentOn="15">Cancellation Approved</LISTITEM>
      <LISTITEM Id="26" value="" DependentOn="15">Cancellation Declined</LISTITEM>
      <LISTITEM Id="29" value="" DependentOn="18">Cancellation Approved</LISTITEM>
      <LISTITEM Id="30" value="" DependentOn="19">Cancellation Approved</LISTITEM>
      <LISTITEM Id="31" value="" DependentOn="20">Cancellation Approved</LISTITEM>
      <LISTITEM Id="32" value="" DependentOn="21">Does Not Have IMEI No</LISTITEM>
      <LISTITEM Id="33" value="" DependentOn="22">Cancellation Approved</LISTITEM>
      <LISTITEM Id="34" value="" DependentOn="22">Cancellation Declined</LISTITEM>
      <LISTITEM Id="40" value="" DependentOn="27">Investigation required</LISTITEM>
      <LISTITEM Id="41" value="" DependentOn="27">Laptop returned  to warehouse</LISTITEM>
      <LISTITEM Id="42" value="" DependentOn="28">Customer Will Call Back</LISTITEM>
      <LISTITEM Id="43" value="" DependentOn="29">Cancellation Approved</LISTITEM>
      <LISTITEM Id="44" value="" DependentOn="30">Cancellation Approved</LISTITEM>
      <LISTITEM Id="45" value="" DependentOn="31">Cancellation Approved</LISTITEM>
      <LISTITEM Id="48" value="" DependentOn="34">Cancellation Declined</LISTITEM>
      <LISTITEM Id="50" value="" DependentOn="36">Cancellation Approved</LISTITEM>
      <LISTITEM Id="53" value="" DependentOn="39">Cancellation Approved</LISTITEM>
      <LISTITEM Id="54" value="" DependentOn="40">Cancellation Approved</LISTITEM>
      <LISTITEM Id="55" value="" DependentOn="41">Cancellation Approved</LISTITEM>
      <LISTITEM Id="56" value="" DependentOn="43">Cancellation Approved</LISTITEM>
      <LISTITEM Id="60" value="" DependentOn="46">doesnot have imei no.</LISTITEM>
      <LISTITEM Id="61" value="" DependentOn="47">Raised a Case to Logistics</LISTITEM>
      <LISTITEM Id="62" value="" DependentOn="47">blacklisted the modem</LISTITEM>
      <LISTITEM Id="63" value="" DependentOn="11">Retained on Same Device</LISTITEM>
      <LISTITEM Id="64" value="" DependentOn="11">Cancellation Declined</LISTITEM>
      <LISTITEM Id="65" value="" DependentOn="48">AHR case not raised</LISTITEM>
      <LISTITEM Id="66" value="" DependentOn="48">Updated the AHR Case</LISTITEM>
      <LISTITEM Id="67" value="" DependentOn="49">Offer Explained</LISTITEM>
      <LISTITEM Id="68" value="" DependentOn="50">Followed Sprint WI</LISTITEM>
      <LISTITEM Id="77" value="" DependentOn="55">Case/SO raised for Jiffy Bag</LISTITEM>
      <LISTITEM Id="78" value="" DependentOn="55">Within 5 working days</LISTITEM>
      <LISTITEM Id="79" value="" DependentOn="56">Consultation</LISTITEM>
      <LISTITEM Id="81" value="" DependentOn="57">Transferred to TSI</LISTITEM>
      <LISTITEM Id="82" value="" DependentOn="58">Gave End Call Verbiage</LISTITEM>
      <LISTITEM Id="83" value="" DependentOn="58">Call Dropped</LISTITEM>
      <LISTITEM Id="100" value="" DependentOn="65">Directed to Apple for Bumper Case</LISTITEM>
      <LISTITEM Id="101" value="" DependentOn="65">Exchange for Non Like Handset</LISTITEM>
      <LISTITEM Id="102" value="" DependentOn="65">Cancellation Processed</LISTITEM>
      <LISTITEM Id="103" value="" DependentOn="65">Directed to Point of Purchase</LISTITEM>
      <LISTITEM Id="106" value="" DependentOn="66">Offered COO</LISTITEM>
      <LISTITEM Id="107" value="" DependentOn="66">FAB the deal</LISTITEM>
      <LISTITEM Id="110" value="" DependentOn="67">Offered COO</LISTITEM>
      <LISTITEM Id="111" value="" DependentOn="67">Fab the deal</LISTITEM>
      <LISTITEM Id="114" value="" DependentOn="68">Offered COO</LISTITEM>
      <LISTITEM Id="115" value="" DependentOn="68">Fab the SIM Only Deal</LISTITEM>
      <LISTITEM Id="118" value="" DependentOn="69">Offered COO</LISTITEM>
      <LISTITEM Id="119" value="" DependentOn="69">Fab the SIM Only Deal</LISTITEM>
      <LISTITEM Id="120" value="" DependentOn="70">Cancellation declined</LISTITEM>
      <LISTITEM Id="123" value="" DependentOn="72">Cancellation Approved</LISTITEM>
      <LISTITEM Id="124" value="" DependentOn="10">Transferred to SET</LISTITEM>
      <LISTITEM Id="125" value="" DependentOn="18">Retained with Different Offer</LISTITEM>
      <LISTITEM Id="126" value="" DependentOn="73">Directed to Store/Dealer/Websales</LISTITEM>
      <LISTITEM Id="128" value="" DependentOn="73">Escalated to Sales Ops</LISTITEM>
      <LISTITEM Id="129" value="" DependentOn="74">Escalated to Sales Ops</LISTITEM>
      <LISTITEM Id="130" value="" DependentOn="75">Escalated to Sales Ops</LISTITEM>
      <LISTITEM Id="131" value="" DependentOn="76">Directed to Store/Dealer/Websales</LISTITEM>
      <LISTITEM Id="133" value="" DependentOn="77">Directed to Store/Dealer/Websales</LISTITEM>
      <LISTITEM Id="136" value="" DependentOn="78">Directed to Point of Sale</LISTITEM>
      <LISTITEM Id="137" value="" DependentOn="79">Directed to Point of Sale</LISTITEM>
      <LISTITEM Id="140" value="" DependentOn="66">Transferred to SET</LISTITEM>
      <LISTITEM Id="141" value="" DependentOn="22">retained with same offer</LISTITEM>
      <LISTITEM Id="142" value="" DependentOn="82">sent handset</LISTITEM>
      <LISTITEM Id="143" value="" DependentOn="69">processed 14dmbg</LISTITEM>
      <LISTITEM Id="144" value="" DependentOn="31">Retained with same offer</LISTITEM>
      <LISTITEM Id="146" value="" DependentOn="40">Retained with different offer</LISTITEM>
      <LISTITEM Id="147" value="" DependentOn="67">14dmbg Processed</LISTITEM>
      <LISTITEM Id="148" value="" DependentOn="68">14dmbg Processed</LISTITEM>
      <LISTITEM Id="149" value="" DependentOn="81">14dmbg processed</LISTITEM>
      <LISTITEM Id="150" value="" DependentOn="81">Retained the customer</LISTITEM>
      <LISTITEM Id="151" value="" DependentOn="66">handset compatibility</LISTITEM>
      <LISTITEM Id="152" value="" DependentOn="66">Price Plan  being missold</LISTITEM>
      <LISTITEM Id="153" value="" DependentOn="83">Cancellation Approved</LISTITEM>
      <LISTITEM Id="154" value="" DependentOn="83">Cancellation declined</LISTITEM>
      <LISTITEM Id="155" value="" DependentOn="13">Cancellation declined</LISTITEM>
      <LISTITEM Id="156" value="" DependentOn="29">Cancellation declined</LISTITEM>
      <LISTITEM Id="157" value="" DependentOn="31">Cancellation declined</LISTITEM>
      <LISTITEM Id="158" value="" DependentOn="36">Cancellation declined</LISTITEM>
      <LISTITEM Id="159" value="" DependentOn="40">Cancellation declined</LISTITEM>
      <LISTITEM Id="160" value="" DependentOn="41">cancellation declined</LISTITEM>
      <LISTITEM Id="161" value="" DependentOn="43">cancellation declined</LISTITEM>
      <LISTITEM Id="162" value="" DependentOn="85">cancellation approved</LISTITEM>
      <LISTITEM Id="163" value="" DependentOn="85">cancellation declined</LISTITEM>
      <LISTITEM Id="164" value="" DependentOn="85">retained on the same offer</LISTITEM>
      <LISTITEM Id="165" value="" DependentOn="18">Cancellation declined</LISTITEM>
      <LISTITEM Id="166" value="" DependentOn="84">Escalated to sales ops</LISTITEM>
      <LISTITEM Id="167" value="" DependentOn="72">Cancellation Declined</LISTITEM>
      <LISTITEM Id="168" value="" DependentOn="81">Cancellation declined</LISTITEM>
    </LISTITEMS>
  </ListBox>
  <ListBox>
    <Label>
      <Text>Reason </Text>
    </Label>
    <ControlID>5</ControlID>
    <ControlType>Basic</ControlType>
    <FieldID>lb_3ListBox</FieldID>
    <Title>Reason </Title>
    <DependentID>
    </DependentID>
    <X-Pos>803</X-Pos>
    <Y-Pos>267</Y-Pos>
    <Width>100</Width>
    <IsRequired>True</IsRequired>
    <IsManageable>True</IsManageable>
    <IsPostBack>False</IsPostBack>
    <Dependency>True</Dependency>
    <IsWrap>True</IsWrap>
    <PreWrap>Reason :</PreWrap>
    <PostWrap>
    </PostWrap>
    <PrevRef>lb_2ListBox</PrevRef>
    <DataSource>XML</DataSource>
    <LISTITEMS>
      <LISTITEM Id="1" value="" DependentOn="1">Cant Make/Receive Calls</LISTITEM>
      <LISTITEM Id="2" value="" DependentOn="1">Cannot Send/Receive SMS</LISTITEM>
      <LISTITEM Id="3" value="" DependentOn="1">Unable to Save Contacts</LISTITEM>
      <LISTITEM Id="4" value="" DependentOn="1">Not Charging</LISTITEM>
      <LISTITEM Id="5" value="" DependentOn="1">Not Switching ON</LISTITEM>
      <LISTITEM Id="6" value="" DependentOn="1">Low Battery Life/Battery Error</LISTITEM>
      <LISTITEM Id="7" value="" DependentOn="1">No Display/Dead Pixels/Line Accross Screen</LISTITEM>
      <LISTITEM Id="8" value="" DependentOn="1">Alarm Wont Ring</LISTITEM>
      <LISTITEM Id="9" value="" DependentOn="1">Volume Not Loud Enough</LISTITEM>
      <LISTITEM Id="10" value="" DependentOn="1">Bluetooth Connectivity Issues</LISTITEM>
      <LISTITEM Id="11" value="" DependentOn="1">Head Phones Faulty</LISTITEM>
      <LISTITEM Id="12" value="" DependentOn="1">Wont Read Memory Card</LISTITEM>
      <LISTITEM Id="13" value="" DependentOn="1">GPS not Working</LISTITEM>
      <LISTITEM Id="14" value="" DependentOn="1">Cannot Connect to Computer</LISTITEM>
      <LISTITEM Id="15" value="" DependentOn="1">Cannot Make Skype calls</LISTITEM>
      <LISTITEM Id="16" value="" DependentOn="1">Blurred Picture</LISTITEM>
      <LISTITEM Id="17" value="" DependentOn="1">Camera Shutter Faulty</LISTITEM>
      <LISTITEM Id="18" value="" DependentOn="1">Flash Zoom Not Working</LISTITEM>
      <LISTITEM Id="19" value="" DependentOn="1">Emergency Calls Only</LISTITEM>
      <LISTITEM Id="20" value="" DependentOn="1">Back Cover Wont Fit</LISTITEM>
      <LISTITEM Id="21" value="" DependentOn="1">Wont Register KeyPress</LISTITEM>
      <LISTITEM Id="22" value="" DependentOn="1">Heats Up</LISTITEM>
      <LISTITEM Id="23" value="" DependentOn="1">Freezing</LISTITEM>
      <LISTITEM Id="24" value="" DependentOn="1">Slow Performance</LISTITEM>
      <LISTITEM Id="25" value="" DependentOn="1">Fluctuating/No Coverage</LISTITEM>
      <LISTITEM Id="26" value="" DependentOn="2">Outside 28 Days</LISTITEM>
      <LISTITEM Id="27" value="" DependentOn="2">second Time Exchange Has Been Done</LISTITEM>
      <LISTITEM Id="28" value="" DependentOn="3">Plastic/Filmsy/Cheap</LISTITEM>
      <LISTITEM Id="29" value="" DependentOn="3">Keypad Layout/Numbers Too Small</LISTITEM>
      <LISTITEM Id="30" value="" DependentOn="3">Too Bulky/Thick</LISTITEM>
      <LISTITEM Id="31" value="" DependentOn="3">Shape- Slider/Classic/Flip</LISTITEM>
      <LISTITEM Id="32" value="" DependentOn="3">Too Lightweight</LISTITEM>
      <LISTITEM Id="33" value="" DependentOn="3">Does not Like Colour</LISTITEM>
      <LISTITEM Id="34" value="" DependentOn="3">Wants Camera With Flash</LISTITEM>
      <LISTITEM Id="35" value="" DependentOn="3">Wants 2 Cameras for Video Calling</LISTITEM>
      <LISTITEM Id="36" value="" DependentOn="3">No Zoom on Camera</LISTITEM>
      <LISTITEM Id="37" value="" DependentOn="3">Not Compatible with File Formats</LISTITEM>
      <LISTITEM Id="38" value="" DependentOn="3">Wants More Memory</LISTITEM>
      <LISTITEM Id="39" value="" DependentOn="3">Does Not Have FM Radio</LISTITEM>
      <LISTITEM Id="40" value="" DependentOn="3">GPS not Available</LISTITEM>
      <LISTITEM Id="41" value="" DependentOn="3">No Video Calling</LISTITEM>
      <LISTITEM Id="42" value="" DependentOn="3">No Voice Activated Dialing</LISTITEM>
      <LISTITEM Id="43" value="" DependentOn="3">No WiFI</LISTITEM>
      <LISTITEM Id="44" value="" DependentOn="3">Cannot Access Email on 3</LISTITEM>
      <LISTITEM Id="45" value="" DependentOn="3">No Skype</LISTITEM>
      <LISTITEM Id="46" value="" DependentOn="3">Does Not  Want Touch Screen</LISTITEM>
      <LISTITEM Id="47" value="" DependentOn="4">Explained Benefits &amp; Features of Device</LISTITEM>
      <LISTITEM Id="48" value="" DependentOn="5">Outside 14 Days</LISTITEM>
      <LISTITEM Id="49" value="" DependentOn="5">One Time Exchange Has Been Done</LISTITEM>
      <LISTITEM Id="50" value="" DependentOn="6">Reported Within 24 Hours</LISTITEM>
      <LISTITEM Id="51" value="" DependentOn="7">Reported Outside 24 Hours</LISTITEM>
      <LISTITEM Id="52" value="" DependentOn="8">Within 14 Days</LISTITEM>
      <LISTITEM Id="53" value="" DependentOn="9">Outside14 Days</LISTITEM>
      <LISTITEM Id="71" value="" DependentOn="16">No Data Cable</LISTITEM>
      <LISTITEM Id="72" value="" DependentOn="16">No Headphones</LISTITEM>
      <LISTITEM Id="73" value="" DependentOn="16">No Memory Card</LISTITEM>
      <LISTITEM Id="74" value="" DependentOn="16">No CDROM</LISTITEM>
      <LISTITEM Id="75" value="" DependentOn="16">No Car Charger</LISTITEM>
      <LISTITEM Id="78" value="" DependentOn="18">customer will call back</LISTITEM>
      <LISTITEM Id="79" value="" DependentOn="19">Missold Device Specifications</LISTITEM>
      <LISTITEM Id="80" value="" DependentOn="19">Missold Priceplan</LISTITEM>
      <LISTITEM Id="81" value="" DependentOn="19">Already Has Phone Contract</LISTITEM>
      <LISTITEM Id="82" value="" DependentOn="19">Coverage Issues(White/Mauve)</LISTITEM>
      <LISTITEM Id="83" value="" DependentOn="20">Plastic/Filmsy/Cheap</LISTITEM>
      <LISTITEM Id="84" value="" DependentOn="20">Keypad Layout/Numbers Too Small</LISTITEM>
      <LISTITEM Id="85" value="" DependentOn="20">Too Bulky/Thick</LISTITEM>
      <LISTITEM Id="86" value="" DependentOn="20">Shape- Slider/Classic/Flip</LISTITEM>
      <LISTITEM Id="87" value="" DependentOn="20">Too Lightweight</LISTITEM>
      <LISTITEM Id="88" value="" DependentOn="20">Does not Like Colour</LISTITEM>
      <LISTITEM Id="89" value="" DependentOn="20">Wants Camera With Flash</LISTITEM>
      <LISTITEM Id="90" value="" DependentOn="20">Wants 2 Cameras for Video Calling</LISTITEM>
      <LISTITEM Id="91" value="" DependentOn="20">No Zoom on Camera</LISTITEM>
      <LISTITEM Id="92" value="" DependentOn="20">Not Compatible with File Formats</LISTITEM>
      <LISTITEM Id="93" value="" DependentOn="20">Wants More Memory</LISTITEM>
      <LISTITEM Id="94" value="" DependentOn="20">Does Not Have FM Radio</LISTITEM>
      <LISTITEM Id="95" value="" DependentOn="20">GPS not Available</LISTITEM>
      <LISTITEM Id="96" value="" DependentOn="20">No Video Calling</LISTITEM>
      <LISTITEM Id="97" value="" DependentOn="20">No Voice Activated Dialing</LISTITEM>
      <LISTITEM Id="98" value="" DependentOn="20">No WiFI</LISTITEM>
      <LISTITEM Id="99" value="" DependentOn="20">Cannot Access Email on 3</LISTITEM>
      <LISTITEM Id="100" value="" DependentOn="20">No Skype</LISTITEM>
      <LISTITEM Id="101" value="" DependentOn="63">Explained Features&amp;Benefits of Device</LISTITEM>
      <LISTITEM Id="102" value="" DependentOn="64">Outside 14 Days</LISTITEM>
      <LISTITEM Id="103" value="" DependentOn="64">One Time Exchange Has Been Done</LISTITEM>
      <LISTITEM Id="104" value="" DependentOn="22">handset not delivered</LISTITEM>
      <LISTITEM Id="111" value="" DependentOn="25">Cant Make/Receive Calls</LISTITEM>
      <LISTITEM Id="112" value="" DependentOn="25">Cannot Send/Receive SMS</LISTITEM>
      <LISTITEM Id="113" value="" DependentOn="25">Unable to Save Contacts</LISTITEM>
      <LISTITEM Id="114" value="" DependentOn="25">Not Charging</LISTITEM>
      <LISTITEM Id="115" value="" DependentOn="25">Not Switching ON</LISTITEM>
      <LISTITEM Id="116" value="" DependentOn="25">Low Battery Life/Battery Error</LISTITEM>
      <LISTITEM Id="117" value="" DependentOn="25">No Display/Dead Pixels/Line Accross Screen</LISTITEM>
      <LISTITEM Id="118" value="" DependentOn="25">Alarm Wont Ring</LISTITEM>
      <LISTITEM Id="119" value="" DependentOn="25">Volume Not Loud Enough</LISTITEM>
      <LISTITEM Id="120" value="" DependentOn="25">Bluetooth Connectivity Issues</LISTITEM>
      <LISTITEM Id="121" value="" DependentOn="25">Head Phones Faulty</LISTITEM>
      <LISTITEM Id="122" value="" DependentOn="25">Wont Read Memory Card</LISTITEM>
      <LISTITEM Id="123" value="" DependentOn="25">GPS not Working</LISTITEM>
      <LISTITEM Id="124" value="" DependentOn="25">Cannot Connect to Computer</LISTITEM>
      <LISTITEM Id="125" value="" DependentOn="25">Cannot Make Skype calls</LISTITEM>
      <LISTITEM Id="126" value="" DependentOn="25">Blurred Picture</LISTITEM>
      <LISTITEM Id="127" value="" DependentOn="25">Camera Shutter Faulty</LISTITEM>
      <LISTITEM Id="128" value="" DependentOn="25">Flash Zoom Not Working</LISTITEM>
      <LISTITEM Id="129" value="" DependentOn="25">Emergency Calls Only</LISTITEM>
      <LISTITEM Id="130" value="" DependentOn="25">Back Cover Wont Fit</LISTITEM>
      <LISTITEM Id="131" value="" DependentOn="25">Wont Register KeyPress</LISTITEM>
      <LISTITEM Id="132" value="" DependentOn="25">Heats Up</LISTITEM>
      <LISTITEM Id="133" value="" DependentOn="25">Freezing</LISTITEM>
      <LISTITEM Id="134" value="" DependentOn="25">Slow Performance</LISTITEM>
      <LISTITEM Id="135" value="" DependentOn="25">Fluctuating/ No Coverage</LISTITEM>
      <LISTITEM Id="136" value="" DependentOn="26">Outside 28 Days</LISTITEM>
      <LISTITEM Id="137" value="" DependentOn="26">second Time Exchange Has Been Done</LISTITEM>
      <LISTITEM Id="140" value="" DependentOn="29">Better Deal From 3Store/3rd Party Dealer</LISTITEM>
      <LISTITEM Id="141" value="" DependentOn="29">Better Competitor Offer</LISTITEM>
      <LISTITEM Id="142" value="" DependentOn="29">Price Plan Not Suitable</LISTITEM>
      <LISTITEM Id="143" value="" DependentOn="30">No Data Cable</LISTITEM>
      <LISTITEM Id="144" value="" DependentOn="30">No Headphones</LISTITEM>
      <LISTITEM Id="145" value="" DependentOn="30">No Memory Card</LISTITEM>
      <LISTITEM Id="146" value="" DependentOn="30">No CDROM</LISTITEM>
      <LISTITEM Id="147" value="" DependentOn="30">No Car Charger</LISTITEM>
      <LISTITEM Id="148" value="" DependentOn="31">marginal coverage</LISTITEM>
      <LISTITEM Id="149" value="" DependentOn="32">customer will call back</LISTITEM>
      <LISTITEM Id="150" value="" DependentOn="33">SIM Unused</LISTITEM>
      <LISTITEM Id="151" value="" DependentOn="33">Coverage Issues</LISTITEM>
      <LISTITEM Id="152" value="" DependentOn="34">SIM Used</LISTITEM>
      <LISTITEM Id="153" value="" DependentOn="34">Outside 14 Days</LISTITEM>
      <LISTITEM Id="160" value="" DependentOn="40">raise case to logistics</LISTITEM>
      <LISTITEM Id="161" value="" DependentOn="41">Arranged redelivery of laptop</LISTITEM>
      <LISTITEM Id="162" value="" DependentOn="42">Customer will call back</LISTITEM>
      <LISTITEM Id="170" value="" DependentOn="50">process limitation</LISTITEM>
      <LISTITEM Id="173" value="" DependentOn="53">modem not delivered</LISTITEM>
      <LISTITEM Id="174" value="" DependentOn="54">competitor better offer</LISTITEM>
      <LISTITEM Id="175" value="" DependentOn="55">incorrect device</LISTITEM>
      <LISTITEM Id="176" value="" DependentOn="56">modem not compatible</LISTITEM>
      <LISTITEM Id="179" value="" DependentOn="60">customer will call back</LISTITEM>
      <LISTITEM Id="180" value="" DependentOn="61">investigation required</LISTITEM>
      <LISTITEM Id="181" value="" DependentOn="62">cancellation approved</LISTITEM>
      <LISTITEM Id="182" value="" DependentOn="65">case raise to AHR</LISTITEM>
      <LISTITEM Id="183" value="" DependentOn="66">Updated case</LISTITEM>
      <LISTITEM Id="184" value="" DependentOn="67">offer explained</LISTITEM>
      <LISTITEM Id="185" value="" DependentOn="68">Ask to call back</LISTITEM>
      <LISTITEM Id="194" value="" DependentOn="77">SO/Case was not Raised</LISTITEM>
      <LISTITEM Id="195" value="" DependentOn="77">Outside 5 Working days</LISTITEM>
      <LISTITEM Id="196" value="" DependentOn="78">Advised about 5 working days</LISTITEM>
      <LISTITEM Id="204" value="" DependentOn="81">Diagnostics not Done</LISTITEM>
      <LISTITEM Id="206" value="" DependentOn="82">Call Dropped</LISTITEM>
      <LISTITEM Id="207" value="" DependentOn="82">Call Ended (Advisor)</LISTITEM>
      <LISTITEM Id="208" value="" DependentOn="83">Call Dropped</LISTITEM>
      <LISTITEM Id="225" value="" DependentOn="100">Telesales</LISTITEM>
      <LISTITEM Id="226" value="" DependentOn="100">Contact Centre</LISTITEM>
      <LISTITEM Id="227" value="" DependentOn="101">Telesales</LISTITEM>
      <LISTITEM Id="228" value="" DependentOn="101">Contact Centre</LISTITEM>
      <LISTITEM Id="229" value="" DependentOn="102">Telesales</LISTITEM>
      <LISTITEM Id="230" value="" DependentOn="102">Contact Centre</LISTITEM>
      <LISTITEM Id="231" value="" DependentOn="103">Telesales</LISTITEM>
      <LISTITEM Id="232" value="" DependentOn="103">Contact Centre</LISTITEM>
      <LISTITEM Id="237" value="" DependentOn="106">customer will call back</LISTITEM>
      <LISTITEM Id="238" value="" DependentOn="107">retained</LISTITEM>
      <LISTITEM Id="241" value="" DependentOn="110">Customer will call back</LISTITEM>
      <LISTITEM Id="242" value="" DependentOn="111">Retained</LISTITEM>
      <LISTITEM Id="245" value="" DependentOn="114">Customer will call back</LISTITEM>
      <LISTITEM Id="246" value="" DependentOn="115">retained</LISTITEM>
      <LISTITEM Id="249" value="" DependentOn="118">Customer will call back</LISTITEM>
      <LISTITEM Id="250" value="" DependentOn="119">Retained</LISTITEM>
      <LISTITEM Id="251" value="" DependentOn="120">Transferred to COTI</LISTITEM>
      <LISTITEM Id="253" value="" DependentOn="123">within 14dmbg</LISTITEM>
      <LISTITEM Id="256" value="" DependentOn="126">Directed to store/dealer/websales</LISTITEM>
      <LISTITEM Id="258" value="" DependentOn="128">Case raised</LISTITEM>
      <LISTITEM Id="259" value="" DependentOn="129">Case raised</LISTITEM>
      <LISTITEM Id="260" value="" DependentOn="130">Case raised</LISTITEM>
      <LISTITEM Id="261" value="" DependentOn="131">Directed to Point of  Purchase</LISTITEM>
      <LISTITEM Id="263" value="" DependentOn="133">Directed to point of purchase</LISTITEM>
      <LISTITEM Id="266" value="" DependentOn="136">Directed to Point of purchase</LISTITEM>
      <LISTITEM Id="267" value="" DependentOn="137">Directed to point of  purchase</LISTITEM>
      <LISTITEM Id="269" value="" DependentOn="79">Outside 14 days</LISTITEM>
      <LISTITEM Id="270" value="" DependentOn="79">Outside 28 days</LISTITEM>
      <LISTITEM Id="271" value="" DependentOn="79">Upgraded account</LISTITEM>
      <LISTITEM Id="272" value="" DependentOn="79">Directed to point of  sale</LISTITEM>
      <LISTITEM Id="273" value="" DependentOn="79">Websales cancellations</LISTITEM>
      <LISTITEM Id="274" value="" DependentOn="79">3rd Party Dealer cancellation</LISTITEM>
      <LISTITEM Id="275" value="" DependentOn="79">3 store cancellation</LISTITEM>
      <LISTITEM Id="276" value="" DependentOn="79">2nd exchange request(Handset Not Faulty)</LISTITEM>
      <LISTITEM Id="277" value="" DependentOn="79">Sim only outside 14 days</LISTITEM>
      <LISTITEM Id="278" value="" DependentOn="79">Logistics Issue</LISTITEM>
      <LISTITEM Id="279" value="" DependentOn="79">Chaser Letter Recd/AHR issue</LISTITEM>
      <LISTITEM Id="280" value="" DependentOn="79">Billing Issue/Zero Balance</LISTITEM>
      <LISTITEM Id="281" value="" DependentOn="79">Handset Charge not reversed</LISTITEM>
      <LISTITEM Id="282" value="" DependentOn="79">PLR calling for Exchg. Auth Case</LISTITEM>
      <LISTITEM Id="283" value="" DependentOn="124">A new connection on the pretext of an upgrade with</LISTITEM>
      <LISTITEM Id="285" value="" DependentOn="124">Incorrect contract term</LISTITEM>
      <LISTITEM Id="286" value="" DependentOn="124">2nd account set up incorrectly</LISTITEM>
      <LISTITEM Id="287" value="" DependentOn="124">Mis-informed about in-box accessories</LISTITEM>
      <LISTITEM Id="289" value="" DependentOn="124">Incorrect information given on package</LISTITEM>
      <LISTITEM Id="291" value="" DependentOn="124">misinformed about the handset functionality</LISTITEM>
      <LISTITEM Id="292" value="" DependentOn="124">Not aware of  new contract</LISTITEM>
      <LISTITEM Id="294" value="" DependentOn="140">Free Gift</LISTITEM>
      <LISTITEM Id="295" value="" DependentOn="140">Not awre of  sim contract sold</LISTITEM>
      <LISTITEM Id="296" value="" DependentOn="142">hs back  with 3</LISTITEM>
      <LISTITEM Id="297" value="" DependentOn="144">Retained with same offer</LISTITEM>
      <LISTITEM Id="299" value="" DependentOn="146">Retained</LISTITEM>
      <LISTITEM Id="300" value="" DependentOn="151">14dmbg Processed</LISTITEM>
      <LISTITEM Id="301" value="" DependentOn="152">14dmbg processed</LISTITEM>
      <LISTITEM Id="302" value="" DependentOn="148">14dmbg processed</LISTITEM>
      <LISTITEM Id="303" value="" DependentOn="147">14dmbg processed</LISTITEM>
      <LISTITEM Id="304" value="" DependentOn="143">14dmbg processed</LISTITEM>
      <LISTITEM Id="305" value="" DependentOn="43">modem not working</LISTITEM>
      <LISTITEM Id="306" value="" DependentOn="43">laptop not working</LISTITEM>
      <LISTITEM Id="307" value="" DependentOn="5">Handset used</LISTITEM>
      <LISTITEM Id="308" value="" DependentOn="154">handset  used</LISTITEM>
      <LISTITEM Id="309" value="" DependentOn="153">14dmbg processed</LISTITEM>
      <LISTITEM Id="310" value="" DependentOn="64">handset used</LISTITEM>
      <LISTITEM Id="311" value="" DependentOn="64">box unavailable</LISTITEM>
      <LISTITEM Id="312" value="" DependentOn="23">14dmbg processed</LISTITEM>
      <LISTITEM Id="313" value="" DependentOn="155">handset used</LISTITEM>
      <LISTITEM Id="314" value="" DependentOn="44">marginal coverage</LISTITEM>
      <LISTITEM Id="315" value="" DependentOn="44">slow speed</LISTITEM>
      <LISTITEM Id="316" value="" DependentOn="44">frequent disconnections</LISTITEM>
      <LISTITEM Id="317" value="" DependentOn="45">changed mind</LISTITEM>
      <LISTITEM Id="318" value="" DependentOn="156">outside 28 days</LISTITEM>
      <LISTITEM Id="319" value="" DependentOn="157">outside 14dmbg</LISTITEM>
      <LISTITEM Id="320" value="" DependentOn="48">no box</LISTITEM>
      <LISTITEM Id="321" value="" DependentOn="158">outside 14dmbg</LISTITEM>
      <LISTITEM Id="322" value="" DependentOn="53">laptop not delivered</LISTITEM>
      <LISTITEM Id="323" value="" DependentOn="53">modem/laptop not delivered</LISTITEM>
      <LISTITEM Id="324" value="" DependentOn="54">3 store better offer</LISTITEM>
      <LISTITEM Id="325" value="" DependentOn="159">outside 14dmbg</LISTITEM>
      <LISTITEM Id="326" value="" DependentOn="55">Does not like the Size of  Laptop</LISTITEM>
      <LISTITEM Id="327" value="" DependentOn="56">laptop not compatible</LISTITEM>
      <LISTITEM Id="328" value="" DependentOn="161">outside 14dmbg</LISTITEM>
      <LISTITEM Id="329" value="" DependentOn="5">box unavailable</LISTITEM>
      <LISTITEM Id="330" value="" DependentOn="20">refused delivery</LISTITEM>
      <LISTITEM Id="331" value="" DependentOn="162">sim unused</LISTITEM>
      <LISTITEM Id="332" value="" DependentOn="163">sim used</LISTITEM>
      <LISTITEM Id="333" value="" DependentOn="164">retained</LISTITEM>
      <LISTITEM Id="334" value="" DependentOn="125">retained</LISTITEM>
      <LISTITEM Id="335" value="" DependentOn="165">handset used</LISTITEM>
      <LISTITEM Id="336" value="" DependentOn="33">handset not available</LISTITEM>
      <LISTITEM Id="337" value="" DependentOn="33">process limitation</LISTITEM>
      <LISTITEM Id="338" value="" DependentOn="3">wants touch screen</LISTITEM>
      <LISTITEM Id="339" value="" DependentOn="160">outside 14dmbg</LISTITEM>
      <LISTITEM Id="340" value="" DependentOn="166">Case raised</LISTITEM>
      <LISTITEM Id="341" value="" DependentOn="141">Same with same offer</LISTITEM>
      <LISTITEM Id="342" value="" DependentOn="167">Outside 14dmbg</LISTITEM>
      <LISTITEM Id="343" value="" DependentOn="149">14dmbg processed</LISTITEM>
      <LISTITEM Id="344" value="" DependentOn="150">accepted different deal</LISTITEM>
      <LISTITEM Id="345" value="" DependentOn="150">Agreed for COO</LISTITEM>
      <LISTITEM Id="346" value="" DependentOn="168">Outside 14dmbg</LISTITEM>
      <LISTITEM Id="347" value="" DependentOn="154">outside 14dmbg</LISTITEM>
      <LISTITEM Id="348" value="" DependentOn="79">PAYG ac</LISTITEM>
    </LISTITEMS>
  </ListBox>
  <RadioButtonList>
    <Label>
      <Text>CallValidity</Text>
    </Label>
    <ControlID>3</ControlID>
    <ControlType>Basic</ControlType>
    <FieldID>rbl_0RadioButton</FieldID>
    <Title>CallValidity</Title>
    <X-Pos>80</X-Pos>
    <Y-Pos>466</Y-Pos>
    <Width>200</Width>
    <IsRequired>True</IsRequired>
    <IsPostBack>False</IsPostBack>
    <IsManageable>True</IsManageable>
    <RepeatColumns>1</RepeatColumns>
    <RepeatDirection>Horizontal</RepeatDirection>
    <IsWrap>True</IsWrap>
    <PreWrap>Call Validity :</PreWrap>
    <PostWrap>
    </PostWrap>
    <Dependency>
    </Dependency>
    <PrevRef>
    </PrevRef>
    <DependentID>
    </DependentID>
    <DataSource>XML</DataSource>
    <LISTITEMS>
      <LISTITEM Id="0" value="" DependentOn="0">Correct Transfer</LISTITEM>
      <LISTITEM Id="1" value="" DependentOn="0">Consultation</LISTITEM>
      <LISTITEM Id="2" value="" DependentOn="0">Incorrect Transfer</LISTITEM>
    </LISTITEMS>
  </RadioButtonList>
  <DropDownList>
    <Label>
      <Text>Transferred From </Text>
    </Label>
    <ControlID>2</ControlID>
    <ControlType>Basic</ControlType>
    <FieldID>ddl_7DropDown</FieldID>
    <Title>Transferred From </Title>
    <DependentID>
    </DependentID>
    <X-Pos>149</X-Pos>
    <Y-Pos>521</Y-Pos>
    <Width>200</Width>
    <IsRequired>True</IsRequired>
    <IsManageable>True</IsManageable>
    <IsPostBack>False</IsPostBack>
    <Dependency>False</Dependency>
    <IsWrap>True</IsWrap>
    <PreWrap>Transferred From :</PreWrap>
    <PostWrap>
    </PostWrap>
    <PrevRef>
    </PrevRef>
    <DataSource>XML</DataSource>
    <LISTITEMS>
      <LISTITEM Id="1" value="" DependentOn="0">Postpay</LISTITEM>
      <LISTITEM Id="2" value="" DependentOn="0">Collections</LISTITEM>
      <LISTITEM Id="3" value="" DependentOn="0">COTi</LISTITEM>
      <LISTITEM Id="4" value="" DependentOn="0">Direct Sales</LISTITEM>
      <LISTITEM Id="5" value="" DependentOn="0">Direct Upgrades</LISTITEM>
      <LISTITEM Id="6" value="" DependentOn="0">E Care</LISTITEM>
      <LISTITEM Id="7" value="" DependentOn="0">MBB- Billing</LISTITEM>
      <LISTITEM Id="8" value="" DependentOn="0">MBB- General</LISTITEM>
      <LISTITEM Id="9" value="" DependentOn="0">MBB- Faults</LISTITEM>
      <LISTITEM Id="10" value="" DependentOn="0">MBB- 3DS</LISTITEM>
      <LISTITEM Id="11" value="" DependentOn="0">Outbound Retention</LISTITEM>
      <LISTITEM Id="12" value="" DependentOn="0">PL Retention</LISTITEM>
      <LISTITEM Id="13" value="" DependentOn="0">E Commerce</LISTITEM>
      <LISTITEM Id="14" value="" DependentOn="0">Billing</LISTITEM>
      <LISTITEM Id="15" value="" DependentOn="0">PAYG</LISTITEM>
      <LISTITEM Id="16" value="" DependentOn="0">Retail Support</LISTITEM>
      <LISTITEM Id="17" value="" DependentOn="0">TSI</LISTITEM>
      <LISTITEM Id="18" value="" DependentOn="0">ILAR</LISTITEM>
      <LISTITEM Id="19" value="" DependentOn="0">I Care</LISTITEM>
      <LISTITEM Id="20" value="" DependentOn="0">Postpay - Pune</LISTITEM>
      <LISTITEM Id="21" value="" DependentOn="0">TSI Pune</LISTITEM>
      <LISTITEM Id="22" value="" DependentOn="0">Billing - Pune</LISTITEM>
      <LISTITEM Id="23" value="" DependentOn="0">Collections - Pune</LISTITEM>
      <LISTITEM Id="24" value="" DependentOn="0">COTi - Pune</LISTITEM>
      <LISTITEM Id="25" value="" DependentOn="0">Direct Upgrades - Pune</LISTITEM>
      <LISTITEM Id="26" value="" DependentOn="0">PAYG - Pune</LISTITEM>
      <LISTITEM Id="27" value="" DependentOn="0">RCT - Pune</LISTITEM>
      <LISTITEM Id="28" value="" DependentOn="0">MBB- Pune</LISTITEM>
      <LISTITEM Id="29" value="" DependentOn="0">MBB DU- Pune</LISTITEM>
      <LISTITEM Id="30" value="" DependentOn="0">Billing Ecare - Pune</LISTITEM>
      <LISTITEM Id="31" value="" DependentOn="0">SET</LISTITEM>
      <LISTITEM Id="32" value="" DependentOn="0">LSD</LISTITEM>
      <LISTITEM Id="33" value="" DependentOn="0">BITS</LISTITEM>
      <LISTITEM Id="34" value="" DependentOn="0">PAYG Retention</LISTITEM>
      <LISTITEM Id="35" value="" DependentOn="0">SIM Only</LISTITEM>
      <LISTITEM Id="36" value="" DependentOn="0">R Care</LISTITEM>
      <LISTITEM Id="37" value="" DependentOn="0">iPhone Care</LISTITEM>
      <LISTITEM Id="38" value="" DependentOn="0">Customer Direct</LISTITEM>
      <LISTITEM Id="39" value="" DependentOn="0">R Care - Pune</LISTITEM>
      <LISTITEM Id="40" value="" DependentOn="0">iPhone Tech</LISTITEM>
      <LISTITEM Id="41" value="" DependentOn="0">2nd Line Tech</LISTITEM>
      <LISTITEM Id="42" value="" DependentOn="0">Heart</LISTITEM>
      <LISTITEM Id="43" value="" DependentOn="0">IVR</LISTITEM>
      <LISTITEM Id="44" value="" DependentOn="0">Welcome team</LISTITEM>
    </LISTITEMS>
  </DropDownList>
  <TextBox>
    <Label>
      <Text>CRM ID </Text>
    </Label>
    <ControlID>1</ControlID>
    <ControlType>Basic</ControlType>
    <FieldID>txt_2TextBox</FieldID>
    <Title>CRM ID </Title>
    <X-Pos>495</X-Pos>
    <Y-Pos>516</Y-Pos>
    <Width>200</Width>
    <IsRequired>True</IsRequired>
    <IsPostBack>False</IsPostBack>
    <IsWrap>False</IsWrap>
    <PreWrap>
    </PreWrap>
    <PostWrap>
    </PostWrap>
    <TextMode>Singleline</TextMode>
    <IsType>AlphaNumeric</IsType>
    <MaxLength>20</MaxLength>
    <Dependency>
    </Dependency>
    <PrevRef>
    </PrevRef>
    <DependentID>
    </DependentID>
  </TextBox>
  <TextBox>
    <Label>
      <Text>Additional Notes</Text>
    </Label>
    <ControlID>1</ControlID>
    <ControlType>Basic</ControlType>
    <FieldID>txt_3TextBox</FieldID>
    <Title>Additional Notes</Title>
    <X-Pos>759</X-Pos>
    <Y-Pos>521</Y-Pos>
    <Width>200</Width>
    <IsRequired>False</IsRequired>
    <IsPostBack>False</IsPostBack>
    <IsWrap>True</IsWrap>
    <PreWrap>
    </PreWrap>
    <PostWrap>
    </PostWrap>
    <TextMode>Multiline</TextMode>
    <IsType>AlphaNumeric</IsType>
    <MaxLength>20</MaxLength>
    <Dependency>
    </Dependency>
    <PrevRef>
    </PrevRef>
    <DependentID>
    </DependentID>
  </TextBox>
  <DropDownList>
    <Label>
      <Text>Dealer </Text>
    </Label>
    <ControlID>2</ControlID>
    <ControlType>Basic</ControlType>
    <FieldID>ddl_9DropDown</FieldID>
    <Title>Dealer </Title>
    <DependentID>
    </DependentID>
    <X-Pos>659</X-Pos>
    <Y-Pos>12</Y-Pos>
    <Width>200</Width>
    <IsRequired>True</IsRequired>
    <IsManageable>True</IsManageable>
    <IsPostBack>False</IsPostBack>
    <Dependency>False</Dependency>
    <IsWrap>True</IsWrap>
    <PreWrap>Dealer Code: </PreWrap>
    <PostWrap>
    </PostWrap>
    <PrevRef>
    </PrevRef>
    <DataSource>XML</DataSource>
    <LISTITEMS>
      <LISTITEM Id="1" value="" DependentOn="0">DGB01</LISTITEM>
      <LISTITEM Id="2" value="" DependentOn="0">DGB05</LISTITEM>
      <LISTITEM Id="3" value="" DependentOn="0">DGB19</LISTITEM>
      <LISTITEM Id="4" value="" DependentOn="0">DSC01</LISTITEM>
      <LISTITEM Id="5" value="" DependentOn="0">DSC03</LISTITEM>
      <LISTITEM Id="6" value="" DependentOn="0">DSC04</LISTITEM>
      <LISTITEM Id="7" value="" DependentOn="0">DSC11</LISTITEM>
      <LISTITEM Id="8" value="" DependentOn="0">DSC17</LISTITEM>
      <LISTITEM Id="9" value="" DependentOn="0">DSC19</LISTITEM>
      <LISTITEM Id="10" value="" DependentOn="0">DSC29</LISTITEM>
      <LISTITEM Id="11" value="" DependentOn="0">DSC31</LISTITEM>
      <LISTITEM Id="12" value="" DependentOn="0">DSC32</LISTITEM>
      <LISTITEM Id="13" value="" DependentOn="0">DSC35</LISTITEM>
      <LISTITEM Id="14" value="" DependentOn="0">DSC36</LISTITEM>
      <LISTITEM Id="15" value="" DependentOn="0">DSC39</LISTITEM>
      <LISTITEM Id="16" value="" DependentOn="0">DSC43</LISTITEM>
      <LISTITEM Id="17" value="" DependentOn="0">DSC44</LISTITEM>
      <LISTITEM Id="18" value="" DependentOn="0">DSC45</LISTITEM>
      <LISTITEM Id="19" value="" DependentOn="0">DSC48</LISTITEM>
      <LISTITEM Id="20" value="" DependentOn="0">DSC50</LISTITEM>
      <LISTITEM Id="21" value="" DependentOn="0">DSC51</LISTITEM>
      <LISTITEM Id="22" value="" DependentOn="0">DSC56</LISTITEM>
      <LISTITEM Id="23" value="" DependentOn="0">DSC58</LISTITEM>
      <LISTITEM Id="24" value="" DependentOn="0">DSC59</LISTITEM>
      <LISTITEM Id="25" value="" DependentOn="0">DSC65</LISTITEM>
      <LISTITEM Id="26" value="" DependentOn="0">DSC67</LISTITEM>
      <LISTITEM Id="27" value="" DependentOn="0">DSC68</LISTITEM>
      <LISTITEM Id="28" value="" DependentOn="0">DSC69</LISTITEM>
      <LISTITEM Id="29" value="" DependentOn="0">DSC70</LISTITEM>
      <LISTITEM Id="30" value="" DependentOn="0">DSC72</LISTITEM>
      <LISTITEM Id="31" value="" DependentOn="0">DSC74</LISTITEM>
      <LISTITEM Id="32" value="" DependentOn="0">DSC75</LISTITEM>
      <LISTITEM Id="33" value="" DependentOn="0">DSC76</LISTITEM>
      <LISTITEM Id="34" value="" DependentOn="0">DSC79</LISTITEM>
      <LISTITEM Id="35" value="" DependentOn="0">DSC80</LISTITEM>
      <LISTITEM Id="36" value="" DependentOn="0">DSC82</LISTITEM>
      <LISTITEM Id="37" value="" DependentOn="0">DSC81</LISTITEM>
      <LISTITEM Id="38" value="" DependentOn="0">DGB06</LISTITEM>
      <LISTITEM Id="39" value="" DependentOn="0">DGB44</LISTITEM>
      <LISTITEM Id="42" value="" DependentOn="0">SUS33</LISTITEM>
      <LISTITEM Id="43" value="" DependentOn="0">SUS65</LISTITEM>
      <LISTITEM Id="44" value="" DependentOn="0">SUS53</LISTITEM>
      <LISTITEM Id="45" value="" DependentOn="0">SUS62</LISTITEM>
      <LISTITEM Id="46" value="" DependentOn="0">SUS80</LISTITEM>
      <LISTITEM Id="47" value="" DependentOn="0">SUS87</LISTITEM>
      <LISTITEM Id="48" value="" DependentOn="0">SUS89</LISTITEM>
      <LISTITEM Id="49" value="" DependentOn="0">SUU09</LISTITEM>
      <LISTITEM Id="50" value="" DependentOn="0">SUU16</LISTITEM>
      <LISTITEM Id="51" value="" DependentOn="0">SUU26</LISTITEM>
      <LISTITEM Id="52" value="" DependentOn="0">SUU83</LISTITEM>
      <LISTITEM Id="53" value="" DependentOn="0">SUU89</LISTITEM>
      <LISTITEM Id="54" value="" DependentOn="0">SUV17</LISTITEM>
      <LISTITEM Id="55" value="" DependentOn="0">SUV80</LISTITEM>
      <LISTITEM Id="56" value="" DependentOn="0">TOR01</LISTITEM>
      <LISTITEM Id="57" value="" DependentOn="0">N/A</LISTITEM>
      <LISTITEM Id="58" value="" DependentOn="0">RDB75</LISTITEM>
      <LISTITEM Id="59" value="" DependentOn="0">SUV60</LISTITEM>
      <LISTITEM Id="60" value="" DependentOn="0">DSC02</LISTITEM>
      <LISTITEM Id="61" value="" DependentOn="0">CTC01</LISTITEM>
      <LISTITEM Id="62" value="" DependentOn="0">CTC10</LISTITEM>
      <LISTITEM Id="63" value="" DependentOn="0">CCC76</LISTITEM>
      <LISTITEM Id="64" value="" DependentOn="0">SUU51</LISTITEM>
      <LISTITEM Id="65" value="" DependentOn="0">SUS54</LISTITEM>
      <LISTITEM Id="66" value="" DependentOn="0">SUS40</LISTITEM>
      <LISTITEM Id="67" value="" DependentOn="0">SUV59</LISTITEM>
      <LISTITEM Id="68" value="" DependentOn="0">RDB29</LISTITEM>
      <LISTITEM Id="69" value="" DependentOn="0">SUQ41</LISTITEM>
    </LISTITEMS>
  </DropDownList>
  <DataScript>
    <IsUpdated>False</IsUpdated>
    <Array>var Arrayddl_0DropDown = new Array( 3 );
if (Arrayddl_0DropDown[0] ==null) Arrayddl_0DropDown[0] = new Array();
Arrayddl_0DropDown[0][1]= new Array('Handset');
if (Arrayddl_0DropDown[0] ==null) Arrayddl_0DropDown[0] = new Array();
Arrayddl_0DropDown[0][2]= new Array('MBB');
if (Arrayddl_0DropDown[0] ==null) Arrayddl_0DropDown[0] = new Array();
Arrayddl_0DropDown[0][3]= new Array('SIM Only');
var Arrayddl_1DropDown = new Array( 11 );
if (Arrayddl_1DropDown[0] ==null) Arrayddl_1DropDown[0] = new Array();
Arrayddl_1DropDown[0][1]= new Array('M0');
if (Arrayddl_1DropDown[0] ==null) Arrayddl_1DropDown[0] = new Array();
Arrayddl_1DropDown[0][2]= new Array('M1');
if (Arrayddl_1DropDown[0] ==null) Arrayddl_1DropDown[0] = new Array();
Arrayddl_1DropDown[0][3]= new Array('H0');
if (Arrayddl_1DropDown[0] ==null) Arrayddl_1DropDown[0] = new Array();
Arrayddl_1DropDown[0][4]= new Array('H1');
if (Arrayddl_1DropDown[0] ==null) Arrayddl_1DropDown[0] = new Array();
Arrayddl_1DropDown[0][5]= new Array('H2');
if (Arrayddl_1DropDown[0] ==null) Arrayddl_1DropDown[0] = new Array();
Arrayddl_1DropDown[0][6]= new Array('H3');
if (Arrayddl_1DropDown[0] ==null) Arrayddl_1DropDown[0] = new Array();
Arrayddl_1DropDown[0][7]= new Array('L1');
if (Arrayddl_1DropDown[0] ==null) Arrayddl_1DropDown[0] = new Array();
Arrayddl_1DropDown[0][8]= new Array('L2');
if (Arrayddl_1DropDown[0] ==null) Arrayddl_1DropDown[0] = new Array();
Arrayddl_1DropDown[0][9]= new Array('L3');
if (Arrayddl_1DropDown[0] ==null) Arrayddl_1DropDown[0] = new Array();
Arrayddl_1DropDown[0][10]= new Array('L4');
if (Arrayddl_1DropDown[0] ==null) Arrayddl_1DropDown[0] = new Array();
Arrayddl_1DropDown[0][11]= new Array('-NA-');
var Arrayddl_2DropDown = new Array( 12 );
if (Arrayddl_2DropDown[0] ==null) Arrayddl_2DropDown[0] = new Array();
Arrayddl_2DropDown[0][1]= new Array('Nokia');
if (Arrayddl_2DropDown[0] ==null) Arrayddl_2DropDown[0] = new Array();
Arrayddl_2DropDown[0][2]= new Array('Sony Ericsson');
if (Arrayddl_2DropDown[0] ==null) Arrayddl_2DropDown[0] = new Array();
Arrayddl_2DropDown[0][3]= new Array('Samsung');
if (Arrayddl_2DropDown[0] ==null) Arrayddl_2DropDown[0] = new Array();
Arrayddl_2DropDown[0][4]= new Array('Lg');
if (Arrayddl_2DropDown[0] ==null) Arrayddl_2DropDown[0] = new Array();
Arrayddl_2DropDown[0][5]= new Array('Skypephone');
if (Arrayddl_2DropDown[0] ==null) Arrayddl_2DropDown[0] = new Array();
Arrayddl_2DropDown[0][6]= new Array('HTC');
if (Arrayddl_2DropDown[0] ==null) Arrayddl_2DropDown[0] = new Array();
Arrayddl_2DropDown[0][7]= new Array('Blackberry');
if (Arrayddl_2DropDown[0] ==null) Arrayddl_2DropDown[0] = new Array();
Arrayddl_2DropDown[0][8]= new Array('INK');
if (Arrayddl_2DropDown[0] ==null) Arrayddl_2DropDown[0] = new Array();
Arrayddl_2DropDown[0][9]= new Array('Huawei');
if (Arrayddl_2DropDown[0] ==null) Arrayddl_2DropDown[0] = new Array();
Arrayddl_2DropDown[0][10]= new Array('ZTE');
if (Arrayddl_2DropDown[0] ==null) Arrayddl_2DropDown[0] = new Array();
Arrayddl_2DropDown[0][11]= new Array('Apple');
if (Arrayddl_2DropDown[0] ==null) Arrayddl_2DropDown[0] = new Array();
Arrayddl_2DropDown[0][12]= new Array('SIM Only');
var Arrayddl_3DropDown = new Array( 12 );
if (Arrayddl_3DropDown[0] ==null) Arrayddl_3DropDown[0] = new Array();
Arrayddl_3DropDown[0][1]= new Array('Nokia');
if (Arrayddl_3DropDown[0] ==null) Arrayddl_3DropDown[0] = new Array();
Arrayddl_3DropDown[0][2]= new Array('Sony Ericsson');
if (Arrayddl_3DropDown[0] ==null) Arrayddl_3DropDown[0] = new Array();
Arrayddl_3DropDown[0][3]= new Array('Samsung');
if (Arrayddl_3DropDown[0] ==null) Arrayddl_3DropDown[0] = new Array();
Arrayddl_3DropDown[0][4]= new Array('Lg');
if (Arrayddl_3DropDown[0] ==null) Arrayddl_3DropDown[0] = new Array();
Arrayddl_3DropDown[0][5]= new Array('Skypephone');
if (Arrayddl_3DropDown[0] ==null) Arrayddl_3DropDown[0] = new Array();
Arrayddl_3DropDown[0][6]= new Array('HTC');
if (Arrayddl_3DropDown[0] ==null) Arrayddl_3DropDown[0] = new Array();
Arrayddl_3DropDown[0][7]= new Array('Blackberry');
if (Arrayddl_3DropDown[0] ==null) Arrayddl_3DropDown[0] = new Array();
Arrayddl_3DropDown[0][8]= new Array('INQ');
if (Arrayddl_3DropDown[0] ==null) Arrayddl_3DropDown[0] = new Array();
Arrayddl_3DropDown[0][9]= new Array('Huawei');
if (Arrayddl_3DropDown[0] ==null) Arrayddl_3DropDown[0] = new Array();
Arrayddl_3DropDown[0][10]= new Array('ZTE');
if (Arrayddl_3DropDown[0] ==null) Arrayddl_3DropDown[0] = new Array();
Arrayddl_3DropDown[0][11]= new Array('Apple');
if (Arrayddl_3DropDown[0] ==null) Arrayddl_3DropDown[0] = new Array();
Arrayddl_3DropDown[0][12]= new Array('-NA-');
var Arrayddl_4DropDown = new Array( 0 );
var Arrayddl_5DropDown = new Array( 0 );
var Arrayddl_6DropDown = new Array( 0 );
var Arrayddl_7DropDown = new Array( 0 );
var Arraylb_0ListBox = new Array( 4 );
if (Arraylb_0ListBox[0] ==null) Arraylb_0ListBox[0] = new Array();
Arraylb_0ListBox[0][1]= new Array('14 DMBG Handset Exchange');
if (Arraylb_0ListBox[0] ==null) Arraylb_0ListBox[0] = new Array();
Arraylb_0ListBox[0][2]= new Array('14 DMBG Handset Return');
if (Arraylb_0ListBox[0] ==null) Arraylb_0ListBox[0] = new Array();
Arraylb_0ListBox[0][3]= new Array('14 DMBG Modem/Laptop Exchange');
if (Arraylb_0ListBox[0] ==null) Arraylb_0ListBox[0] = new Array();
Arraylb_0ListBox[0][4]= new Array('14 DMBG Modem/Laptop Returns');
var Arraylb_1ListBox = new Array( 0 );
var Arraylb_2ListBox = new Array( 0 );
var Arraylb_3ListBox = new Array( 0 );
</Array>
  </DataScript>
</FORMS>