﻿<?xml version="1.0" encoding="utf-8"?>
<FORMS xmlns:xsi="http://www.w3.org/2001/XMLSchema-instance" FormID="193" VersionName="1.0">
  <TextBox>
    <Label>
      <Text>a</Text>
    </Label>
    <ControlID>1</ControlID>
    <ControlType>Basic</ControlType>
    <FieldID>txt_0TextBox</FieldID>
    <Title>a</Title>
    <X-Pos>169</X-Pos>
    <Y-Pos>100</Y-Pos>
    <Width>200</Width>
    <IsRequired>False</IsRequired>
    <IsPostBack>False</IsPostBack>
    <IsWrap>False</IsWrap>
    <PreWrap>
    </PreWrap>
    <PostWrap>
    </PostWrap>
    <TextMode>Singleline</TextMode>
    <IsType>Numeric</IsType>
    <MaxLength>20</MaxLength>
    <Dependency>
    </Dependency>
    <PrevRef>
    </PrevRef>
    <DependentID>
    </DependentID>
  </TextBox>
  <DropDownList>
    <Label>
      <Text>dd1</Text>
    </Label>
    <ControlID>2</ControlID>
    <ControlType>Basic</ControlType>
    <FieldID>ddl_0DropDown</FieldID>
    <Title>dd1</Title>
    <DependentID>
    </DependentID>
    <X-Pos>170</X-Pos>
    <Y-Pos>215</Y-Pos>
    <Width>200</Width>
    <IsRequired>False</IsRequired>
    <IsManageable>True</IsManageable>
    <IsPostBack>False</IsPostBack>
    <Dependency>False</Dependency>
    <IsWrap>False</IsWrap>
    <PreWrap>
    </PreWrap>
    <PostWrap>
    </PostWrap>
    <PrevRef>
    </PrevRef>
    <DataSource>XML</DataSource>
    <LISTITEMS>
      <LISTITEM Id="1" value="" DependentOn="0" WrapNote="a" OptionTooltip="a" Template="">a</LISTITEM>
    </LISTITEMS>
  </DropDownList>
  <CC1EmployeesDropDown>
    <Label>
      <Text>emp</Text>
    </Label>
    <ControlID>8</ControlID>
    <ControlType>Custom</ControlType>
    <FieldID>cc_0DropDown</FieldID>
    <Title>emp</Title>
    <X-Pos>247</X-Pos>
    <Y-Pos>354</Y-Pos>
    <Width>
    </Width>
    <IsRequired>False</IsRequired>
    <IsManageable>False</IsManageable>
    <IsPostBack>False</IsPostBack>
    <IsWrap>False</IsWrap>
    <PreWrap>
    </PreWrap>
    <PostWrap>
    </PostWrap>
    <DataSource>DB</DataSource>
    <SkillSets>
      <SkillSet Id="44">3 Care Prepaid</SkillSet>
    </SkillSets>
    <CostCentres>
      <CostCentre Id="3">AUS-India</CostCentre>
    </CostCentres>
  </CC1EmployeesDropDown>
  <DataScript>
    <IsUpdated>False</IsUpdated>
    <Array>
    </Array>
  </DataScript>
</FORMS>