﻿<?xml version="1.0" encoding="utf-8"?>
<FORMS xmlns:xsi="http://www.w3.org/2001/XMLSchema-instance" FormID="26" VersionName="1.0">
  <DropDownList>
    <Label>
      <Text>cat</Text>
    </Label>
    <ControlID>2</ControlID>
    <ControlType>Basic</ControlType>
    <FieldID>ddl_0DropDown</FieldID>
    <Title>cat</Title>
    <DependentID>ddl_1DropDown</DependentID>
    <X-Pos>227</X-Pos>
    <Y-Pos>41</Y-Pos>
    <Width>200</Width>
    <IsRequired>False</IsRequired>
    <IsManageable>True</IsManageable>
    <IsPostBack>False</IsPostBack>
    <Dependency>True</Dependency>
    <IsWrap>False</IsWrap>
    <PreWrap>
    </PreWrap>
    <PostWrap>
    </PostWrap>
    <PrevRef>
    </PrevRef>
    <DataSource>XML</DataSource>
    <LISTITEMS>
      <LISTITEM Id="1" value="" DependentOn="0" WrapNote="a" OptionTooltip="a" Template="">a</LISTITEM>
      <LISTITEM Id="2" value="" DependentOn="0" WrapNote="b" OptionTooltip="b" Template="">b</LISTITEM>
    </LISTITEMS>
  </DropDownList>
  <DropDownList>
    <Label>
      <Text>sub cat</Text>
    </Label>
    <ControlID>2</ControlID>
    <ControlType>Basic</ControlType>
    <FieldID>ddl_1DropDown</FieldID>
    <Title>sub cat</Title>
    <DependentID>
    </DependentID>
    <X-Pos>214</X-Pos>
    <Y-Pos>89</Y-Pos>
    <Width>200</Width>
    <IsRequired>False</IsRequired>
    <IsManageable>True</IsManageable>
    <IsPostBack>False</IsPostBack>
    <Dependency>True</Dependency>
    <IsWrap>False</IsWrap>
    <PreWrap>
    </PreWrap>
    <PostWrap>
    </PostWrap>
    <PrevRef>ddl_0DropDown</PrevRef>
    <DataSource>XML</DataSource>
    <LISTITEMS>
      <LISTITEM Id="1" value="" DependentOn="1" WrapNote="a1" OptionTooltip="a1" Template="">a1</LISTITEM>
      <LISTITEM Id="2" value="" DependentOn="1" WrapNote="a2" OptionTooltip="a2" Template="">a2</LISTITEM>
      <LISTITEM Id="3" value="" DependentOn="2" WrapNote="b1" OptionTooltip="b1" Template="">b1</LISTITEM>
      <LISTITEM Id="4" value="" DependentOn="2" WrapNote="b2" OptionTooltip="b2" Template="">b2</LISTITEM>
    </LISTITEMS>
  </DropDownList>
  <DataScript>
    <IsUpdated>False</IsUpdated>
    <Array>
    </Array>
  </DataScript>
</FORMS>