﻿<?xml version="1.0" encoding="utf-8"?>
<FORMS xmlns:xsi="http://www.w3.org/2001/XMLSchema-instance" FormID="110" VersionName="1.1">
  <TextBox>
    <Label>
      <Text>Name</Text>
    </Label>
    <ControlID>1</ControlID>
    <ControlType>Basic</ControlType>
    <FieldID>txt_0TextBox</FieldID>
    <Title>Name</Title>
    <X-Pos>301</X-Pos>
    <Y-Pos>50</Y-Pos>
    <Width>200</Width>
    <IsRequired>False</IsRequired>
    <IsPostBack>False</IsPostBack>
    <IsWrap>False</IsWrap>
    <PreWrap>
    </PreWrap>
    <PostWrap>
    </PostWrap>
    <TextMode>Singleline</TextMode>
    <IsType>Numeric</IsType>
    <MaxLength>20</MaxLength>
    <Dependency>
    </Dependency>
    <PrevRef>
    </PrevRef>
    <DependentID>
    </DependentID>
  </TextBox>
  <TextBox>
    <Label>
      <Text>LastName</Text>
    </Label>
    <ControlID>1</ControlID>
    <ControlType>Basic</ControlType>
    <FieldID>txt_1TextBox</FieldID>
    <Title>LastName</Title>
    <X-Pos>300</X-Pos>
    <Y-Pos>118</Y-Pos>
    <Width>200</Width>
    <IsRequired>False</IsRequired>
    <IsPostBack>False</IsPostBack>
    <IsWrap>False</IsWrap>
    <PreWrap>
    </PreWrap>
    <PostWrap>
    </PostWrap>
    <TextMode>Singleline</TextMode>
    <IsType>Numeric</IsType>
    <MaxLength>20</MaxLength>
    <Dependency>
    </Dependency>
    <PrevRef>
    </PrevRef>
    <DependentID>
    </DependentID>
  </TextBox>
  <DropDownList>
    <Label>
      <Text>Subject</Text>
    </Label>
    <ControlID>2</ControlID>
    <ControlType>Basic</ControlType>
    <FieldID>ddl_0DropDown</FieldID>
    <Title>Subject</Title>
    <DependentID>
    </DependentID>
    <X-Pos>301</X-Pos>
    <Y-Pos>189</Y-Pos>
    <Width>200</Width>
    <IsRequired>False</IsRequired>
    <IsManageable>True</IsManageable>
    <IsPostBack>False</IsPostBack>
    <Dependency>False</Dependency>
    <IsWrap>True</IsWrap>
    <PreWrap>A</PreWrap>
    <PostWrap>v</PostWrap>
    <PrevRef>
    </PrevRef>
    <DataSource>XML</DataSource>
    <LISTITEMS>
      <LISTITEM Id="1" value="" DependentOn="0" WrapNote="">Hindi</LISTITEM>
      <LISTITEM Id="2" value="" DependentOn="0" WrapNote="">English</LISTITEM>
    </LISTITEMS>
  </DropDownList>
  <ListBox>
    <Label>
      <Text>Class</Text>
    </Label>
    <ControlID>5</ControlID>
    <ControlType>Basic</ControlType>
    <FieldID>lb_0ListBox</FieldID>
    <Title>Class</Title>
    <DependentID>
    </DependentID>
    <X-Pos>302</X-Pos>
    <Y-Pos>256</Y-Pos>
    <Width>100</Width>
    <IsRequired>False</IsRequired>
    <IsManageable>True</IsManageable>
    <IsPostBack>False</IsPostBack>
    <Dependency>False</Dependency>
    <IsWrap>False</IsWrap>
    <PreWrap>
    </PreWrap>
    <PostWrap>
    </PostWrap>
    <PrevRef>
    </PrevRef>
    <DataSource>XML</DataSource>
    <LISTITEMS>
      <LISTITEM Id="1" value="" DependentOn="0" WrapNote="">1</LISTITEM>
      <LISTITEM Id="2" value="" DependentOn="0" WrapNote="aass">2</LISTITEM>
      <LISTITEM Id="3" value="" DependentOn="0" WrapNote="www">3</LISTITEM>
    </LISTITEMS>
  </ListBox>
  <DropDownList>
    <Label>
      <Text>DropDown</Text>
    </Label>
    <ControlID>2</ControlID>
    <ControlType>Basic</ControlType>
    <FieldID>ddl_1DropDown</FieldID>
    <Title>DropDown</Title>
    <DependentID>
    </DependentID>
    <X-Pos>303</X-Pos>
    <Y-Pos>430</Y-Pos>
    <Width>200</Width>
    <IsRequired>False</IsRequired>
    <IsManageable>True</IsManageable>
    <IsPostBack>False</IsPostBack>
    <Dependency>False</Dependency>
    <IsWrap>False</IsWrap>
    <PreWrap>
    </PreWrap>
    <PostWrap>
    </PostWrap>
    <PrevRef>
    </PrevRef>
    <DataSource>XML</DataSource>
    <LISTITEMS>
      <LISTITEM Id="1" value="" DependentOn="0" WrapNote="asd">Name</LISTITEM>
      <LISTITEM Id="2" value="" DependentOn="0" WrapNote="aaaaaaaaaaa">asss</LISTITEM>
    </LISTITEMS>
  </DropDownList>
  <DataScript>
    <IsUpdated>False</IsUpdated>
    <Array>
    </Array>
  </DataScript>
</FORMS>