﻿<?xml version="1.0" encoding="utf-8"?>
<FORMS xmlns:xsi="http://www.w3.org/2001/XMLSchema-instance" FormID="78" VersionName="1.1">
  <TextBox>
    <Label>
      <Text>Employee Name</Text>
    </Label>
    <ControlID>1</ControlID>
    <ControlType>Basic</ControlType>
    <FieldID>txt_0TextBox</FieldID>
    <Title>Employee Name</Title>
    <X-Pos>10</X-Pos>
    <Y-Pos>10</Y-Pos>
    <Width>200</Width>
    <IsRequired>False</IsRequired>
    <IsPostBack>False</IsPostBack>
    <IsWrap>False</IsWrap>
    <PreWrap>
    </PreWrap>
    <PostWrap>
    </PostWrap>
    <TextMode>Singleline</TextMode>
    <IsType>Numeric</IsType>
    <MaxLength>20</MaxLength>
    <Dependency>
    </Dependency>
    <PrevRef>
    </PrevRef>
    <DependentID>
    </DependentID>
    <Tabindex>1</Tabindex>
    <Height>50</Height>
    <IsHide>False</IsHide>
  </TextBox>
  <DropDownList>
    <Label>
      <Text>Cost Centre</Text>
    </Label>
    <ControlID>2</ControlID>
    <ControlType>Basic</ControlType>
    <FieldID>ddl_0DropDown</FieldID>
    <Title>Cost Centre</Title>
    <DependentID>
    </DependentID>
    <X-Pos>536</X-Pos>
    <Y-Pos>10</Y-Pos>
    <Width>200</Width>
    <IsRequired>False</IsRequired>
    <IsManageable>True</IsManageable>
    <IsPostBack>False</IsPostBack>
    <Dependency>False</Dependency>
    <IsWrap>False</IsWrap>
    <PreWrap>
    </PreWrap>
    <PostWrap>
    </PostWrap>
    <PrevRef>
    </PrevRef>
    <IsQueryPattern>Contains</IsQueryPattern>
    <DataSource>XML</DataSource>
    <LISTITEMS>
      <LISTITEM Id="1" value="" DependentOn="0" WrapNote="df" OptionTooltip="dsfs" Template="11">test</LISTITEM>
    </LISTITEMS>
    <Tabindex>3</Tabindex>
    <IsHide>False</IsHide>
  </DropDownList>
  <TextBox>
    <Label>
      <Text>Requestor</Text>
    </Label>
    <ControlID>1</ControlID>
    <ControlType>Basic</ControlType>
    <FieldID>txt_1TextBox</FieldID>
    <Title>Requestor</Title>
    <X-Pos>291</X-Pos>
    <Y-Pos>10</Y-Pos>
    <Width>200</Width>
    <IsRequired>False</IsRequired>
    <IsPostBack>False</IsPostBack>
    <IsWrap>False</IsWrap>
    <PreWrap>
    </PreWrap>
    <PostWrap>
    </PostWrap>
    <TextMode>Singleline</TextMode>
    <IsType>Numeric</IsType>
    <MaxLength>20</MaxLength>
    <Dependency>
    </Dependency>
    <PrevRef>
    </PrevRef>
    <DependentID>
    </DependentID>
    <Tabindex>2</Tabindex>
    <Height>50</Height>
    <IsHide>False</IsHide>
  </TextBox>
  <CC1EmployeesDropDown>
    <Label>
      <Text>asd</Text>
    </Label>
    <ControlID>8</ControlID>
    <ControlType>Custom</ControlType>
    <FieldID>cc_0DropDown</FieldID>
    <Title>asd</Title>
    <X-Pos>10</X-Pos>
    <Y-Pos>82</Y-Pos>
    <Width>200</Width>
    <IsRequired>False</IsRequired>
    <IsManageable>False</IsManageable>
    <IsPostBack>False</IsPostBack>
    <IsWrap>False</IsWrap>
    <PreWrap>
    </PreWrap>
    <PostWrap>
    </PostWrap>
    <DataSource>DB</DataSource>
    <SkillSets>
      <SkillSet Id="446">2nd Line Network Team - RanInbound</SkillSet>
    </SkillSets>
    <CostCentres>
      <CostCentre Id="1">UK-India</CostCentre>
      <CostCentre Id="3">AUS-India</CostCentre>
      <CostCentre Id="4">JOINT</CostCentre>
    </CostCentres>
    <IsQueryPattern>Contains</IsQueryPattern>
    <Tabindex>4</Tabindex>
    <IsHide>False</IsHide>
  </CC1EmployeesDropDown>
  <DataScript>
    <IsUpdated>False</IsUpdated>
    <Array>
    </Array>
  </DataScript>
</FORMS>