﻿<?xml version="1.0" encoding="utf-8"?>
<FORMS xmlns:xsi="http://www.w3.org/2001/XMLSchema-instance" FormID="206" VersionName="1.0">
  <ListBox>
    <Label>
      <Text>Tic</Text>
    </Label>
    <ControlID>5</ControlID>
    <ControlType>Basic</ControlType>
    <FieldID>lb_0ListBox</FieldID>
    <Title>Tic</Title>
    <DependentID>lb_1ListBox</DependentID>
    <X-Pos>10</X-Pos>
    <Y-Pos>10</Y-Pos>
    <Width>100</Width>
    <IsRequired>False</IsRequired>
    <IsManageable>True</IsManageable>
    <IsPostBack>False</IsPostBack>
    <Dependency>True</Dependency>
    <IsWrap>False</IsWrap>
    <PreWrap>
    </PreWrap>
    <PostWrap>
    </PostWrap>
    <PrevRef>
    </PrevRef>
    <DataSource>XML</DataSource>
    <LISTITEMS>
      <LISTITEM Id="1" value="" DependentOn="0" WrapNote="a1" OptionTooltip="a1" Template="66">a1</LISTITEM>
      <LISTITEM Id="2" value="" DependentOn="0" WrapNote="a2" OptionTooltip="a2" Template="66">a2</LISTITEM>
    </LISTITEMS>
    <Tabindex>1</Tabindex>
    <IsHide>False</IsHide>
  </ListBox>
  <ListBox>
    <Label>
      <Text>Tac</Text>
    </Label>
    <ControlID>5</ControlID>
    <ControlType>Basic</ControlType>
    <FieldID>lb_1ListBox</FieldID>
    <Title>Tac</Title>
    <DependentID>
    </DependentID>
    <X-Pos>236</X-Pos>
    <Y-Pos>10</Y-Pos>
    <Width>100</Width>
    <IsRequired>False</IsRequired>
    <IsManageable>True</IsManageable>
    <IsPostBack>False</IsPostBack>
    <Dependency>True</Dependency>
    <IsWrap>False</IsWrap>
    <PreWrap>
    </PreWrap>
    <PostWrap>
    </PostWrap>
    <PrevRef>lb_0ListBox</PrevRef>
    <DataSource>XML</DataSource>
    <LISTITEMS>
      <LISTITEM Id="1" value="" DependentOn="1" WrapNote="a11" OptionTooltip="a11" Template="">a11</LISTITEM>
      <LISTITEM Id="2" value="" DependentOn="1" WrapNote="a12" OptionTooltip="a12" Template="">a12</LISTITEM>
      <LISTITEM Id="3" value="" DependentOn="2" WrapNote="a21" OptionTooltip="a21" Template="">a21</LISTITEM>
      <LISTITEM Id="4" value="" DependentOn="2" WrapNote="a22" OptionTooltip="a22" Template="">a22</LISTITEM>
      <LISTITEM Id="5" value="" DependentOn="2" WrapNote="a23" OptionTooltip="a23" Template="">a23</LISTITEM>
    </LISTITEMS>
    <Tabindex>2</Tabindex>
    <IsHide>False</IsHide>
  </ListBox>
  <DataScript>
    <IsUpdated>False</IsUpdated>
    <Array>
    </Array>
  </DataScript>
</FORMS>