﻿<?xml version="1.0" encoding="utf-8"?>
<FORMS xmlns:xsi="http://www.w3.org/2001/XMLSchema-instance" FormID="1327" VersionName="1.4">
  <TextBox>
    <Label>
      <Text>txt</Text>
    </Label>
    <ControlID>1</ControlID>
    <ControlType>Basic</ControlType>
    <FieldID>txt_0TextBox</FieldID>
    <Title>txt</Title>
    <X-Pos>222</X-Pos>
    <Y-Pos>10</Y-Pos>
    <Width>200</Width>
    <IsRequired>False</IsRequired>
    <IsPostBack>False</IsPostBack>
    <IsWrap>False</IsWrap>
    <PreWrap>
    </PreWrap>
    <PostWrap>
    </PostWrap>
    <TextMode>Singleline</TextMode>
    <IsType>AlphaNumeric</IsType>
    <MaxLength>20</MaxLength>
    <Dependency>
    </Dependency>
    <PrevRef>
    </PrevRef>
    <DependentID>
    </DependentID>
    <Tabindex>2</Tabindex>
    <Height>50</Height>
    <IsHide>False</IsHide>
  </TextBox>
  <RadioButtonList>
    <Label>
      <Text>rbt</Text>
    </Label>
    <ControlID>3</ControlID>
    <ControlType>Basic</ControlType>
    <FieldID>rbl_0RadioButton</FieldID>
    <Title>rbt</Title>
    <X-Pos>10</X-Pos>
    <Y-Pos>80</Y-Pos>
    <Width>200</Width>
    <IsRequired>False</IsRequired>
    <IsPostBack>False</IsPostBack>
    <IsManageable>True</IsManageable>
    <RepeatColumns>1</RepeatColumns>
    <RepeatDirection>Horizontal</RepeatDirection>
    <IsWrap>False</IsWrap>
    <PreWrap>
    </PreWrap>
    <PostWrap>
    </PostWrap>
    <Dependency>
    </Dependency>
    <PrevRef>
    </PrevRef>
    <DependentID>
    </DependentID>
    <DataSource>XML</DataSource>
    <LISTITEMS>
      <LISTITEM Id="0" value="" DependentOn="0">Male</LISTITEM>
      <LISTITEM Id="1" value="" DependentOn="0">Female</LISTITEM>
    </LISTITEMS>
    <Tabindex>3</Tabindex>
    <IsHide>False</IsHide>
  </RadioButtonList>
  <TextBox>
    <Label>
      <Text>text</Text>
    </Label>
    <ControlID>1</ControlID>
    <ControlType>Basic</ControlType>
    <FieldID>txt_1TextBox</FieldID>
    <Title>text</Title>
    <X-Pos>10</X-Pos>
    <Y-Pos>10</Y-Pos>
    <Width>200</Width>
    <IsRequired>False</IsRequired>
    <IsPostBack>False</IsPostBack>
    <IsWrap>False</IsWrap>
    <PreWrap>
    </PreWrap>
    <PostWrap>
    </PostWrap>
    <TextMode>Singleline</TextMode>
    <IsType>Numeric</IsType>
    <MaxLength>20</MaxLength>
    <Dependency>
    </Dependency>
    <PrevRef>
    </PrevRef>
    <DependentID>
    </DependentID>
    <Tabindex>1</Tabindex>
    <Height>50</Height>
    <IsHide>False</IsHide>
  </TextBox>
  <CC1EmployeesDropDown>
    <Label>
      <Text>emp</Text>
    </Label>
    <ControlID>8</ControlID>
    <ControlType>Custom</ControlType>
    <FieldID>cc_1DropDown</FieldID>
    <Title>emp</Title>
    <X-Pos>10</X-Pos>
    <Y-Pos>134</Y-Pos>
    <Width>200</Width>
    <IsRequired>False</IsRequired>
    <IsManageable>False</IsManageable>
    <IsPostBack>False</IsPostBack>
    <IsWrap>False</IsWrap>
    <PreWrap>
    </PreWrap>
    <PostWrap>
    </PostWrap>
    <DataSource>DB</DataSource>
    <SkillSets>
      <SkillSet Id="46">Automation and Software Development</SkillSet>
    </SkillSets>
    <CostCentres>
      <CostCentre Id="4">JOINT</CostCentre>
    </CostCentres>
    <IsQueryPattern>Contains</IsQueryPattern>
    <Tabindex>4</Tabindex>
    <IsHide>False</IsHide>
  </CC1EmployeesDropDown>
  <GlobalMControl>
    <Label>
      <Text>global</Text>
    </Label>
    <ControlID>1034</ControlID>
    <ControlType>Global</ControlType>
    <FieldID>gc_0_sadDropDown</FieldID>
    <Title>global</Title>
    <DependentID>gc_0_qwrtDropDown</DependentID>
    <DependentCtrlID>1035</DependentCtrlID>
    <X-Pos>10</X-Pos>
    <Y-Pos>204</Y-Pos>
    <Width>400</Width>
    <IsRequired>False</IsRequired>
    <IsManageable>False</IsManageable>
    <IsPostBack>False</IsPostBack>
    <IsWrap>False</IsWrap>
    <PreWrap>
    </PreWrap>
    <PostWrap>
    </PostWrap>
    <DataSource>DB</DataSource>
    <SkillSets>
      <SkillSet Id="46">Automation and Software Development</SkillSet>
    </SkillSets>
    <CostCentres>
      <CostCentre Id="4">JOINT</CostCentre>
    </CostCentres>
    <IsQueryPattern>Contains</IsQueryPattern>
    <Tabindex>5</Tabindex>
    <IsHide>undefined</IsHide>
  </GlobalMControl>
  <DataScript>
    <IsUpdated>False</IsUpdated>
    <Array>
    </Array>
  </DataScript>
</FORMS>