﻿<?xml version="1.0" encoding="utf-8"?>
<FORMS xmlns:xsi="http://www.w3.org/2001/XMLSchema-instance" FormID="112" VersionName="1.1">
  <TextBox>
    <Label>
      <Text>NAme</Text>
    </Label>
    <ControlID>1</ControlID>
    <ControlType>Basic</ControlType>
    <FieldID>txt_0TextBox</FieldID>
    <Title>NAme</Title>
    <X-Pos>390</X-Pos>
    <Y-Pos>22</Y-Pos>
    <Width>200</Width>
    <IsRequired>False</IsRequired>
    <IsPostBack>False</IsPostBack>
    <IsWrap>True</IsWrap>
    <PreWrap>sasad</PreWrap>
    <PostWrap>sdsadsads</PostWrap>
    <TextMode>Singleline</TextMode>
    <IsType>Alphabet</IsType>
    <MaxLength>20</MaxLength>
    <Dependency>
    </Dependency>
    <PrevRef>
    </PrevRef>
    <DependentID>
    </DependentID>
  </TextBox>
  <DataScript>
    <IsUpdated>False</IsUpdated>
    <Array>
    </Array>
  </DataScript>
</FORMS>