﻿<?xml version="1.0" encoding="utf-8"?>
<FORMS xmlns:xsi="http://www.w3.org/2001/XMLSchema-instance" FormID="17" VersionName="1.8">
  <TextBox>
    <Label>
      <Text>BAN</Text>
    </Label>
    <ControlID>1</ControlID>
    <ControlType>Basic</ControlType>
    <FieldID>txt_1TextBox</FieldID>
    <Title>BAN</Title>
    <X-Pos>0</X-Pos>
    <Y-Pos>0</Y-Pos>
    <Width>200</Width>
    <IsRequired>False</IsRequired>
    <IsPostBack>False</IsPostBack>
    <IsWrap>False</IsWrap>
    <PreWrap>
    </PreWrap>
    <PostWrap>
    </PostWrap>
    <TextMode>Singleline</TextMode>
    <IsType>Numeric</IsType>
    <MaxLength>20</MaxLength>
    <Dependency>
    </Dependency>
    <PrevRef>
    </PrevRef>
    <DependentID>
    </DependentID>
  </TextBox>
  <DropDownList>
    <Label>
      <Text>Type of customer</Text>
    </Label>
    <ControlID>2</ControlID>
    <ControlType>Basic</ControlType>
    <FieldID>ddl_0DropDown</FieldID>
    <Title>Type of customer</Title>
    <DependentID>ddl_1DropDown</DependentID>
    <X-Pos>3</X-Pos>
    <Y-Pos>64</Y-Pos>
    <Width>200</Width>
    <IsRequired>False</IsRequired>
    <IsManageable>True</IsManageable>
    <IsPostBack>False</IsPostBack>
    <Dependency>True</Dependency>
    <IsWrap>False</IsWrap>
    <PreWrap>
    </PreWrap>
    <PostWrap>
    </PostWrap>
    <PrevRef>
    </PrevRef>
    <DataSource>XML</DataSource>
    <LISTITEMS>
      <LISTITEM Id="1" value="" DependentOn="0" WrapNote="Customer called to top up">Prepay</LISTITEM>
      <LISTITEM Id="2" value="" DependentOn="0" WrapNote="Customer called to make payment">Postpay</LISTITEM>
    </LISTITEMS>
  </DropDownList>
  <DropDownList>
    <Label>
      <Text>Customer Sub Type</Text>
    </Label>
    <ControlID>2</ControlID>
    <ControlType>Basic</ControlType>
    <FieldID>ddl_1DropDown</FieldID>
    <Title>Customer Sub Type</Title>
    <DependentID>ddl_2DropDown</DependentID>
    <X-Pos>258</X-Pos>
    <Y-Pos>62</Y-Pos>
    <Width>200</Width>
    <IsRequired>False</IsRequired>
    <IsManageable>True</IsManageable>
    <IsPostBack>False</IsPostBack>
    <Dependency>True</Dependency>
    <IsWrap>False</IsWrap>
    <PreWrap>
    </PreWrap>
    <PostWrap>
    </PostWrap>
    <PrevRef>ddl_0DropDown</PrevRef>
    <DataSource>XML</DataSource>
    <LISTITEMS>
      <LISTITEM Id="1" value="" DependentOn="1" WrapNote="TestByVishvas Handsetdfsadsad">Handset</LISTITEM>
      <LISTITEM Id="2" value="" DependentOn="1" WrapNote="TestByVishvas broadband">broadband</LISTITEM>
      <LISTITEM Id="3" value="" DependentOn="2" WrapNote="billpay handset">handset</LISTITEM>
      <LISTITEM Id="4" value="" DependentOn="2" WrapNote="billpay modem">modem</LISTITEM>
    </LISTITEMS>
  </DropDownList>
  <ListBox>
    <Label>
      <Text>Call Type 1</Text>
    </Label>
    <ControlID>5</ControlID>
    <ControlType>Basic</ControlType>
    <FieldID>lb_1ListBox</FieldID>
    <Title>Call Type 1</Title>
    <DependentID>lb_2ListBox</DependentID>
    <X-Pos>15</X-Pos>
    <Y-Pos>139</Y-Pos>
    <Width>100</Width>
    <IsRequired>False</IsRequired>
    <IsManageable>True</IsManageable>
    <IsPostBack>False</IsPostBack>
    <Dependency>True</Dependency>
    <IsWrap>False</IsWrap>
    <PreWrap>
    </PreWrap>
    <PostWrap>
    </PostWrap>
    <PrevRef>
    </PrevRef>
    <DataSource>XML</DataSource>
    <LISTITEMS>
      <LISTITEM Id="1" value="" DependentOn="0" WrapNote="Billing Query resolved">Billing Query</LISTITEM>
      <LISTITEM Id="2" value="" DependentOn="0" WrapNote="Network Query resolved">Network Query</LISTITEM>
      <LISTITEM Id="3" value="" DependentOn="0" WrapNote="Complaint resolved">Complaint</LISTITEM>
    </LISTITEMS>
  </ListBox>
  <ListBox>
    <Label>
      <Text>Call Type 2</Text>
    </Label>
    <ControlID>5</ControlID>
    <ControlType>Basic</ControlType>
    <FieldID>lb_2ListBox</FieldID>
    <Title>Call Type 2</Title>
    <DependentID>lb_5ListBox</DependentID>
    <X-Pos>257</X-Pos>
    <Y-Pos>140</Y-Pos>
    <Width>100</Width>
    <IsRequired>False</IsRequired>
    <IsManageable>True</IsManageable>
    <IsPostBack>False</IsPostBack>
    <Dependency>True</Dependency>
    <IsWrap>False</IsWrap>
    <PreWrap>
    </PreWrap>
    <PostWrap>
    </PostWrap>
    <PrevRef>lb_1ListBox</PrevRef>
    <DataSource>XML</DataSource>
    <LISTITEMS>
      <LISTITEM Id="1" value="" DependentOn="0" WrapNote="Change PP">Change PP</LISTITEM>
      <LISTITEM Id="2" value="" DependentOn="0" WrapNote="International Roaming">International Roaming</LISTITEM>
      <LISTITEM Id="3" value="" DependentOn="1" WrapNote="PP changed">PP</LISTITEM>
      <LISTITEM Id="4" value="" DependentOn="1" WrapNote="Bill dispute">Bill dispute</LISTITEM>
      <LISTITEM Id="5" value="" DependentOn="2" WrapNote="speed issue">speed issue</LISTITEM>
      <LISTITEM Id="6" value="" DependentOn="2" WrapNote="congestion">congestion</LISTITEM>
      <LISTITEM Id="7" value="" DependentOn="3" WrapNote="cancelled">cancelled</LISTITEM>
      <LISTITEM Id="8" value="" DependentOn="3" WrapNote="retained">retained</LISTITEM>
    </LISTITEMS>
  </ListBox>
  <ListBox>
    <Label>
      <Text>Call Type 3</Text>
    </Label>
    <ControlID>5</ControlID>
    <ControlType>Basic</ControlType>
    <FieldID>lb_5ListBox</FieldID>
    <Title>Call Type 3</Title>
    <DependentID>
    </DependentID>
    <X-Pos>495</X-Pos>
    <Y-Pos>144</Y-Pos>
    <Width>100</Width>
    <IsRequired>False</IsRequired>
    <IsManageable>True</IsManageable>
    <IsPostBack>False</IsPostBack>
    <Dependency>True</Dependency>
    <IsWrap>False</IsWrap>
    <PreWrap>
    </PreWrap>
    <PostWrap>
    </PostWrap>
    <PrevRef>lb_2ListBox</PrevRef>
    <DataSource>XML</DataSource>
    <LISTITEMS>
      <LISTITEM Id="1" value="" DependentOn="3" WrapNote="Relax">Relax</LISTITEM>
      <LISTITEM Id="2" value="" DependentOn="3" WrapNote="Flexi">Flexi</LISTITEM>
      <LISTITEM Id="3" value="" DependentOn="5" WrapNote="">abc</LISTITEM>
      <LISTITEM Id="4" value="" DependentOn="5" WrapNote="123">123</LISTITEM>
      <LISTITEM Id="5" value="" DependentOn="8" WrapNote="comreg">comreg</LISTITEM>
      <LISTITEM Id="6" value="" DependentOn="3" WrapNote="hjkhjk">hjh</LISTITEM>
      <LISTITEM Id="7" value="" DependentOn="6" WrapNote="sadsad">sds</LISTITEM>
      <LISTITEM Id="8" value="" DependentOn="5" WrapNote="">speed</LISTITEM>
      <LISTITEM Id="9" value="" DependentOn="3" WrapNote="BOB">BOB</LISTITEM>
      <LISTITEM Id="10" value="" DependentOn="4" WrapNote="">vuyjguyg</LISTITEM>
      <LISTITEM Id="11" value="" DependentOn="4" WrapNote="jkhilh">bhiuh</LISTITEM>
      <LISTITEM Id="12" value="" DependentOn="6" WrapNote="fgfhfh">dfdgd</LISTITEM>
      <LISTITEM Id="13" value="" DependentOn="3" WrapNote="dfgdg">dfgdfg</LISTITEM>
    </LISTITEMS>
  </ListBox>
  <ListBox>
    <Label>
      <Text>outcome1</Text>
    </Label>
    <ControlID>5</ControlID>
    <ControlType>Basic</ControlType>
    <FieldID>lb_7ListBox</FieldID>
    <Title>outcome1</Title>
    <DependentID>lb_8ListBox</DependentID>
    <X-Pos>18</X-Pos>
    <Y-Pos>329</Y-Pos>
    <Width>100</Width>
    <IsRequired>False</IsRequired>
    <IsManageable>True</IsManageable>
    <IsPostBack>False</IsPostBack>
    <Dependency>True</Dependency>
    <IsWrap>True</IsWrap>
    <PreWrap>dfesdf</PreWrap>
    <PostWrap>dfd</PostWrap>
    <PrevRef>
    </PrevRef>
    <DataSource>XML</DataSource>
    <LISTITEMS>
      <LISTITEM Id="1" value="" DependentOn="0" WrapNote="">closed</LISTITEM>
      <LISTITEM Id="2" value="" DependentOn="0" WrapNote="">escalated</LISTITEM>
    </LISTITEMS>
  </ListBox>
  <ListBox>
    <Label>
      <Text>outcome 2</Text>
    </Label>
    <ControlID>5</ControlID>
    <ControlType>Basic</ControlType>
    <FieldID>lb_8ListBox</FieldID>
    <Title>outcome 2</Title>
    <DependentID>
    </DependentID>
    <X-Pos>265</X-Pos>
    <Y-Pos>329</Y-Pos>
    <Width>100</Width>
    <IsRequired>False</IsRequired>
    <IsManageable>True</IsManageable>
    <IsPostBack>False</IsPostBack>
    <Dependency>True</Dependency>
    <IsWrap>True</IsWrap>
    <PreWrap>dfsdf</PreWrap>
    <PostWrap>sdfsdf</PostWrap>
    <PrevRef>lb_7ListBox</PrevRef>
    <DataSource>XML</DataSource>
    <LISTITEMS>
      <LISTITEM Id="1" value="" DependentOn="2" WrapNote="">fgfghfgh</LISTITEM>
      <LISTITEM Id="2" value="" DependentOn="1" WrapNote="">gfdgf</LISTITEM>
    </LISTITEMS>
  </ListBox>
  <DropDownList>
    <Label>
      <Text>Cust Band</Text>
    </Label>
    <ControlID>2</ControlID>
    <ControlType>Basic</ControlType>
    <FieldID>ddl_2DropDown</FieldID>
    <Title>Cust Band</Title>
    <DependentID>
    </DependentID>
    <X-Pos>513</X-Pos>
    <Y-Pos>67</Y-Pos>
    <Width>200</Width>
    <IsRequired>False</IsRequired>
    <IsManageable>True</IsManageable>
    <IsPostBack>False</IsPostBack>
    <Dependency>True</Dependency>
    <IsWrap>False</IsWrap>
    <PreWrap>
    </PreWrap>
    <PostWrap>
    </PostWrap>
    <PrevRef>ddl_1DropDown</PrevRef>
    <DataSource>XML</DataSource>
    <LISTITEMS>
      <LISTITEM Id="1" value="" DependentOn="1" WrapNote="dasdads">Test2</LISTITEM>
      <LISTITEM Id="2" value="" DependentOn="1" WrapNote="dasdads">A</LISTITEM>
      <LISTITEM Id="3" value="" DependentOn="2" WrapNote="TestByVishvas broadband">B</LISTITEM>
      <LISTITEM Id="4" value="" DependentOn="1" WrapNote="TestByVishvas Handsetdfsadsad">C</LISTITEM>
      <LISTITEM Id="5" value="" DependentOn="2" WrapNote="TestByVishvas broadband">A</LISTITEM>
      <LISTITEM Id="6" value="" DependentOn="3" WrapNote="billpay handset">A</LISTITEM>
      <LISTITEM Id="7" value="" DependentOn="4" WrapNote="billpay modem">A</LISTITEM>
      <LISTITEM Id="8" value="" DependentOn="4" WrapNote="dwrwerew">B</LISTITEM>
      <LISTITEM Id="9" value="" DependentOn="3" WrapNote="efgerfgerft">C</LISTITEM>
    </LISTITEMS>
  </DropDownList>
  <DataScript>
    <IsUpdated>False</IsUpdated>
    <Array>var Arrayddl_0DropDown = new Array( 2 );
if (Arrayddl_0DropDown[0] ==null) Arrayddl_0DropDown[0] = new Array();
Arrayddl_0DropDown[0][1]= new Array('Prepay');
if (Arrayddl_0DropDown[0] ==null) Arrayddl_0DropDown[0] = new Array();
Arrayddl_0DropDown[0][2]= new Array('Postpay');
var Arrayddl_1DropDown = new Array( 4 );
if (Arrayddl_1DropDown[1] ==null) Arrayddl_1DropDown[1] = new Array();
Arrayddl_1DropDown[1][1]= new Array('Handset');
if (Arrayddl_1DropDown[1] ==null) Arrayddl_1DropDown[1] = new Array();
Arrayddl_1DropDown[1][2]= new Array('broadband');
if (Arrayddl_1DropDown[2] ==null) Arrayddl_1DropDown[2] = new Array();
Arrayddl_1DropDown[2][3]= new Array('handset');
if (Arrayddl_1DropDown[2] ==null) Arrayddl_1DropDown[2] = new Array();
Arrayddl_1DropDown[2][4]= new Array('modem');
var Arraylb_1ListBox = new Array( 3 );
if (Arraylb_1ListBox[0] ==null) Arraylb_1ListBox[0] = new Array();
Arraylb_1ListBox[0][1]= new Array('Billing Query');
if (Arraylb_1ListBox[0] ==null) Arraylb_1ListBox[0] = new Array();
Arraylb_1ListBox[0][2]= new Array('Network Query');
if (Arraylb_1ListBox[0] ==null) Arraylb_1ListBox[0] = new Array();
Arraylb_1ListBox[0][3]= new Array('Complaint');
var Arraylb_2ListBox = new Array( 8 );
if (Arraylb_2ListBox[0] ==null) Arraylb_2ListBox[0] = new Array();
Arraylb_2ListBox[0][1]= new Array('Change PP');
if (Arraylb_2ListBox[0] ==null) Arraylb_2ListBox[0] = new Array();
Arraylb_2ListBox[0][2]= new Array('International Roaming');
if (Arraylb_2ListBox[1] ==null) Arraylb_2ListBox[1] = new Array();
Arraylb_2ListBox[1][3]= new Array('PP');
if (Arraylb_2ListBox[1] ==null) Arraylb_2ListBox[1] = new Array();
Arraylb_2ListBox[1][4]= new Array('Bill dispute');
if (Arraylb_2ListBox[2] ==null) Arraylb_2ListBox[2] = new Array();
Arraylb_2ListBox[2][5]= new Array('speed issue');
if (Arraylb_2ListBox[2] ==null) Arraylb_2ListBox[2] = new Array();
Arraylb_2ListBox[2][6]= new Array('congestion');
if (Arraylb_2ListBox[3] ==null) Arraylb_2ListBox[3] = new Array();
Arraylb_2ListBox[3][7]= new Array('cancelled');
if (Arraylb_2ListBox[3] ==null) Arraylb_2ListBox[3] = new Array();
Arraylb_2ListBox[3][8]= new Array('retained');
var Arraylb_5ListBox = new Array( 13 );
if (Arraylb_5ListBox[3] ==null) Arraylb_5ListBox[3] = new Array();
Arraylb_5ListBox[3][1]= new Array('Relax');
if (Arraylb_5ListBox[3] ==null) Arraylb_5ListBox[3] = new Array();
Arraylb_5ListBox[3][2]= new Array('Flexi');
if (Arraylb_5ListBox[5] ==null) Arraylb_5ListBox[5] = new Array();
Arraylb_5ListBox[5][3]= new Array('abc');
if (Arraylb_5ListBox[5] ==null) Arraylb_5ListBox[5] = new Array();
Arraylb_5ListBox[5][4]= new Array('123');
if (Arraylb_5ListBox[8] ==null) Arraylb_5ListBox[8] = new Array();
Arraylb_5ListBox[8][5]= new Array('comreg');
if (Arraylb_5ListBox[3] ==null) Arraylb_5ListBox[3] = new Array();
Arraylb_5ListBox[3][6]= new Array('hjh');
if (Arraylb_5ListBox[6] ==null) Arraylb_5ListBox[6] = new Array();
Arraylb_5ListBox[6][7]= new Array('sds');
if (Arraylb_5ListBox[5] ==null) Arraylb_5ListBox[5] = new Array();
Arraylb_5ListBox[5][8]= new Array('speed');
if (Arraylb_5ListBox[3] ==null) Arraylb_5ListBox[3] = new Array();
Arraylb_5ListBox[3][9]= new Array('BOB');
if (Arraylb_5ListBox[4] ==null) Arraylb_5ListBox[4] = new Array();
Arraylb_5ListBox[4][10]= new Array('vuyjguyg');
if (Arraylb_5ListBox[4] ==null) Arraylb_5ListBox[4] = new Array();
Arraylb_5ListBox[4][11]= new Array('bhiuh');
if (Arraylb_5ListBox[6] ==null) Arraylb_5ListBox[6] = new Array();
Arraylb_5ListBox[6][12]= new Array('dfdgd');
if (Arraylb_5ListBox[3] ==null) Arraylb_5ListBox[3] = new Array();
Arraylb_5ListBox[3][13]= new Array('dfgdfg');
var Arraylb_7ListBox = new Array( 2 );
if (Arraylb_7ListBox[0] ==null) Arraylb_7ListBox[0] = new Array();
Arraylb_7ListBox[0][1]= new Array('closed');
if (Arraylb_7ListBox[0] ==null) Arraylb_7ListBox[0] = new Array();
Arraylb_7ListBox[0][2]= new Array('escalated');
var Arraylb_8ListBox = new Array( 2 );
if (Arraylb_8ListBox[2] ==null) Arraylb_8ListBox[2] = new Array();
Arraylb_8ListBox[2][1]= new Array('fgfghfgh');
if (Arraylb_8ListBox[1] ==null) Arraylb_8ListBox[1] = new Array();
Arraylb_8ListBox[1][2]= new Array('gfdgf');
</Array>
  </DataScript>
</FORMS>