﻿<?xml version="1.0" encoding="utf-8"?>
<FORMS xmlns:xsi="http://www.w3.org/2001/XMLSchema-instance" FormID="88" VersionName="2.1">
  <TextBox>
    <Label>
      <Text>Mobile no</Text>
    </Label>
    <ControlID>1</ControlID>
    <ControlType>Basic</ControlType>
    <FieldID>txt_0TextBox</FieldID>
    <Title>Mobile no</Title>
    <X-Pos>34</X-Pos>
    <Y-Pos>18</Y-Pos>
    <Width>200</Width>
    <IsRequired>True</IsRequired>
    <IsPostBack>False</IsPostBack>
    <IsWrap>False</IsWrap>
    <PreWrap>
    </PreWrap>
    <PostWrap>
    </PostWrap>
    <TextMode>Singleline</TextMode>
    <IsType>Numeric</IsType>
    <MaxLength>13</MaxLength>
    <Dependency>
    </Dependency>
    <PrevRef>
    </PrevRef>
    <DependentID>
    </DependentID>
  </TextBox>
  <TextBox>
    <Label>
      <Text>Alt contact no</Text>
    </Label>
    <ControlID>1</ControlID>
    <ControlType>Basic</ControlType>
    <FieldID>txt_2TextBox</FieldID>
    <Title>Alt contact no</Title>
    <X-Pos>35</X-Pos>
    <Y-Pos>77</Y-Pos>
    <Width>200</Width>
    <IsRequired>True</IsRequired>
    <IsPostBack>False</IsPostBack>
    <IsWrap>False</IsWrap>
    <PreWrap>
    </PreWrap>
    <PostWrap>
    </PostWrap>
    <TextMode>Singleline</TextMode>
    <IsType>Numeric</IsType>
    <MaxLength>10</MaxLength>
    <Dependency>
    </Dependency>
    <PrevRef>
    </PrevRef>
    <DependentID>
    </DependentID>
  </TextBox>
  <TextBox>
    <Label>
      <Text>Handset Make and Model</Text>
    </Label>
    <ControlID>1</ControlID>
    <ControlType>Basic</ControlType>
    <FieldID>txt_3TextBox</FieldID>
    <Title>Handset Make and Model</Title>
    <X-Pos>307</X-Pos>
    <Y-Pos>78</Y-Pos>
    <Width>200</Width>
    <IsRequired>True</IsRequired>
    <IsPostBack>False</IsPostBack>
    <IsWrap>False</IsWrap>
    <PreWrap>
    </PreWrap>
    <PostWrap>
    </PostWrap>
    <TextMode>Singleline</TextMode>
    <IsType>AlphaNumeric</IsType>
    <MaxLength>30</MaxLength>
    <Dependency>
    </Dependency>
    <PrevRef>
    </PrevRef>
    <DependentID>
    </DependentID>
  </TextBox>
  <TextBox>
    <Label>
      <Text>Fault Address Street No Name Type</Text>
    </Label>
    <ControlID>1</ControlID>
    <ControlType>Basic</ControlType>
    <FieldID>txt_9TextBox</FieldID>
    <Title>Fault Address Street No Name Type</Title>
    <X-Pos>37</X-Pos>
    <Y-Pos>144</Y-Pos>
    <Width>200</Width>
    <IsRequired>True</IsRequired>
    <IsPostBack>False</IsPostBack>
    <IsWrap>False</IsWrap>
    <PreWrap>
    </PreWrap>
    <PostWrap>
    </PostWrap>
    <TextMode>Singleline</TextMode>
    <IsType>AlphaNumeric</IsType>
    <MaxLength>70</MaxLength>
    <Dependency>
    </Dependency>
    <PrevRef>
    </PrevRef>
    <DependentID>
    </DependentID>
  </TextBox>
  <TextBox>
    <Label>
      <Text>Fault Address Suburb</Text>
    </Label>
    <ControlID>1</ControlID>
    <ControlType>Basic</ControlType>
    <FieldID>txt_10TextBox</FieldID>
    <Title>Fault Address Suburb</Title>
    <X-Pos>426</X-Pos>
    <Y-Pos>146</Y-Pos>
    <Width>200</Width>
    <IsRequired>True</IsRequired>
    <IsPostBack>False</IsPostBack>
    <IsWrap>False</IsWrap>
    <PreWrap>
    </PreWrap>
    <PostWrap>
    </PostWrap>
    <TextMode>Singleline</TextMode>
    <IsType>AlphaNumeric</IsType>
    <MaxLength>50</MaxLength>
    <Dependency>
    </Dependency>
    <PrevRef>
    </PrevRef>
    <DependentID>
    </DependentID>
  </TextBox>
  <DropDownList>
    <Label>
      <Text>Fault Address State</Text>
    </Label>
    <ControlID>2</ControlID>
    <ControlType>Basic</ControlType>
    <FieldID>ddl_0DropDown</FieldID>
    <Title>Fault Address State</Title>
    <DependentID>
    </DependentID>
    <X-Pos>733</X-Pos>
    <Y-Pos>146</Y-Pos>
    <Width>200</Width>
    <IsRequired>True</IsRequired>
    <IsManageable>True</IsManageable>
    <IsPostBack>False</IsPostBack>
    <Dependency>False</Dependency>
    <IsWrap>False</IsWrap>
    <PreWrap>
    </PreWrap>
    <PostWrap>
    </PostWrap>
    <PrevRef>
    </PrevRef>
    <DataSource>XML</DataSource>
    <LISTITEMS>
      <LISTITEM Id="1" value="" DependentOn="0">NSW</LISTITEM>
      <LISTITEM Id="2" value="" DependentOn="0">VIC</LISTITEM>
      <LISTITEM Id="3" value="" DependentOn="0">QLD</LISTITEM>
      <LISTITEM Id="4" value="" DependentOn="0">WA</LISTITEM>
      <LISTITEM Id="5" value="" DependentOn="0">ACT</LISTITEM>
      <LISTITEM Id="6" value="" DependentOn="0">TAS</LISTITEM>
      <LISTITEM Id="7" value="" DependentOn="0">SA</LISTITEM>
      <LISTITEM Id="8" value="" DependentOn="0">NT</LISTITEM>
    </LISTITEMS>
  </DropDownList>
  <RadioButtonList>
    <Label>
      <Text>Have you had coverage at this location</Text>
    </Label>
    <ControlID>3</ControlID>
    <ControlType>Basic</ControlType>
    <FieldID>rbl_3RadioButton</FieldID>
    <Title>Have you had coverage at this location</Title>
    <X-Pos>38</X-Pos>
    <Y-Pos>214</Y-Pos>
    <Width>200</Width>
    <IsRequired>True</IsRequired>
    <IsPostBack>False</IsPostBack>
    <IsManageable>True</IsManageable>
    <RepeatColumns>1</RepeatColumns>
    <RepeatDirection>Horizontal</RepeatDirection>
    <IsWrap>False</IsWrap>
    <PreWrap>
    </PreWrap>
    <PostWrap>
    </PostWrap>
    <Dependency>
    </Dependency>
    <PrevRef>
    </PrevRef>
    <DependentID>
    </DependentID>
    <DataSource>XML</DataSource>
    <LISTITEMS>
      <LISTITEM Id="0" value="" DependentOn="0">Yes</LISTITEM>
      <LISTITEM Id="1" value="" DependentOn="0">No</LISTITEM>
    </LISTITEMS>
  </RadioButtonList>
  <RadioButtonList>
    <Label>
      <Text>Successful calls currenlty at other location</Text>
    </Label>
    <ControlID>3</ControlID>
    <ControlType>Basic</ControlType>
    <FieldID>rbl_4RadioButton</FieldID>
    <Title>Successful calls currenlty at other location</Title>
    <X-Pos>502</X-Pos>
    <Y-Pos>214</Y-Pos>
    <Width>200</Width>
    <IsRequired>True</IsRequired>
    <IsPostBack>False</IsPostBack>
    <IsManageable>True</IsManageable>
    <RepeatColumns>1</RepeatColumns>
    <RepeatDirection>Horizontal</RepeatDirection>
    <IsWrap>False</IsWrap>
    <PreWrap>
    </PreWrap>
    <PostWrap>
    </PostWrap>
    <Dependency>
    </Dependency>
    <PrevRef>
    </PrevRef>
    <DependentID>
    </DependentID>
    <DataSource>XML</DataSource>
    <LISTITEMS>
      <LISTITEM Id="0" value="" DependentOn="0">Yes</LISTITEM>
      <LISTITEM Id="1" value="" DependentOn="0">No</LISTITEM>
    </LISTITEMS>
  </RadioButtonList>
  <TextBox>
    <Label>
      <Text>Coverage Map eg 2G Indoor or Outdoor</Text>
    </Label>
    <ControlID>1</ControlID>
    <ControlType>Basic</ControlType>
    <FieldID>txt_11TextBox</FieldID>
    <Title>Coverage Map eg 2G Indoor or Outdoor</Title>
    <X-Pos>38</X-Pos>
    <Y-Pos>264</Y-Pos>
    <Width>200</Width>
    <IsRequired>True</IsRequired>
    <IsPostBack>False</IsPostBack>
    <IsWrap>False</IsWrap>
    <PreWrap>
    </PreWrap>
    <PostWrap>
    </PostWrap>
    <TextMode>Singleline</TextMode>
    <IsType>AlphaNumeric</IsType>
    <MaxLength>20</MaxLength>
    <Dependency>
    </Dependency>
    <PrevRef>
    </PrevRef>
    <DependentID>
    </DependentID>
  </TextBox>
  <RadioButtonList>
    <Label>
      <Text>Anybody at same location has the problem</Text>
    </Label>
    <ControlID>3</ControlID>
    <ControlType>Basic</ControlType>
    <FieldID>rbl_8RadioButton</FieldID>
    <Title>Anybody at same location has the problem</Title>
    <X-Pos>455</X-Pos>
    <Y-Pos>263</Y-Pos>
    <Width>200</Width>
    <IsRequired>False</IsRequired>
    <IsPostBack>False</IsPostBack>
    <IsManageable>True</IsManageable>
    <RepeatColumns>1</RepeatColumns>
    <RepeatDirection>Horizontal</RepeatDirection>
    <IsWrap>False</IsWrap>
    <PreWrap>
    </PreWrap>
    <PostWrap>
    </PostWrap>
    <Dependency>
    </Dependency>
    <PrevRef>
    </PrevRef>
    <DependentID>
    </DependentID>
    <DataSource>XML</DataSource>
    <LISTITEMS>
      <LISTITEM Id="0" value="" DependentOn="0">Yes</LISTITEM>
      <LISTITEM Id="1" value="" DependentOn="0">No</LISTITEM>
    </LISTITEMS>
  </RadioButtonList>
  <DropDownList>
    <Label>
      <Text>Coverage Bars</Text>
    </Label>
    <ControlID>2</ControlID>
    <ControlType>Basic</ControlType>
    <FieldID>ddl_1DropDown</FieldID>
    <Title>Coverage Bars</Title>
    <DependentID>
    </DependentID>
    <X-Pos>38</X-Pos>
    <Y-Pos>331</Y-Pos>
    <Width>200</Width>
    <IsRequired>True</IsRequired>
    <IsManageable>True</IsManageable>
    <IsPostBack>False</IsPostBack>
    <Dependency>False</Dependency>
    <IsWrap>False</IsWrap>
    <PreWrap>
    </PreWrap>
    <PostWrap>
    </PostWrap>
    <PrevRef>
    </PrevRef>
    <DataSource>XML</DataSource>
    <LISTITEMS>
      <LISTITEM Id="1" value="" DependentOn="0">0</LISTITEM>
      <LISTITEM Id="2" value="" DependentOn="0">1</LISTITEM>
      <LISTITEM Id="3" value="" DependentOn="0">2</LISTITEM>
      <LISTITEM Id="4" value="" DependentOn="0">3</LISTITEM>
      <LISTITEM Id="5" value="" DependentOn="0">4</LISTITEM>
      <LISTITEM Id="6" value="" DependentOn="0">5</LISTITEM>
      <LISTITEM Id="7" value="" DependentOn="0">6</LISTITEM>
    </LISTITEMS>
  </DropDownList>
  <TextBox>
    <Label>
      <Text>When did this issue begin</Text>
    </Label>
    <ControlID>1</ControlID>
    <ControlType>Basic</ControlType>
    <FieldID>txt_12TextBox</FieldID>
    <Title>When did this issue begin</Title>
    <X-Pos>37</X-Pos>
    <Y-Pos>459</Y-Pos>
    <Width>200</Width>
    <IsRequired>True</IsRequired>
    <IsPostBack>False</IsPostBack>
    <IsWrap>False</IsWrap>
    <PreWrap>
    </PreWrap>
    <PostWrap>
    </PostWrap>
    <TextMode>Singleline</TextMode>
    <IsType>Date</IsType>
    <MaxLength>20</MaxLength>
    <Dependency>
    </Dependency>
    <PrevRef>
    </PrevRef>
    <DependentID>
    </DependentID>
  </TextBox>
  <RadioButtonList>
    <Label>
      <Text>Is it 2G or 3G coverage</Text>
    </Label>
    <ControlID>3</ControlID>
    <ControlType>Basic</ControlType>
    <FieldID>rbl_10RadioButton</FieldID>
    <Title>Is it 2G or 3G coverage</Title>
    <X-Pos>37</X-Pos>
    <Y-Pos>404</Y-Pos>
    <Width>200</Width>
    <IsRequired>True</IsRequired>
    <IsPostBack>False</IsPostBack>
    <IsManageable>True</IsManageable>
    <RepeatColumns>1</RepeatColumns>
    <RepeatDirection>Horizontal</RepeatDirection>
    <IsWrap>False</IsWrap>
    <PreWrap>
    </PreWrap>
    <PostWrap>
    </PostWrap>
    <Dependency>
    </Dependency>
    <PrevRef>
    </PrevRef>
    <DependentID>
    </DependentID>
    <DataSource>XML</DataSource>
    <LISTITEMS>
      <LISTITEM Id="0" value="" DependentOn="0">2G - 2.5G</LISTITEM>
      <LISTITEM Id="1" value="" DependentOn="0">3G</LISTITEM>
    </LISTITEMS>
  </RadioButtonList>
  <RadioButtonList>
    <Label>
      <Text>Account Type</Text>
    </Label>
    <ControlID>3</ControlID>
    <ControlType>Basic</ControlType>
    <FieldID>rbl_13RadioButton</FieldID>
    <Title>Account Type</Title>
    <X-Pos>620</X-Pos>
    <Y-Pos>17</Y-Pos>
    <Width>200</Width>
    <IsRequired>True</IsRequired>
    <IsPostBack>False</IsPostBack>
    <IsManageable>True</IsManageable>
    <RepeatColumns>1</RepeatColumns>
    <RepeatDirection>Horizontal</RepeatDirection>
    <IsWrap>False</IsWrap>
    <PreWrap>
    </PreWrap>
    <PostWrap>
    </PostWrap>
    <Dependency>
    </Dependency>
    <PrevRef>
    </PrevRef>
    <DependentID>
    </DependentID>
    <DataSource>XML</DataSource>
    <LISTITEMS>
      <LISTITEM Id="0" value="" DependentOn="0">Pre-Paid</LISTITEM>
      <LISTITEM Id="1" value="" DependentOn="0">Post-Paid</LISTITEM>
    </LISTITEMS>
  </RadioButtonList>
  <RadioButtonList>
    <Label>
      <Text>Type of Customer</Text>
    </Label>
    <ControlID>3</ControlID>
    <ControlType>Basic</ControlType>
    <FieldID>rbl_14RadioButton</FieldID>
    <Title>Type of Customer</Title>
    <X-Pos>281</X-Pos>
    <Y-Pos>17</Y-Pos>
    <Width>200</Width>
    <IsRequired>True</IsRequired>
    <IsPostBack>False</IsPostBack>
    <IsManageable>True</IsManageable>
    <RepeatColumns>1</RepeatColumns>
    <RepeatDirection>Horizontal</RepeatDirection>
    <IsWrap>False</IsWrap>
    <PreWrap>
    </PreWrap>
    <PostWrap>
    </PostWrap>
    <Dependency>
    </Dependency>
    <PrevRef>
    </PrevRef>
    <DependentID>
    </DependentID>
    <DataSource>XML</DataSource>
    <LISTITEMS>
      <LISTITEM Id="0" value="" DependentOn="0">Consumer</LISTITEM>
      <LISTITEM Id="1" value="" DependentOn="0">Corporate /  Business</LISTITEM>
    </LISTITEMS>
  </RadioButtonList>
  <TextBox>
    <Label>
      <Text>Lat and Long of fault location</Text>
    </Label>
    <ControlID>1</ControlID>
    <ControlType>Basic</ControlType>
    <FieldID>txt_14TextBox</FieldID>
    <Title>Lat and Long of fault location</Title>
    <X-Pos>385</X-Pos>
    <Y-Pos>458</Y-Pos>
    <Width>200</Width>
    <IsRequired>True</IsRequired>
    <IsPostBack>False</IsPostBack>
    <IsWrap>False</IsWrap>
    <PreWrap>
    </PreWrap>
    <PostWrap>
    </PostWrap>
    <TextMode>Singleline</TextMode>
    <IsType>AlphaNumeric</IsType>
    <MaxLength>50</MaxLength>
    <Dependency>
    </Dependency>
    <PrevRef>
    </PrevRef>
    <DependentID>
    </DependentID>
  </TextBox>
  <DropDownList>
    <Label>
      <Text>Issue</Text>
    </Label>
    <ControlID>2</ControlID>
    <ControlType>Basic</ControlType>
    <FieldID>ddl_2DropDown</FieldID>
    <Title>Issue</Title>
    <DependentID>
    </DependentID>
    <X-Pos>638</X-Pos>
    <Y-Pos>78</Y-Pos>
    <Width>200</Width>
    <IsRequired>True</IsRequired>
    <IsManageable>True</IsManageable>
    <IsPostBack>False</IsPostBack>
    <Dependency>False</Dependency>
    <IsWrap>False</IsWrap>
    <PreWrap>
    </PreWrap>
    <PostWrap>
    </PostWrap>
    <PrevRef>
    </PrevRef>
    <DataSource>XML</DataSource>
    <LISTITEMS>
      <LISTITEM Id="1" value="" DependentOn="0">No 2G</LISTITEM>
      <LISTITEM Id="2" value="" DependentOn="0">No 2.5G</LISTITEM>
      <LISTITEM Id="3" value="" DependentOn="0">No 3G</LISTITEM>
      <LISTITEM Id="4" value="" DependentOn="0">No 3G nor 2G</LISTITEM>
      <LISTITEM Id="5" value="" DependentOn="0">Poor 2G (Contstant)</LISTITEM>
      <LISTITEM Id="6" value="" DependentOn="0">Poor 2G (intermittent)</LISTITEM>
      <LISTITEM Id="7" value="" DependentOn="0">Poor 3G and 2G (Constant)</LISTITEM>
      <LISTITEM Id="8" value="" DependentOn="0">Poor 3G and 2G (intermittent)</LISTITEM>
      <LISTITEM Id="9" value="" DependentOn="0">Poor 3G (Contstant)</LISTITEM>
      <LISTITEM Id="10" value="" DependentOn="0">Poor 3G (intermittent)</LISTITEM>
      <LISTITEM Id="11" value="" DependentOn="0">National Roaming</LISTITEM>
    </LISTITEMS>
  </DropDownList>
  <TextBox>
    <Label>
      <Text>Post Code</Text>
    </Label>
    <ControlID>1</ControlID>
    <ControlType>Basic</ControlType>
    <FieldID>txt_15TextBox</FieldID>
    <Title>Post Code</Title>
    <X-Pos>421</X-Pos>
    <Y-Pos>403</Y-Pos>
    <Width>200</Width>
    <IsRequired>True</IsRequired>
    <IsPostBack>False</IsPostBack>
    <IsWrap>False</IsWrap>
    <PreWrap>
    </PreWrap>
    <PostWrap>
    </PostWrap>
    <TextMode>Singleline</TextMode>
    <IsType>Numeric</IsType>
    <MaxLength>4</MaxLength>
    <Dependency>
    </Dependency>
    <PrevRef>
    </PrevRef>
    <DependentID>
    </DependentID>
  </TextBox>
  <TextBox>
    <Label>
      <Text>dBm Level</Text>
    </Label>
    <ControlID>1</ControlID>
    <ControlType>Basic</ControlType>
    <FieldID>txt_16TextBox</FieldID>
    <Title>dBm Level</Title>
    <X-Pos>756</X-Pos>
    <Y-Pos>458</Y-Pos>
    <Width>200</Width>
    <IsRequired>True</IsRequired>
    <IsPostBack>False</IsPostBack>
    <IsWrap>False</IsWrap>
    <PreWrap>
    </PreWrap>
    <PostWrap>
    </PostWrap>
    <TextMode>Singleline</TextMode>
    <IsType>AlphaNumeric</IsType>
    <MaxLength>8</MaxLength>
    <Dependency>
    </Dependency>
    <PrevRef>
    </PrevRef>
    <DependentID>
    </DependentID>
  </TextBox>
  <DataScript>
    <IsUpdated>False</IsUpdated>
    <Array>
    </Array>
  </DataScript>
</FORMS>